mol_id,smiles,label,scaffold
TOX20800,CC(O)(P(=O)(O)O)P(=O)(O)O,0,
TOX5110,CC(C)(C)OOC(C)(C)CCC(C)(C)OOC(C)(C)C,0,
TOX6612,CC(C)COC(=O)C(C)C,0,
TOX6615,C=C(C)C(=O)OCCOC(=O)C(=C)C,0,
TOX1883,C#CCO,0,
TOX1885,CC(O)CC(C)(C)O,0,
TOX1886,CC(C)(C)CC(C)(C)N,0,
TOX1889,CC(=O)CC(C)C,0,
TOX1888,CCCC(C)=O,0,
TOX22187,CCCCNC(=S)NCCCC,0,
TOX22188,CCCCNC(=O)NCCCC,0,
TOX7875,CCCCCCCC/C=C\CCCCCCCC(=O)OC(CO)CO,0,
TOX27698,CC/C=C\CCCCO,0,
TOX10138,CC(=O)CCC(C)=O,0,
TOX21464,N#CCCNCCC#N,0,
TOX19719,O=[N+]([O-])[O-].O=[N+]([O-])[O-].[Ca+2],0,
TOX24911,CC(C)CCCCCOC(=O)CCS,0,
TOX24919,CCC(COC(=O)CCS)(COC(=O)CCS)COC(=O)CCS,0,
TOX9739,F[B-](F)(F)F.[H+],0,
TOX27158,CCCCCC(C)O,0,
TOX14836,[I-].[K+],0,
TOX5391,C/C=C/C=C/C=O,0,
TOX5395,C[Si](C)(C)N[Si](C)(C)C,0,
TOX4783,C=CC(=O)OCCCl,0,
TOX28632,O=C(O)/C=C(\CC(=O)O)C(=O)O,0,
TOX28635,CCCCC(=O)[O-],0,
TOX7019,CCCCCCCCCCCCCC(=O)OC,0,
TOX7014,CCCCCCC(C)O,0,
TOX22494,CCC[Si](OC)(OC)OC,0,
TOX3702,NCCNCCNCCN,0,
TOX4931,CCCCCNCCCCC,0,
TOX4284,COCC(C)O,0,
TOX173,ClCOCCl,0,
TOX179,CC(O)CNCC(C)O,0,
TOX21803,[Cu]I,0,
TOX21530,CCCCC(CC)CCC(CC(C)C)OS(=O)(=O)[O-],0,
TOX6867,O=C(O)CCCCCCCCC(=O)O,0,
TOX6864,CCCCCCCC(=O)OC,0,
TOX6863,CC(O)COCC(C)O,0,
TOX22379,CO[Si](C)(C)OC,0,
TOX1553,CCCCCCCCCC=O,0,
TOX1557,BrCBr,0,
TOX27484,O.O.O.O.O.O.O=[N+]([O-])[O-].O=[N+]([O-])[O-].[Mg+2],0,
TOX27487,CCCCCCCCCOS(=O)(=O)[O-],0,
TOX7244,CCC(Cl)CCl,0,
TOX24615,C=CC(=O)OCCOC(=O)C=C,0,
TOX24616,CCCC[P+](CCCC)(CCCC)CCCC,0,
TOX24619,CCCCCCCCNC,0,
TOX761,C=CC(=C)C,0,
TOX762,CC(C)O,0,
TOX17072,CCCC(CCC)C(=O)[O-],0,
TOX27875,CC(C)C[P+](C)(CC(C)C)CC(C)C,0,
TOX27876,CCCCCCCC[P+](CCCCCCCC)(CCCCCCCC)CCCCCCCC,1,
TOX5079,CC(C)CNCC(C)C,0,
TOX545,NC(=S)NNC(N)=S,0,
TOX546,NC(=S)C(N)=S,0,
TOX14816,CNC(=O)/C=C(\C)OP(=O)(OC)OC,0,
TOX27670,CC=CC(=O)CC,0,
TOX9710,O=P(Cl)(Cl)Cl,0,
TOX1761,CC(N)CN,0,
TOX1762,CCC(C)O,0,
TOX1764,CC(O)CN,0,
TOX20540,COC(=O)[C@@H](N)CCCN/C(N)=N/[N+](=O)[O-],0,
TOX24935,CC(=O)O[Cr](O)OC(C)=O.CC(=O)O[Cr](O)OC(C)=O.CC(=O)O[Cr](OC(C)=O)OC(C)=O,0,
TOX24931,C=C(C)C(=O)OCCNC(C)(C)C,0,
TOX25084,O=C(O)[C@@H](S)[C@H](S)C(=O)O,0,
TOX7032,CC(C)(N)CO,0,
TOX7036,CC(C)(CO)CO,0,
TOX7034,O=[N+]([O-])C(CO)(CO)CO,0,
TOX3722,O=[N+]([O-])OCCN(CCO[N+](=O)[O-])CCO[N+](=O)[O-],0,
TOX3723,NC(CO)(CO)CO,0,
TOX24428,CO[Si](CCCS)(OC)OC,0,
TOX24423,C[N+](C)=CCl,0,
TOX24425,COC(=O)CCC(=O)O,0,
TOX29361,O=[Zr](Cl)Cl,0,
TOX3270,CN(C)C(=N)NC(=N)N,0,
TOX419,CCCC[Sn](CCCC)(OC(C)=O)OC(C)=O,1,
TOX21550,CC(C)=CCC[C@H](C)CCO,0,
TOX6802,CC(C)CC(O)CC(C)C,0,
TOX24916,C=C(C)C(=O)OCCOP(=O)(O)OCCOC(=O)C(=C)C,0,
TOX11492,C=C(C)OC(C)=O,0,
TOX4097,CCCCOCCO,0,
TOX4091,CCCN(CCC)C(=O)SCC,0,
TOX6059,N#CCCC#N,0,
TOX1575,CC(Cl)(Cl)C(=O)O,0,
TOX1576,CC(=O)C(Cl)Cl,0,
TOX1520,CCCCOCCOCCOCCO,0,
TOX1863,CCOC(=O)CC(=O)OCC,0,
TOX2008,CCCCCCCCCO,0,
TOX2009,CCCCCCNCCCCCC,0,
TOX2004,ClCCCCl,0,
TOX2006,CCCCCCOC(C)=O,0,
TOX5055,CCCCC(CC)COC(=O)CCCCCCCCC(=O)OCC(CC)CCCC,0,
TOX5050,NCCNCCN,0,
TOX32,NC(=O)CCCCC(N)=O,0,
TOX39,CNC(=O)ON=CC(C)(C)SC,0,
TOX703,NN,0,
TOX833,COC(C)(C)C,0,
TOX834,COC(N)=O,0,
TOX8956,CCCCCCCCCCCCCCCCCCOCC(O)CO,0,
TOX7528,CSCCC=O,0,
TOX7529,CC(C)(C)C(=O)Cl,0,
TOX7832,CCCCC(CC)COC(=O)Cl,0,
TOX7525,CCCCC(CC)C(=O)[O-],0,
TOX7835,C/C=C/C=C/C(=O)[O-],0,
TOX27659,CCCCCC=CCC(=O)OC,0,
TOX27651,CCCCCCCCC(=O)OCC,0,
TOX27655,CCCCCCCC#N,0,
TOX27654,CCCCCCCCCCCCCC(=O)OCC,0,
TOX27657,CCCCCCC(O)CCOC(C)=O,0,
TOX27656,C=CCCCCCCCCO,0,
TOX27035,CCCCCCC/C=C/C=O,0,
TOX27030,C[C@@H](O)C(=O)O,0,
TOX4674,CCCCOCCOCCSC#N,0,
TOX1902,BrCCCBr,0,
TOX1291,O=S(=O)([O-])[O-].[Na+].[Na+],0,
TOX5603,CNCCO,0,
TOX26924,COC(=O)CCC[N+](C)(C)C,0,
TOX22232,CC(CC=O)CCCC(C)(C)O,0,
TOX16690,CC(C)COC(=O)CCCCC(=O)OCC(C)C,0,
TOX7543,CCN(O)CC,0,
TOX13754,C=CC(=O)NC(C)C,0,
TOX27003,[O-][Cl+3]([O-])([O-])[O-],0,
TOX1032,CCCN(CCC)N=O,0,
TOX9108,C[N+](C)(C)C,0,
TOX24400,CCCC[N+](CCCC)(CCCC)CCCC,0,
TOX24402,CC(=O)CC(=O)OC(C)(C)C,0,
TOX24405,N=C(N)NN,0,
TOX24404,OCCSSCCO,0,
TOX24409,ClCCCCCCCl,0,
TOX131,[Ba+2],1,
TOX5849,C=CCCC,0,
TOX21573,CCOC(=O)CP(=O)(OCC)OCC,0,
TOX21575,O=C(O)COCC(=O)O,0,
TOX2666,C[N+](C)(C)CC(=O)[O-],0,
TOX5595,C=CC(=O)NCNC(=O)C=C,0,
TOX14997,CCCCCCCCCCCCCC[P+](CCCC)(CCCC)CCCC,1,
TOX6824,CCCCS,0,
TOX26713,C[S+](C)CCC(N)C(=O)O,0,
TOX22007,CCCCCC[C@@H](O)C/C=C\CCCCCCCC(=O)OCC(O)CO,0,
TOX22006,CCCCCCCC(=O)OCC(O)CO,0,
TOX7997,C=CCN(CC=C)C(=O)C(Cl)Cl,0,
TOX7991,CCCCCCCCCCCCCCCCO,0,
TOX20712,CC[Sn](Br)(CC)CC,1,
TOX24879,CCC(CO)(CO)COCC(CC)(CO)CO,0,
TOX24870,C=C(C)C(=O)OCCCCOC(=O)C(=C)C,0,
TOX24655,CCCCCCCCCCCC(=O)N(CC)CC,0,
TOX24873,C=CC(=O)OCCCCCCCCCC,0,
TOX24875,CN(C)CCN(C)CCO,0,
TOX6228,CCOP(=O)(OCC)OCC,0,
TOX6223,CC(=O)OCCOCCOCCOC(C)=O,0,
TOX9904,OCCC(F)(F)C(F)(F)C(F)(F)C(F)(F)C(F)(F)C(F)(F)C(F)(F)C(F)(F)F,0,
TOX728,NNCCO,0,
TOX12459,CCOP(=S)(OCC)SCSCC,0,
TOX5100,C=CC(=O)OCCN(C)C,0,
TOX5102,CN(C)CCCN,0,
TOX583,C=CC(=O)OCC,0,
TOX1821,CCC(C)=NO,0,
TOX1820,CCC(=O)CC,0,
TOX8974,CCCC(C)CC,0,
TOX7504,C=C(C)C(=O)OCCN(C)C,0,
TOX7500,CCCOCCO,0,
TOX7509,COC(=O)CCS,0,
TOX26016,N=C(N)NN.N=C(N)NN,0,
TOX27639,CCCCCCC#CC(=O)OC,0,
TOX27637,CCCCCC/C=C/C(=O)OC,0,
TOX27636,CCCCCCCC(=O)OCCCCCC,0,
TOX27633,CCCCCCCC/C=C\CCCCCCCC(=O)OCC,0,
TOX27631,C/C=C/C=C/CO,0,
TOX1644,O=C(O)CCCCCCC(=O)O,0,
TOX9755,CCCCOC(O)CC,0,
TOX6031,CCCCCCCCCCCCOS(=O)(=O)[O-],0,
TOX6033,CCCCC(CC)COS(=O)(=O)[O-],0,
TOX2906,CC(C)(CO)[C@@H](O)C(=O)NCCCO,0,
TOX27413,C/C=C(\C)C(=O)OC/C=C(\C)CCC=C(C)C,0,
TOX22218,CCCCCOC(=O)CCCC,0,
TOX27145,CC(C)=CC(=O)O,0,
TOX22215,CCCCCCCCC(=O)Cl,0,
TOX27414,CC=CC=CCOC(=O)C(C)C,0,
TOX27418,CC/C=C\CCOC(C)OCC,0,
TOX28944,COC(=O)C(Cl)C(=O)OC,0,
TOX28946,NCCC[C@H](N)C(=O)O,0,
TOX4681,CC(C)(C)N,0,
TOX7341,NCCOCCO,0,
TOX17757,C=CCCCCCCCCC=O,0,
TOX24469,NCCOS(=O)(=O)O,0,
TOX118,[N-]=[N+]=CC(=O)OC[C@H](N)C(=O)O,0,
TOX449,COP(=O)(OC)OC=C(Cl)Cl,0,
TOX448,CC(Cl)CCl,0,
TOX13445,CN(C)CCCNCCCN,0,
TOX5824,Cl[Pd]Cl,0,
TOX4991,ClC=CCl,0,
TOX15592,CCCCCCCC/C=C/CCCOC(C)=O,0,
TOX26732,O=S(=O)([O-])CCCS(=O)(=O)[O-],0,
TOX4331,[TlH2+],0,
TOX7975,C=C(C)C(=O)OCCCCCCCCCCCCCCCCCC,0,
TOX4051,CC(C)OP(C)(=O)OC(C)C,0,
TOX4055,COS(=O)(=O)OC,0,
TOX7163,CNC,0,
TOX27178,CCCCCCCCCCCCCCCCCC(=O)OCC(CC)CCCC,0,
TOX27179,CCCCCCCCCCCCCCCCCC(=O)OCCCCCCCCCCCCCC(C)C,0,
TOX27173,CC(C)(CO)[C@@H](O)C(=O)NCCC(=O)[O-],0,
TOX28885,CC(=O)NC(CCC(N)=O)C(=O)O,0,
TOX28556,CCC(CN)CC(C)CCNCC(O)CNCC(C)CC(CC)CN,0,
TOX28888,O=P([O-])([O-])OC(CO)CO,0,
TOX24679,CCCCCCCCP(=O)(O)O,0,
TOX5012,C=C(Cl)CCl,0,
TOX5010,OC(CCl)CCl,0,
TOX24508,Cl[Ba]Cl,1,
TOX25107,O=C(O)CP(=O)(O)O,0,
TOX79,O=C([O-])CC(O)(CC(=O)O)C(=O)[O-],0,
TOX4836,CC(C)=CCCC(C)=CC=O,0,
TOX306,ClC(Cl)Cl,0,
TOX7561,COC(=O)CCSCCC(=O)OC,0,
TOX7565,CC(=O)O[Si](C)(OC(C)=O)OC(C)=O,1,
TOX300,ClC(Br)Br,0,
TOX6783,NC(=O)NC(N)=O,0,
TOX6781,CC(C)CC(C)O,0,
TOX24854,C=COCCCCO,0,
TOX20693,CC(=O)O[C@H](CC(=O)[O-])C[N+](C)(C)C,0,
TOX7367,C=CCCCCCCCCCCCC,0,
TOX7360,NC(=O)[O-],0,
TOX7361,CC(C)(CO)COC(=O)C(C)(C)CO,0,
TOX683,ClC(Cl)=C(Cl)C(Cl)=C(Cl)Cl,0,
TOX7092,CCOC(=O)CC(C)=O,0,
TOX7094,CCCCC(CC)COC(=O)/C=C\C(=O)OCC(CC)CCCC,0,
TOX7096,CC(C)(O)C#CC(C)(C)O,0,
TOX7097,CC(=O)[O-].CC(=O)[O-].[Mg+2],0,
TOX7098,O=C(O)CNCC(=O)O,0,
TOX689,ClC(Cl)(Cl)C(Cl)(Cl)Cl,0,
TOX24448,C=CCCC(=O)O,0,
TOX21125,[Na]I,0,
TOX24446,C[N+](C)(C)CC(=O)O,0,
TOX24443,CCCC[N+](C)(CCCC)CCCC,0,
TOX29354,BrCCCCCBr,0,
TOX468,O=CNNC=O,0,
TOX466,CCNC(=S)NCC,0,
TOX464,CCOC(=O)/C=C\C(=O)OCC,0,
TOX463,CCN(C=O)CC,0,
TOX462,OCCOCCO,0,
TOX6418,CC(C)(C)S,0,
TOX5809,CCCCCCCC/C=C\CCCCCCCC(=O)O,0,
TOX5804,C=CCCCCCC,0,
TOX14957,CCOP(=O)(OCC)OP(=O)(OCC)OCC,0,
TOX4311,O=C([O-])CF,0,
TOX7959,CCCCOCC(C)OCC(C)O,0,
TOX7950,C=CC(=O)OCCOCC(CC)(COCCOC(=O)C=C)COCCOC(=O)C=C,0,
TOX7955,C=CC(=O)OCCCCCC(C)C,0,
TOX4031,Cl/C=C/Cl,0,
TOX4030,Cl/C=C\Cl,0,
TOX4038,OCC(Cl)CCl,0,
TOX6446,CCCCOC(=O)CC(CC(=O)OCCCC)(OC(C)=O)C(=O)OCCCC,0,
TOX7122,COC(OC)OC,0,
TOX27405,CCCC(=O)OCCC(C)CCC=C(C)C,0,
TOX27155,N[C@@H](CCC(=O)O)C(=O)O,0,
TOX27152,CCCC(=O)OC/C=C(\C)CCC=C(C)C,0,
TOX24831,CCCCOC(=O)C(C)OC(=O)CCC,0,
TOX24832,COC(C=C(C)CCC=C(C)C)OC,0,
TOX24839,C=C[Si](OC(=C)C)(OC(=C)C)OC(=C)C,0,
TOX2605,CC(C)CCON=O,0,
TOX2062,CC(=O)C(C)C,0,
TOX18725,CCCCCCCCCCCCCCBr,0,
TOX899,O=[Mo](=O)=O,0,
TOX7133,CCOP(=S)(S)OCC,0,
TOX7137,CCCCCCCC/C=C\CCCCCCCC(N)=O,1,
TOX7134,CCCCC(CC)COP(=O)(O)OCC(CC)CCCC,1,
TOX1866,CCCCOC(=O)CCCCC(=O)OCCCC,0,
TOX325,C[N+](C)(C)CCO,0,
TOX326,O=[Cr]O[Cr]=O,0,
TOX327,[Cr+3],0,
TOX7544,CC=CC(=O)O,0,
TOX21256,OCCCCCO,0,
TOX27527,CCCCCCCCCCCC(=O)OCC(C)OC(=O)CCCCC(=O)O,0,
TOX6224,COCCOCCOCCOC,0,
TOX2886,C[N+](C)(C)CCCCCCCCCC[N+](C)(C)C,0,
TOX22254,CCCCCCCCCCCCCCCC(=O)NCCO,0,
TOX27093,CCCCCC#CC(=O)OC,0,
TOX1277,C/C=C/C=C/C(=O)O,0,
TOX2956,CCN(CC)C(=S)[S-],0,
TOX9062,CCC(OCCCOC)OC(C)=O,0,
TOX7304,C[Sn](C)(Cl)Cl,0,
TOX7308,CCCCC(CC)C(=O)Cl,0,
TOX7309,CCOCCC(=O)OCC,0,
TOX27408,COC(=O)CC(C)CCC=C(C)C,0,
TOX664,OCC(O)CCl,0,
TOX24389,COC(C)(C)CCO,0,
TOX662,OCC(O)CO,0,
TOX9688,[Fe+2],0,
TOX6436,CC(C)(CO)[N+](=O)[O-],0,
TOX5220,CCCCCCCCCCCCS,0,
TOX3101,N[C@@H](CCC(=O)N[C@@H](CS)C(=O)NCC(=O)O)C(=O)O,0,
TOX6880,CC(=O)OCCOC(C)=O,0,
TOX6881,CCCCCCCCCCCCCCCCCC(=O)OCCO,0,
TOX6882,CCCCCCCC,0,
TOX6889,CCCCCCCCCCCC(=O)OC,0,
TOX9619,N#C[S-],0,
TOX1340,CC(N)=S,0,
TOX29273,CCCCCCCCCCCCCCCCI,0,
TOX29275,CCC(C)(C)CC,0,
TOX4370,CC(C)CC(C)(C)C,0,
TOX4376,CCCSC(=O)N(CCC)CCC,0,
TOX1413,O=P(OCC(Br)CBr)(OCC(Br)CBr)OCC(Br)CBr,1,
TOX4014,ClC(Cl)(Br)Br,0,
TOX21440,CCC(C)COC(=O)CC(C)C,0,
TOX27134,CC=CC(=O)CCCC,0,
TOX27132,CSCCCN=C=S,1,
TOX5427,CC(C)(O)C#N,0,
TOX5424,[NH3+]O.[NH3+]O,0,
TOX5423,NCCNCCO,0,
TOX3734,CCCC(CCC)C(N)=O,0,
TOX1427,CCOC(N)=O,0,
TOX1426,NC(N)=O,0,
TOX9210,CCCC[Sn](Cl)(Cl)Cl,0,
TOX9217,CCCOCC(C)O,0,
TOX24818,CCCCCCC(CO)CCCC,0,
TOX28513,CC(C)(S)C(=O)N[C@@H](CS)C(=O)O,0,
TOX24815,CCCCOC(=O)CCCCCCCC(=O)OCCCC,0,
TOX4442,C=CCBr,0,
TOX4447,C=CCOC(=O)CCCCCCCC,0,
TOX4448,C=CCSSCCC,0,
TOX4449,C=CCNC(N)=S,0,
TOX7113,CC(C)C(O)C(C)(C)CO,0,
TOX24760,Cl[Nd](Cl)Cl,0,
TOX7388,CC(C)CCCCCOC(=O)CCCCC(=O)OCCCCCC(C)C,0,
TOX21270,CC(=O)OCCC(C)CC(C)(C)C,0,
TOX340,[Co+2],0,
TOX21275,CCCCCCCCCCCC(=O)OCC(O)CO,0,
TOX1653,CCCCC=O,0,
TOX1654,O=C(O)CCCC(=O)O,0,
TOX5279,C=C(C#N)C(=O)OCC,0,
TOX20656,CC(C)C(Br)C(=O)NC(N)=O,0,
TOX26051,OC[C@H](O)[C@@H](O)[C@@H](O)[C@H](O)CO,0,
TOX7328,O=S(=O)([O-])CO,0,
TOX24489,CC(=O)C(Cl)C(=O)N(C)C,0,
TOX13649,COC(=O)CC#N,0,
TOX24484,CC(C)CCCCCCN,0,
TOX24486,CC(C)NC(=O)NC(C)C,0,
TOX17734,CCCCCCCCCCCCCCC(Br)C(=O)O,1,
TOX24375,C=CCOCC(O)CO,0,
TOX7386,C=CC(=O)OCCCCCCCC(C)C,0,
TOX24378,CCCCC(CC)COC(=O)CC#N,0,
TOX6183,CCCCN(CCCC)CCCC,0,
TOX2743,O=NN(CCCl)C(=O)NCCCl,0,
TOX5113,CC(C)CC(C)N,0,
TOX428,O=C(O)C(Cl)Cl,0,
TOX1980,CCCCCC(=O)OCC,0,
TOX1982,CCCCOC(C)=O,0,
TOX1986,CCCCOP(=O)(OCCCC)OCCCC,0,
TOX7916,CCC(C)(CCC(C)C)C(=O)O,0,
TOX15206,C=CCSSCC=C,0,
TOX15204,C=C(C)C(=O)O[Sn](CCCC)(CCCC)CCCC,1,
TOX21424,CC(C)CCCC(C)(C)O,0,
TOX21425,CCC/C=C/C=O,0,
TOX1901,CCCOC(C)=O,0,
TOX27117,Cl[Yb](Cl)Cl,0,
TOX5401,C=CC(=O)OCCCCCCOC(=O)C=C,0,
TOX8120,C=CC(C)(C)CC(=O)OC,0,
TOX5402,C=CCCCC,0,
TOX5406,C=C(C)C(=O)OCCCCCC,0,
TOX9189,N=C(N)N.N=C(N)N.O=C(O)O,0,
TOX9182,CC(C)CC(=O)O,0,
TOX1596,CCCCCCCCCCCCCCCCC(=O)O,0,
TOX14005,NS(=O)(=O)O,0,
TOX11521,[PbH2+2],0,
TOX9230,CC(C)(C)N(CCO)CCO,0,
TOX9231,CC(CO)CO,0,
TOX9236,C=C(C)C(=O)OCCCCCCCCCCCCC,0,
TOX9237,C=C(C)C(=O)OCCC[Si](OC)(OC)OC,0,
TOX9234,C=CC(C)CCC=C(C)C,0,
TOX9235,C=CCCCCCCCCCCC,0,
TOX20461,OCC(S)CS,0,
TOX1156,CCN(CC)C(=O)C(Cl)=C(C)OP(=O)(OC)OC,0,
TOX24511,CCCOC(=O)CCCCC(=O)OCCC,0,
TOX2171,CCCCCCCCCCN,0,
TOX24747,CCCCNP(N)(N)=S,0,
TOX24740,CC(C)OC(=O)CCC(=O)OC(C)C,0,
TOX23919,OC[C@H](O)[C@H](O)CO,0,
TOX24365,CC(C)(C)NC(N)=O,0,
TOX6900,CCCCCCCCCCCC[N+](C)(C)C,0,
TOX21289,CCCCCCCCCCCCCC[N+](C)(C)C,1,
TOX24493,CCO[Si](CCCNC(N)=O)(OCC)OCC,0,
TOX27581,CCCCCOC(=O)CCCCC,0,
TOX27582,CCCCCCOC(=O)CC,0,
TOX27585,CC/C=C\CCOC(=O)C(C)C,0,
TOX27587,CC/C=C\CCCCCO,0,
TOX21981,O=C(O)CF,0,
TOX28670,ClCCN(CCCl)CCCl,0,
TOX29346,CCCCCCCCCCCCCC/C(O)=N\C(CO)CCCCCCCCCCCCCC,0,
TOX6472,O=C(Cl)CCl,0,
TOX622,[Fe+3],0,
TOX12578,CS/C(C)=N/OC(=O)N(C)SN(C)C(=O)O/N=C(\C)SC,0,
TOX199,CCBr,0,
TOX198,ClC(Cl)Br,0,
TOX194,OB(O)O,0,
TOX3632,O=C(O)[C@H](O)[C@@H](O)C(=O)O,0,
TOX7640,O=C(O)CC(O)C(=O)O,0,
TOX21400,CCCCC(CC)(CO)CO,0,
TOX27466,CC(C)OCCO,0,
TOX5469,CC(C)CCO,0,
TOX5461,C=C(C)C(=O)OCC(C)C,0,
TOX1547,CC(=O)CCl,0,
TOX20111,CCCC(=O)OCC,0,
TOX20110,CCOC(=O)CC,0,
TOX20114,C=CC(=O)NC(C)(C)C,0,
TOX5096,COC(=O)CCCCC(=O)OC,0,
TOX1390,ClCC(Cl)CCl,0,
TOX1393,OCCOCCOCCO,0,
TOX1392,OCCN(CCO)CCO,0,
TOX14490,N#CN,0,
TOX2159,C=CCCCCCCC=C,0,
TOX2153,CCCC[Sn](CCCC)(CCCC)CCCC,1,
TOX13566,Cl[In](Cl)Cl,0,
TOX24725,CCCCOC(=O)CO,0,
TOX17672,CCCC(=O)[O-],0,
TOX24721,CN(C)C(C)(C)CO,0,
TOX3825,[As]#[In],0,
TOX22406,COS(=O)(=O)[O-],0,
TOX18831,COCCOC(=O)CC#N,0,
TOX1767,COC(C)=O,0,
TOX24603,N#CCCN(CCO)CCO,0,
TOX21234,N#CCCCC(C#N)CCC#N,0,
TOX12878,CC(O)CC(C)O,0,
TOX26614,FCOC(C(F)(F)F)C(F)(F)F,0,
TOX26613,FC(F)(F)C(F)(F)C(F)(F)C(F)(F)C(F)(F)F,0,
TOX26820,CCCCC/C=C\C/C=C\CCCCCCCC(=O)OCC,0,
TOX24938,C=C[Si](OC(C)=O)(OC(C)=O)OC(C)=O,0,
TOX4621,COCCOCCOC,0,
TOX8038,CCCCNC(=O)OCC#CI,1,
TOX4629,COC(=O)/C=C/C=C(C)/C=C/C=C(C)/C=C/C=C(C)/C=C/C=C(C)\C=C/C(=O)O,0,
TOX20614,CC(=O)C(=O)[O-],0,
TOX20611,COCCCCCCCCOCCC[Si](C)(O[Si](C)(C)C)O[Si](C)(C)C,1,
TOX28472,O=S(=O)([O-])[O-].[Li+].[Li+],0,
TOX28474,CCCCCBr,0,
TOX1615,CS(=O)(=O)Cl,0,
TOX5286,COCCOC,0,
TOX5285,CCOCCOCC,0,
TOX13179,O=C(O)CCC(=O)C(=O)O,0,
TOX977,C[N+](=O)[O-],0,
TOX605,CCCCC(CC)CO,0,
TOX9059,FC(F)(F)C(F)(F)C(F)(F)C(F)(F)C(F)(F)C(F)(F)C(F)(F)C(F)(F)C(F)(F)C(F)(F)F,0,
TOX24796,C=CC(=O)O[Sn](CCCC)(CCCC)CCCC,1,
TOX5046,CCCCOCCOCCOCCCC,0,
TOX1946,CCCCCCCCCCO,0,
TOX1947,CCCCCCCCCCCCCO,0,
TOX1940,CCCCCCCCO,0,
TOX1941,CCOCCOCCO,0,
TOX1943,CCCCCCCCCC(C)=O,0,
TOX4394,CC(=O)O,0,
TOX4395,CC(=O)OC(C)=O,0,
TOX4399,CC(=O)C(C)O,0,
TOX21396,CCC(C)S,0,
TOX6935,CCCCCCCCCCCCCCCCCCO,0,
TOX9149,CCCCCCCCCCCCCCCC(=O)OC,0,
TOX9145,COC(=O)CC(=O)OC,0,
TOX9143,CCCC(C)C,0,
TOX14042,CCCCCCCC[N+](CCCCCCCC)(CCCCCCCC)CCCCCCCC,1,
TOX26869,CNC(C)CCC=C(C)C,0,
TOX1378,O=C(O)C(Cl)(Cl)Cl,0,
TOX1377,FC(F)(Cl)C(F)(Cl)Cl,0,
TOX1375,CCCCCCCC(=O)OCC(COC(=O)CCCCCCC)OC(=O)CCCCCCC,0,
TOX1374,BrC(Br)Br,0,
TOX2138,CC/C=C/CCO,0,
TOX2137,CC/C=C\CCO,0,
TOX3846,COP(=O)(NC(C)=O)SC,0,
TOX24252,CC(C)CCCC(=O)O,0,
TOX13896,ClP(Cl)(Cl)(Cl)Cl,0,
TOX13326,CCC(Cl)CC(Cl)C(Cl)C(Cl)C(Cl)C(C)Cl,0,
TOX18810,C=C[Si](C)(C)O[Si](C)(C)C=C,0,
TOX3261,CCCC(C)(COC(N)=O)COC(N)=O,0,
TOX25079,O=C([O-])[C@H](O)[C@@H](O)[C@H](O)[C@H](O)CO.O=C([O-])[C@H](O)[C@@H](O)[C@H](O)[C@H](O)CO.[Ba+2],0,
TOX25078,O=C(CO)[C@@H](O)[C@H](O)[C@@H](O)C(=O)[O-].O=C(CO)[C@@H](O)[C@H](O)[C@@H](O)C(=O)[O-],0,
TOX6729,CCCC(=O)OC(=O)CCC,0,
TOX6728,CC(C)=CCC/C(C)=C\CO,0,
TOX6725,CCCCCCC(O)CCCCCCCCCCC(=O)O,0,
TOX6727,CC(C)=CCC/C(C)=C/CO,0,
TOX6726,CC(C)=CCCC(C)CCO,0,
TOX15491,CCCCCCCC[N+](C)(C)CCCCCCCC,1,
TOX29378,CCCCON=O,0,
TOX27124,CCCCCCCOC(C)=O,0,
TOX4641,OCC(CBr)(CBr)CBr,0,
TOX4644,O=C(O)C(Cl)(Cl)Br,0,
TOX29095,NC(CCC(=O)O)C(=O)O,0,
TOX29096,OCCCCCCCl,0,
TOX21610,O=C[C@@H](O)[C@H](O)[C@H](O)CO,0,
TOX1584,CC(C)=CC(=O)C=C(C)C,0,
TOX1585,CC(C)(CCC(=O)O)C(=O)O,0,
TOX1586,CC(=O)CCC=C(C)CCC=C(C)C,0,
TOX1581,CC(C)(CC(=O)O)C(=O)O,0,
TOX1583,CC(=O)C(C)=O,0,
TOX9607,C=C(C)C(=O)OCCOCCOCCOC(=O)C(=C)C,0,
TOX9606,CC(C)=CC=O,0,
TOX6125,CC(C)(C#N)C(C)(C)C#N,0,
TOX6122,CN(C)CCN(C)C,0,
TOX5117,CSSC,0,
TOX1638,CC(Cl)(Cl)[N+](=O)[O-],0,
TOX1639,CCCCCCCCC=O,0,
TOX1636,CC(C)C(=O)O,0,
TOX1637,O=[N+]([O-])C(Br)Br,1,
TOX1634,CCC(C)C(C)=O,0,
TOX1635,CC(C)C=O,0,
TOX1632,CC(CCC(=O)O)C(=O)O,0,
TOX1633,CCCC(C)C(=O)O,0,
TOX24390,CNC(=S)NN,0,
TOX24393,CC(=N\O)/C(C)=N/O,0,
TOX28637,CC(=O)N[C@@H](C=O)[C@H](O)[C@H](O)[C@@H](O)CO,0,
TOX24397,O=S(=O)(O)C(F)(F)F,0,
TOX24396,COCCOCCOCCOCCOC,0,
TOX22490,CCO[Si](C)(OCC)OCC,0,
TOX7297,O=C(O)CCCCCCCCCCC(=O)O,0,
TOX7294,CCC(C)NC(N)=O,0,
TOX7295,CCSCCCl,0,
TOX7292,CCCC[Sn](Cl)(Cl)CCCC,1,
TOX7291,CO[Si](OC)(OC)OC,0,
TOX3986,[C-]#N.[Cu+],0,
TOX7749,CC(C)(C)C(=O)CCl,0,
TOX7747,CCC(C)(C#N)/N=N/C(C)(C#N)CC,0,
TOX3678,CC(S)C(=O)NCC(=O)O,0,
TOX15001,C=CCCCCCCCCC(=O)O,0,
TOX226,[Cd+2],0,
TOX222,CCCCNC(N)=O,0,
TOX21370,CC(O)C(CO)C(C)O,0,
TOX21371,COCCOCCOCCOCCOCCO,0,
TOX29140,CC(CC(=O)Cl)CC(C)(C)C,0,
TOX15266,CC/C=C\CCCCCCCCCCOC(C)=O,0,
TOX5307,CC/C=C/C/C=C/C/C=C/CCCCCCCC(=O)OCC,1,
TOX5934,C=C(C)C(=O)OCC(C)O,0,
TOX1938,CCCCCCCCBr,0,
TOX6918,CCCCCCCCCCCCO,0,
TOX6914,C=CCCCCCCCCCC,0,
TOX6915,CCCCCCCCCCCO,0,
TOX6912,COCCOCCOCCO,0,
TOX6913,CCCCCCCCCCCC,0,
TOX20154,C=C(C)C(=O)NCCCN(C)C,0,
TOX7530,C=C(C)C(=O)OCC(CC)(COC(=O)C(=C)C)COC(=O)C(=C)C,0,
TOX24897,CCC(CO)CO,0,
TOX24894,CC(CN)CC(C)(C)CCN,0,
TOX24899,CC(C)CC(C)(N)C#N,0,
TOX9167,CNC(=S)[S-],0,
TOX9164,CC(C)COC(=O)CC(C(=O)OCC(C)C)S(=O)(=O)[O-],0,
TOX9160,CCCCCCCCCCCCCCCCCC(=O)OCC(O)CO,0,
TOX1351,[SnH2+2],0,
TOX4185,COC(=O)Cl,0,
TOX9298,CCCCCCCCCCCCOCCOS(=O)(=O)[O-],0,
TOX9299,CCCCCCCCCCCCCCCCCCOCCO,0,
TOX7195,CCCCCCCCCCCCCCCC,0,
TOX7197,COC(=O)C(C)O,0,
TOX3862,CNC(=O)O/N=C/C(C)(C)S(C)(=O)=O,0,
TOX2113,C=CC(Cl)CCl,0,
TOX3244,CNC[C@H](O)[C@@H](O)[C@H](O)[C@H](O)CO,0,
TOX25053,C[N+](C)(C)CCCCCC[N+](C)(C)C,0,
TOX12077,O=[Se]([O-])[O-],0,
TOX24807,COC(=O)CCCCCCCC(=O)OC,0,
TOX22315,CCOC(=S)[S-],0,
TOX24800,CCCCN(CCCC)C(=S)[S-],0,
TOX29356,CCCCCCCCCCCCCCCCBr,0,
TOX29355,CC(C)(C)C(=O)CC(=O)C(C)(C)C,0,
TOX24485,CCOC(=O)C=CC(=O)O,0,
TOX21580,N#CCNCC#N,0,
TOX27529,CC(=O)NCCCS(=O)(=O)[O-].CC(=O)NCCCS(=O)(=O)[O-],0,
TOX4666,OCCCCO,0,
TOX4664,CCCC=NO,0,
TOX6107,C=CC(=O)OCCOCCOCCOCCOC(=O)C=C,0,
TOX9626,O=C[O-],0,
TOX1658,CCC=O,0,
TOX1659,O=C(O)CC(=O)O,0,
TOX1650,CC(=O)C(=O)O,0,
TOX1652,CCCCCCCCCCCCCCC(=O)O,0,
TOX1655,CCCCC(=O)O,0,
TOX937,O=[N+]([O-])[O-].[Na+],0,
TOX939,O=C(O)CN(CC(=O)O)CC(=O)O,0,
TOX2306,CCOP(=O)(OCC)SCCSCC,0,
TOX24320,CCNCC,0,
TOX7764,CCCCCCCCCC(=O)N(C)C,0,
TOX7768,C=CC(=O)[O-].C=CC(=O)[O-].[Zn+2],0,
TOX200,OCCBr,0,
TOX21357,CCCCC/C=C\C=C\C(=O)OCC,1,
TOX8683,CC(C)CCCO,0,
TOX15286,CC/C=C/CCCCCCCCCCOC(C)=O,0,
TOX15285,C/C=C/C/C=C\CCCCCCCCOC(C)=O,0,
TOX15288,C/C=C/C=C/CCCCCCCO,0,
TOX24779,C=CC(=O)OCCCCOC(=O)C=C,0,
TOX29298,CCCCCCI,0,
TOX29296,CCCCCCCCCCCCCCCBr,0,
TOX29290,CCCOC(=O)C(C)O,0,
TOX6689,CC(O)CN(CCN(CC(C)O)CC(C)O)CC(C)O,0,
TOX6457,CC(C)(C#N)/N=N/C(C)(C)C#N,0,
TOX5481,CC(C)S,0,
TOX26824,C[Se]CC[C@H](N)C(=O)O,0,
TOX22117,CCOC(=O)N(C)C(=O)CSP(=S)(OCC)OCC,0,
TOX27192,CC/C=C\CC/C=C/CO,0,
TOX27193,C=C(C)CCC[C@H](C)CCO,0,
TOX27198,CCCC(C)C(=O)OCC,0,
TOX1332,CN(C)C(=S)SSC(=S)N(C)C,1,
TOX1334,O=[N+]([O-])C([N+](=O)[O-])([N+](=O)[O-])[N+](=O)[O-],0,
TOX5308,C=C(C)C(=O)OCC,0,
TOX5309,CCOS(C)(=O)=O,0,
TOX24632,COP(=O)(O)OP(=O)(O)OC,0,
TOX5303,CCCCC(CC)COCCC#N,0,
TOX6769,C[Si](C)(C)O[Si](C)(C)C,0,
TOX6765,C=C(C)CC(C)(C)C,0,
TOX6766,CC(C)=CC(C)(C)C,0,
TOX29339,CCC(C=O)CC,0,
TOX4941,BrC/C=C/CBr,0,
TOX4940,N#CC(Br)Br,0,
TOX15542,CCCCCCCCCCCCCCCCCC[N+](C)(C)CCC[Si](OC)(OC)OC,0,
TOX7418,C=C(C#N)CCC#N,0,
TOX7412,CCCCOCCOCCOCCOCCO,0,
TOX7413,O=S(=O)([O-])CCO,0,
TOX5542,C=C(C)C(=O)O,0,
TOX18939,NS(=O)(=O)C(F)(F)C(F)(F)C(F)(F)C(F)(F)C(F)(F)C(F)(F)C(F)(F)C(F)(F)F,1,
TOX9317,C=CC(C)CCCC(C)(C)O,0,
TOX5152,COC(=O)CCC(=O)OC,0,
TOX5150,COP(=O)(O)OC,0,
TOX5156,CNC(=O)NC,0,
TOX910,CS(=O)(=O)OCCCCOS(C)(=O)=O,0,
TOX2096,CCCSSCCC,0,
TOX25950,CC(C)C[C@H](CN)CC(=O)O,0,
TOX24680,NCCCN(CCO)CCO,0,
TOX1671,NC(=O)C(Cl)(Cl)Cl,0,
TOX1679,CC(=O)C(Cl)(Cl)Cl,1,
TOX1928,CCOCCOC(C)=O,0,
TOX1929,CCCCCCBr,0,
TOX1922,CCNCCO,0,
TOX13264,FB(F)F,0,
TOX2007,CCCCOCCCC,0,
TOX5053,CCCCC(CC)CNCC(CC)CCCC,0,
TOX27880,CCCCCCCC[N+](C)(CCCCCCCC)CCCCCCCC.O=S(=O)([O-])C(F)(F)F,1,
TOX1029,CN(C)N=O,0,
TOX1028,CCN(CC)N=O,0,
TOX261,OC(O)C(Cl)(Cl)Cl,0,
TOX29100,CCCC[P+](CC)(CCCC)CCCC.CCOP(=O)([O-])OCC,0,
TOX21487,CCC(C)(CCCC(C)C)OC(C)=O,0,
TOX21484,CC/C=C\CCOC(C)=O,0,
TOX26593,CC(C)=CCC/C(C)=C/C=C\C(C)=C\C=C\C(C)=C\C=C/C=C(C)/C=C/C=C(C)/C=C\C=C(/C)CCC=C(C)C,0,
TOX12813,CCC(O)C(C)(C)C,0,
TOX12811,CCC(C)(C)C(=O)O,0,
TOX1319,ClC(Cl)=C(Cl)Cl,0,
TOX1318,ClC(Cl)C(Cl)Cl,0,
TOX1317,ClCC(Cl)(Cl)Cl,0,
TOX4143,O=C=NCCCCCCN=C=O,0,
TOX9127,CCOC(=O)C(C)O,0,
TOX24945,OCCSCSCCO,0,
TOX7044,CC(=O)[O-].[Na+],0,
TOX7043,CC(=O)[O-].[K+],0,
TOX7041,CC(C)CC(C)(O)C#CC(C)(O)CC(C)C,1,
TOX4961,CCCCCCCCCCCC(=O)O[Sn](CCCC)(CCCC)OC(=O)CCCCCCCCCCC,0,
TOX27110,CC(=O)OC/C=C(\C)CC/C=C(\C)CCC=C(C)C,0,
TOX7432,CN(C)CCC#N,0,
TOX7433,CO[Si](CCCNCCN)(OC)OC,0,
TOX27115,CC(C)=CCCC(C)=CC(=O)O,0,
TOX7438,CCCCO[PH](=O)OCCCC,0,
TOX26169,CCCCCCCCCCCCCCCC(=O)OCC(COC(=O)CCCCCCCCCCCCCCC)OC(=O)CCCCCCCCCCCCCCC,0,
TOX26162,CC(C)(C)C(=O)NCCCC(=O)O,0,
TOX27565,FC(F)(F)C(F)(F)C(F)(F)C(F)(F)C(F)(F)C(F)(F)CCI,0,
TOX27562,C/C=C(\C)C(=O)OCC/C=C\CC,0,
TOX27560,CC/C=C\CCOC(=O)CCCCC,0,
TOX9661,CC(CCO)CC(C)(C)C,0,
TOX20783,C=CC(C)(O)CC/C=C(\C)CCC=C(C)C,1,
TOX21925,CCSC(=O)N(CC)CC,0,
TOX21920,CCCCC(CC)COCCO,0,
TOX22327,COCCCOCCCOC,0,
TOX22322,CCCCCC[C@@H](O)C/C=C\CCCCCCCC(=O)[O-],1,
TOX941,O=N[O-],0,
TOX28692,CCCCCCCCCC(=O)N[O-],0,
TOX4775,ClCCBr,0,
TOX7234,COC(=O)C(C)(C)C,0,
TOX7233,CC(Br)C(=O)O,0,
TOX3434,O=C(O)CN(CCN(CC(=O)O)CC(=O)O)CCN(CC(=O)O)CC(=O)O,0,
TOX1690,CCCCCCCCCCC(=O)O,0,
TOX791,CCOC(=O)CC(SP(=S)(OC)OC)C(=O)OCC,0,
TOX790,CCOC(=O)CC(SP(=O)(OC)OC)C(=O)OCC,0,
TOX794,S=C([S-])NCCNC(=S)[S-].[Mn+2],0,
TOX25979,OC[C@@H](O)C(O)[C@H](O)CO,0,
TOX24682,C=C(C)C(=O)NCCC[N+](C)(C)C,0,
TOX244,NNC(N)=O,0,
TOX29129,OCCCCCCCCCCCCBr,1,
TOX27597,CC(COCCO)OCCO,0,
TOX1921,OCC#CCO,0,
TOX12832,O=C(O)C(Br)CBr,0,
TOX7595,CCCCCCCCS(=O)(=O)[O-],0,
TOX7599,O=C([O-])CS,0,
TOX7598,CC(C)OB(OC(C)C)OC(C)C,0,
TOX7841,CC(C)CCCCCOC(=O)CS,0,
TOX7837,CCC(O)OCC(C)OC(O)CC,0,
TOX7834,C=CC(=O)OCCC(=O)O,0,
TOX27040,CCC(C)(CCC(C)C)C(=O)[O-].CCC(C)(CCC(C)C)C(=O)[O-].[Zn+2],0,
TOX27043,O=S(=O)([O-])SSS(=O)(=O)[O-],0,
TOX27044,CCCCCCCCCCCC(=O)OCC,0,
TOX27046,CCCCOC(=O)C(C)CC,0,
TOX6083,BrC(Br)C(Br)Br,0,
TOX1735,CS(C)=O,0,
TOX1731,CO,0,
TOX1739,CCCO,0,
TOX25789,CNC(=O)OCC[N+](C)(C)C,0,
TOX21847,CCCCOC(=O)CCCCCCCCC(=O)OCCCC,0,
TOX16299,CCCCCCCCN(C)C,0,
TOX7066,CCCCCCCCCCCC(=O)N(C)CC(=O)[O-],0,
TOX7069,CCC(C)CO,0,
TOX21197,CCCCCC/C=C\CCCCCCCC(=O)O,0,
TOX7454,CC(=O)CC(=O)N(C)C,0,
TOX27545,CCCCCCCCCCCSCC(=O)O,0,
TOX27547,COC(CC(C)CCCC(C)(C)O)OC,0,
TOX27239,C=CC(C)(O)CC/C=C(/C)CCC=C(C)C,0,
TOX21692,COC(=O)CC(C(C)=O)C(=O)OC,0,
TOX5502,C=CC(C)(O)CCC=C(C)C,0,
TOX5505,CCCCC/C=C\C/C=C\CCCCCCCC(=O)O,0,
TOX5506,CC/C=C\C/C=C\C/C=C\CCCCCCCC(=O)O,0,
TOX6851,COCCC#N,0,
TOX12998,O=C(O)CCSSCCC(=O)O,0,
TOX1404,CNC(=S)N(C)C,0,
TOX22343,CCCOCCC,0,
TOX4431,CSC(C)(C)/C=N\O,0,
TOX10336,N#CCCCl,0,
TOX1503,ClCBr,0,
TOX7214,O=C([O-])C(=O)[O-].[Ca+2],0,
TOX17028,CCCCCCCCCCCCCCCC[N+](C)(C)C,1,
TOX24570,NCCN,0,
TOX24572,OCCC(F)(F)C(F)(F)C(F)(F)C(F)(F)C(F)(F)C(F)(F)F,0,
TOX516,CN(C)N,0,
TOX515,CN(C)C=O,0,
TOX512,CN(C)C(=O)Cl,0,
TOX24452,BrCCCCCCBr,0,
TOX25225,O=P([O-])(O)C(Cl)(Cl)P(=O)([O-])O,0,
TOX22503,CCCCOC(CC)OC(C)COC(O)CC,0,
TOX6991,CCOP(OCC)OCC,0,
TOX6998,CC(C)CC(=O)CC(C)CC(C)C,0,
TOX26883,CCCCCCCCCC(=O)NO,0,
TOX7868,CCCCCCC(C)(C)S,0,
TOX27068,CC(=O)OC/C=C(/C)CCC=C(C)C,0,
TOX27066,CCCC(=O)C(C)=O,0,
TOX27062,CCC/C=C/CO,0,
TOX27061,CCCCCCCCCCCCCCCCC,0,
TOX24902,CCC(C)(CCC(C)C)C(=O)[O-].CCC(C)(CCC(C)C)C(=O)[O-],0,
TOX24903,CCOC(=O)/C=C(\C)O[Ti](O/C(C)=C/C(=O)OCC)(OC(C)C)OC(C)C,0,
TOX22426,O=C(O)CC(C(=O)O)S(=O)(=O)O,0,
TOX25766,CCCCCCCCCCCCCCCCCCOC[C@H](COP(=O)([O-])OCC[N+](C)(C)C)OC,0,
TOX16646,CCCCCCC(O)CO,0,
TOX2194,C=CC(=O)OCCCCCC,0,
TOX12611,CCCSP(=O)(OCC)SCCC,0,
TOX12344,CCOP(=S)(OCC)OC(Cl)C(Cl)(Cl)Cl,1,
TOX7007,CCC(=O)OC(=O)CC,0,
TOX4923,N#C/C(N)=C(/N)C#N,0,
TOX4922,NCCCCCCN,0,
TOX166,CCCC[Sn](CCCC)(CCCC)O[Sn](CCCC)(CCCC)CCCC,1,
TOX167,CC(CCl)OC(C)CCl,0,
TOX164,OCC(CO)(CBr)CBr,0,
TOX168,ClCCOCCCl,0,
TOX2977,O=C(O)CN(CCN(CC(=O)O)CC(=O)O)CC(=O)O,0,
TOX7471,CCCCCCCCCCCCCCCl,0,
TOX6872,CCCCN=C=O,0,
TOX6878,OCCSCCO,0,
TOX1526,O=C(O)CC(Cl)C(=O)O,1,
TOX1524,N#CCCl,0,
TOX4733,CCCC(C)(COC(N)=O)COC(=O)NC(C)C,0,
TOX7270,CCCCCCCCCCCCCCCO,0,
TOX7279,[Mn+2],0,
TOX3966,CCC(C)Cl,0,
TOX1740,CCCCO,0,
TOX750,CC(C)CON=O,0,
TOX752,FC(F)OC(Cl)C(F)(F)F,0,
TOX24599,CCCCCCCCOCCC#N,0,
TOX6275,CCCCC#N,0,
TOX5063,CCCCC(=O)N(C)C,0,
TOX6608,C=C(CC(=O)O)C(=O)O,0,
TOX6609,CC(C)C(=O)OC(=O)C(C)C,0,
TOX285,CC(O)CCl,0,
TOX15753,CCCCN(CCC(=O)OCC)C(C)=O,0,
TOX26539,CC(=O)CCC(=O)[O-].CC(=O)CCC(=O)[O-],0,
TOX9651,O=C([O-])[O-].[Sr+2],0,
TOX26534,CC(=O)N[C@@H](CCC(=O)O)C(=O)O,0,
TOX9652,C=CC(=O)OC(C)(C)C,0,
TOX1890,CC(C)OC(C)C,0,
TOX22196,CCCCOC(=O)C(C)O,0,
TOX22191,CNC(=S)NC,0,
TOX7804,CC(C)(N)C#N,0,
TOX27667,CCCCCCCCCCC=CC#N,0,
TOX4127,CCCCCCC,0,
TOX27000,ClCCOCCOCCCl,0,
TOX6044,CC(C)=CCC/C(C)=C/CC/C(C)=C/CC/C=C(\C)CC/C=C(\C)CCC=C(C)C,0,
TOX14255,NC(=O)CF,0,
TOX3937,CC(C)(C)Cl,0,
TOX24928,CC(C)O[Ti](OCCN(CCO)CCO)(OCCN(CCO)CCO)OC(C)C,0,
TOX24929,CCCCCCCCCCCCSC,0,
TOX24921,CCCCC(CC)COC(=O)OOC(C)(C)C,0,
TOX24927,CCCCC(CC)CO[PH](=O)OCC(CC)CCCC,0,
TOX7021,CCCCOCCOCCOC(C)=O,0,
TOX24439,CCCCOC(=O)CC#N,0,
TOX3733,CCCC(CCC)C(=O)O,0,
TOX24431,CC(C)(C)NCCO,0,
TOX21153,C=CC(N)CCC(=O)O,0,
TOX12361,N#CC(Br)(Br)C(N)=O,0,
TOX27104,CCCC/C=C/C=C\C=O,0,
TOX27106,CC(C)=CCCC(C)CC(=O)O,0,
TOX26986,O=C(O)C(O)C(O)C(=O)O,0,
TOX12954,CC(C)(O)C(=O)O,0,
TOX20728,CCCCOP(=O)(O)OCCCC,0,
TOX22382,CCCO[Si](OCCC)(OCCC)OCCC,0,
TOX4710,CCCC(=O)Cl,0,
TOX1543,CCCCCCCCCl,0,
TOX1545,CC(Cl)C(=O)O,0,
TOX1546,O=C(O)CCCl,0,
TOX4715,O=[Cd],0,
TOX27490,C=CC(C)(CCC=C(C)C)OC(=O)C(C)C,0,
TOX7258,CC(C)OC=O,0,
TOX7253,CCOC(=O)/C=C/C(=O)OCC,0,
TOX7254,CCC(C)COC(C)=O,0,
TOX3947,S=C=S,0,
TOX6259,CC(CCl)OP(=O)(OC(C)CCl)OC(C)CCl,0,
TOX6258,ClCCOP(OCCCl)OCCCl,0,
TOX5041,CCOC(=O)OCC,0,
TOX5045,C=CC(=O)OCCOCCOC(=O)C=C,0,
TOX2018,CCOP(=S)(OCC)SCCSCC,0,
TOX5049,COCCOCCO,0,
TOX2010,CCCCCCCC/C=C\CCCCCCCCO,0,
TOX3930,ClC(Cl)(Cl)Br,0,
TOX5364,O=CC=O,0,
TOX809,O=S(=O)([O-])CCS,0,
TOX26042,CCCCCCCCCCCCSCCOCCO,0,
TOX26516,FC(F)(F)COCC(F)(F)F,0,
TOX26512,OCC(O)CS,0,
TOX7536,CCCCCCCCCCCCCCCCCCCl,0,
TOX7823,CC/C(C)=N/O[Si](C)(O/N=C(\C)CC)O/N=C(\C)CC,0,
TOX7822,CC(C)(C)C(=O)C(Cl)Cl,0,
TOX27394,CCCCCCC(CCCCCCCCCCC(=O)OCC(COC(C)=O)OC(C)=O)OC(C)=O,0,
TOX27642,C=CC(C)(CCC=C(C)C)OC=O,0,
TOX27641,CCCCCCCCCCCCOC(C)=O,0,
TOX12389,CC(C)=CCC/C(C)=C/CC/C(C)=C/CO,0,
TOX1477,F[B-](F)(F)F,0,
TOX9707,O=S(=O)(Cl)Cl,0,
TOX1289,C=C(Cl)CSC(=S)N(CC)CC,0,
TOX9703,O=S(=O)([O-])[S-],0,
TOX5671,C=CC(C)=O,0,
TOX2959,CCCCC(CC)COC(=O)CC(C(=O)OCC(CC)CCCC)S(=O)(=O)[O-],0,
TOX25891,CC(N)CCCC(C)(C)O,0,
TOX26241,CCCCCCCCCCCCOCCCN,0,
TOX28912,O=C([O-])CC(S[Au])C(=O)[O-],0,
TOX1027,O=NN(CCO)CCO,0,
TOX1026,CCCCN(CCCC)N=O,0,
TOX1022,CC(=O)CN(CC(C)=O)N=O,0,
TOX1752,CC(=O)C(C)(C)C,0,
TOX1759,CC(C)CO,0,
TOX1758,CCCCOCCOP(=O)(OCCOCCCC)OCCOCCCC,0,
TOX2227,CN(C)CCCCl,0,
TOX12303,CCCC/C=C\CCCCCCCCCC=O,0,
TOX121,[N-]=[N+]=[N-],0,
TOX24354,CCCCN(CCO)CCO,0,
TOX21541,CC(C)CCC(=O)CCC(C)C,0,
TOX6837,CC(=O)OCC(C)C,0,
TOX6830,CC(C)(O)CCC(C)(C)O,0,
TOX6838,CCCCCCCCCCCCCC(=O)OC(C)C,0,
TOX26706,NC(=O)N[C@@H](CCC(=O)O)C(=O)O,0,
TOX22011,CCCCCCCCCCCC(=O)N(C)CC(=O)O,0,
TOX22014,ON=CC=NO,0,
TOX4087,CCOCCO,0,
TOX4085,O=P(O)(O)CCCl,0,
TOX1411,O=P(OCCCl)(OCCCl)OCCCl,0,
TOX1414,CCCCC(CC)COP(=O)(OCC(CC)CCCC)OCC(CC)CCCC,0,
TOX1562,N#CC(Cl)Cl,0,
TOX1561,NC(=O)C(Cl)Cl,0,
TOX24621,C[Si](C)(CCCN)O[Si](C)(C)CCCN,0,
TOX24623,C=CC(=O)OCCCCO,0,
TOX24625,O=CN(CCO)CCO,0,
TOX24624,C=CC(=O)OCCCCCCCC,0,
TOX6238,CN(C)C,0,
TOX9910,CC=C(Cl)Cl,0,
TOX27,C=CC(N)=O,0,
TOX23,C=CC=O,0,
TOX21,CC(=O)N[C@@H](CS)C(=O)O,0,
TOX29,C=CC#N,0,
TOX1461,[Zn+2],0,
TOX24752,C=CCOC(=O)/C=C\C(=O)OCC=C,0,
TOX24759,C[SiH](C)O[Si](C)(C)O[Si](C)(C)O[SiH](C)C,0,
TOX3815,O=C(O)C(Br)Br,0,
TOX3078,O=C([O-])P(=O)([O-])[O-],0,
TOX7513,C=CS(=O)(=O)[O-],0,
TOX7512,CN(C)CCOCCN(C)C,0,
TOX20295,CCCOC(=O)NCCCN(C)C,0,
TOX27629,CCCCCCCCCC(C)C=O,0,
TOX27624,C=CCCCCCCCCC(=O)OCCCC,0,
TOX27623,CCCCCCOC(=O)CCCCCCCC(=O)OCCCCCC,0,
TOX21759,CCCCCCCCCCCCCCCC[N+](C)(C)CC,1,
TOX5612,CC(C#N)CCC#N,0,
TOX25870,CC(=O)N[C@@H](CC(C)C)C(=O)O,0,
TOX20395,CCCCCC(O)/C=C/C=O,0,
TOX25879,CC(=O)NCCCCCC(=O)O,0,
TOX4696,C=C(C)C(=O)OCCCC,0,
TOX7356,C=C[Si](OCCOC)(OCCOC)OCCOC,0,
TOX7352,CCCCCCCCCCCl,0,
TOX4521,CCC(C)(C)OC,0,
TOX4522,CCCCCON=O,0,
TOX1006,CN(N=O)C(N)=O,0,
TOX24772,CC(C)=CCCC(C)CCOC=O,0,
TOX24472,CCOC(=O)C(=O)OCC,0,
TOX24479,CCO[Si](CCCS)(OCC)OCC,0,
TOX459,CCN(CC)C(C)=O,0,
TOX29364,N#C[N-]C#N,0,
TOX5854,ClSC(Cl)(Cl)Cl,0,
TOX21567,CCCCCC[C@@H](O)C/C=C\CCCCCCCC(=O)O,0,
TOX5580,C=CCOC(=O)COCCC(C)C,0,
TOX21672,CCOC(=S)SSC(=S)OCC,0,
TOX26720,CCCCCCCCCCCCCCCC(=O)OC[C@H](COP(=O)([O-])OCC[N+](C)(C)C)OC(=O)CCCCCCCCCCCCCCC,0,
TOX22038,CCCCCCCOC(=O)CCC,0,
TOX7982,CC(C)CCCCCCOC(=O)CCCCC(=O)OCCCCCCC(C)C,0,
TOX7983,CCC(O)OCCCOC,0,
TOX5,CC(N)=O,0,
TOX2,CC=O,1,
TOX20765,COC(=O)/C=C\C(=O)OC,0,
TOX9,CC#N,0,
TOX28898,N[C@@H](CCC(=O)N[C@@H](CSSC[C@H](NC(=O)CC[C@H](N)C(=O)O)C(=O)NCC(=O)O)C(=O)NCC(=O)O)C(=O)O,0,
TOX24863,CCOC(=O)CC(C(C)=O)C(C)=O,0,
TOX24867,C=C(C)C(=O)OCC(C)(C)COC(=O)C(=C)C,0,
TOX9240,C=C[Si](OC)(OC)OC,0,
TOX2058,CCCCSCCCC,0,
TOX597,OCCO,0,
TOX593,CCN(N=O)C(N)=O,0,
TOX7169,O=C(O)[C@H](O)[C@@H](O)[C@H](O)[C@H](O)CO,0,
TOX845,COS(C)(=O)=O,0,
TOX844,C=C(C)C(=O)OC,0,
TOX846,CN(N=O)C(=N)N[N+](=O)[O-],0,
TOX1837,CCN(CC)CCO,0,
TOX9668,O=[N+]([O-])[O-].[NH4+],0,
TOX6141,O=C(O)CS,0,
TOX7577,CC(CO)(CO)C(=O)O,0,
TOX7579,OCCOCCOCCOCCOCCO,0,
TOX25779,NCCS,0,
TOX2918,O[C@H](CBr)[C@@H](O)[C@H](O)[C@H](O)CBr,0,
TOX22209,CCCCCCCCN(C)CCCCCCCC,0,
TOX24985,C=COCCOCCOC=C,0,
TOX24980,CN(C)CCCNCCC#N,0,
TOX24983,C=CC(=O)OCCOCCOCC,0,
TOX694,CN(C)P(=O)(N(C)C)N(C)C,0,
TOX696,CCCCCC(N)=O,0,
TOX7086,CCCCCCC(O)CCCCCCCCCCC(=O)OC,0,
TOX7085,CCCCOCCOCCOC(=O)CCCCC(=O)OCCOCCOCCCC,0,
TOX2267,CNC(=O)ON=C(C)SC,0,
TOX24450,CCCOC(OCCC)OCCC,0,
TOX21137,CC[N+](CC)(CC)CC,0,
TOX24455,C=C(C)C(=O)OCCCCCCOC(=O)C(=C)C,0,
TOX479,CNC(=O)CSP(=S)(OC)OC,0,
TOX5830,BrC(Br)C(Br)(Br)Br,0,
TOX587,CCOC(=O)CBr,0,
TOX22059,CCCC(=O)OCCC(C)C,0,
TOX4300,O=[Se](O)O,1,
TOX4303,NC(N)=[Se],0,
TOX7966,O=C([O-])[C@H](O)[C@H](O)[C@@H](O)[C@H](O)[C@H](O)CO,0,
TOX7963,CC(C)CCCCCCCCCCCCCCC(=O)O,0,
TOX4045,CCOS(=O)(=O)OCC,0,
TOX27162,C=CC(=O)CCCCC,0,
TOX27160,C=CC(C)(CCC=C(C)C)OC(=O)CC(C)C,0,
TOX27167,CNC(C)=O,0,
TOX24840,C=C(C)CS(=O)(=O)[O-],0,
TOX24848,C=CC(=O)NCOCC(C)C,0,
TOX5796,CCCCCCCCC,0,
TOX1472,CCOC(=O)N(C)N=O,0,
TOX9263,CNCCS(=O)(=O)[O-],0,
TOX9267,CCO[Si](CCCCl)(OCC)OCC,1,
TOX2070,CCCCCCCCCCCC(C)=O,0,
TOX18732,CCOC(=O)CCC(=O)OCC,0,
TOX7148,FC(F)(F)C(Cl)(Cl)Cl,0,
TOX7149,N#CCC(=O)O,0,
TOX7146,CCSCC,0,
TOX868,ClCCl,0,
TOX1816,C=CCOC(=O)C(=C)C,0,
TOX1817,OCC(Br)CBr,0,
TOX15106,NCCCC(=O)O,0,
TOX1818,CCC(C)C=O,0,
TOX4822,C[Si](C)(C)Cl,0,
TOX4824,CCC(Cl)C(Cl)C(Cl)CC(Cl)C(Cl)C(C)Cl,1,
TOX315,O=[N+]([O-])C(Cl)(Cl)Cl,0,
TOX7556,CCC(=O)[O-].CCC(=O)[O-],0,
TOX7550,O=C([O-])CCl,0,
TOX21246,OCCCO,0,
TOX6796,COCC(C)OC(C)=O,0,
TOX22266,CCCCCSCCCCC,0,
TOX27089,CC(S)C(C)S,0,
TOX27086,CCCCCC/C=C/C=O,0,
TOX27083,CCCC(=O)OC,0,
TOX27630,CC(CN(CCN(CC(C)OCCO)CC(C)OCCO)CC(C)OCCO)OCCO,0,
TOX7310,ClC/C=C\CCl,0,
TOX7314,CC(C)(C)C(=O)C(=O)O,0,
TOX26233,CCOC(=O)NC(O)C(Cl)(Cl)Cl,0,
TOX13673,COC(=O)CS,0,
TOX17708,O=C([O-])C(F)(F)C(F)(F)C(F)(F)C(F)(F)C(F)(F)C(F)(F)C(F)(F)F,0,
TOX13493,CCOC(=O)C(C)C(C)=O,0,
TOX415,BrCCBr,0,
TOX2247,C=CC(C)(O)CCC=C(C)CCC=C(C)C,1,
TOX5218,CCCCCCCCCCCCOCCO,0,
TOX5811,CCCCCCCC/C=C\CCCCCCCC(=O)OC,0,
TOX5816,O=C(O)C(=O)O,0,
TOX22462,IC(I)=C(I)I,1,
TOX22465,O=P([O-])([O-])OP(=O)([O-])[O-],0,
TOX6894,CCCCCCCCS,0,
TOX6899,N#CCCSCCC#N,0,
TOX29264,C/C=C(\C)C=O,0,
TOX4368,CCOCCOCCOCCO,0,
TOX4362,CC(Cl)C(Cl)Cl,0,
TOX4366,CCN(CC)CC,0,
TOX21472,C#CC(C)(O)CC(C)C,0,
TOX27416,C=CC(=C)CCCC(C)(C)OC(C)=O,0,
TOX27415,C=CC(C)(O)CC/C=C(\C)CC,0,
TOX4797,CCC(Cl)[N+](=O)[O-],0,
TOX24827,CC(=O)OCC(C)OC(C)=O,0,
TOX24826,CC(C)CCCC(C)CC=O,0,
TOX24823,C=C(C)C(=O)[O-],0,
TOX24828,C=CCCCCCCCCC(=O)OCC,0,
TOX28500,CCS(=O)(=O)C(C)(C)S(=O)(=O)CC,0,
TOX44,C=CCO,0,
TOX45,C=CCCl,0,
TOX47,C=CCN=C=S,0,
TOX48,C=CCOC(=O)CC(C)C,0,
TOX5276,CCCCNCC,0,
TOX7120,O=S([O-])CO,0,
TOX5278,CCSC(=O)Cl,0,
TOX1873,C=CC(=O)OCC(C)C,0,
TOX1874,CCCBr,0,
TOX1877,OCCCl,0,
TOX1879,CCC#N,0,
TOX332,O=C(O)CC(O)(CC(=O)O)C(=O)O,0,
TOX21266,CCCCCCCCCCCC[N+](C)(C)CC(=O)[O-],0,
TOX21265,CCCCCCCCC(CO)CCCCCC,0,
TOX21261,C=CCOCC(O)CCl,0,
TOX27537,CCCCCCCCOC(=O)CCCCCCCCC(=O)OCCCCCCCC,0,
TOX28546,CC(=O)CCC=C(C)CC/C=C(\C)CC/C=C(\C)CCC=C(C)C,0,
TOX22243,CCCCCCCC/C=C\CCCCCCCC(=O)N(C)CC(=O)O,0,
TOX1206,CC(O)CO,0,
TOX7338,C/C(Cl)=C/CCl,0,
TOX7334,CCO[Si](CCC#N)(OCC)OCC,0,
TOX7333,CCO[Si](CCCN)(OCC)OCC,0,
TOX654,CC(=O)OC/C=C(\C)CCC=C(C)C,0,
TOX24364,BrCCCCBr,0,
TOX24360,CC(C)CCCC(C)CCO,0,
TOX24363,CCCCCCCCCC(=O)OCC,0,
TOX9698,O=S(=O)([O-])OOS(=O)(=O)[O-],0,
TOX9692,O=[N+]([O-])[O-].[K+],0,
TOX5185,CCCNCCC,0,
TOX5186,CCC(O)OC(O)CC,0,
TOX6422,CS(=O)(=O)O,0,
TOX6423,C[Si](C)(C)C,0,
TOX15013,Cl[Zn]Cl,0,
TOX434,ClC/C=C/CCl,0,
TOX437,CC(Cl)Cl,0,
TOX438,ClCCCl,0,
TOX1998,CCCCOC(=O)CCC(=O)OCCCC,0,
TOX1996,CCC(=O)[O-],0,
TOX7596,COCCCN,0,
TOX4344,CC(C)N(C(=O)SCC(Cl)=C(Cl)Cl)C(C)C,0,
TOX7920,CCCCN(CCCC)CCCCCCN(CCCC)CCCC,0,
TOX7924,CC(C)CCCCCCCOC(=O)CCCCC(=O)OCCCCCCCC(C)C,0,
TOX9246,CCCCCCCC[Si](OCC)(OCC)OCC,0,
TOX7928,CCCCC(CC)CO[N+](=O)[O-],0,
TOX14968,NC(=S)NC(N)=S,0,
TOX10607,CCOC(C)OCC,0,
TOX4001,CC(Cl)(Cl)C(=O)[O-],0,
TOX7346,C[Sn](Cl)(Cl)Cl,0,
TOX21451,C=CCS(=O)(=O)[O-],0,
TOX8842,O=P([O-])(O)OP(=O)([O-])O,0,
TOX27125,C=CCCCCCCCCOC(C)=O,0,
TOX27123,CCCCCCCCCOC(C)=O,0,
TOX27129,COC(=O)C=C(C)CCC=C(C)C,0,
TOX27128,CC(=O)OCC=C(C)C,0,
TOX2055,CC(=O)OC(C)(C)C,0,
TOX5438,NC(=O)NO,0,
TOX9192,COC(=O)OC,0,
TOX5758,CCCCCC[N+](=O)[O-],0,
TOX5751,O=[N+]([O-])CCO,0,
TOX1438,C=C(Cl)Cl,0,
TOX9224,N=C(N)S(=O)O,0,
TOX1403,COP(=O)(OC)OC,0,
TOX24809,CCC(C)(O)CCC=C(C)C,0,
TOX24804,CC(=O)NCCO,0,
TOX7103,C=C(C)C(=O)OCCCCCCCCCCCC,0,
TOX7104,CCCCCCCCCCCCCCCC(=O)OC(C)C,0,
TOX7109,NCCCCCCNCCCCCCN,0,
TOX24771,CC(CC(C)C)=NO,0,
TOX24776,C=CC(=O)OCCC#N,0,
TOX13825,CO[Si](CCCNCCC[Si](OC)(OC)OC)(OC)OC,0,
TOX354,N#CNC(=N)N,0,
TOX29078,CCCCCCCCCCCC[N+](C)(C)CCCS(=O)(=O)[O-],0,
TOX29071,CC(=O)C(=O)CC(C)C,0,
TOX1199,CCCCN(CC)C(=O)SCCC,0,
TOX20316,Cl[Ni]Cl,0,
TOX7486,COP(=S)(Cl)OC,0,
TOX27599,CCCCCCOC(=O)C(C)CC,0,
TOX24161,Cl[Sb](Cl)Cl,1,
TOX9359,COCC(C)N,0,
TOX1086,CNC(=O)ON=C(SC)C(=O)N(C)C,0,
TOX27920,CCCCCCCCCCCCCC[P+](CCCCCC)(CCCCCC)CCCCCC,1,
TOX6448,CCC(CO)(CO)CO,0,
TOX2284,CCC(C)N,0,
TOX6441,COC(C)(C)OC,0,
TOX6444,CC(CO)(CO)CO,0,
TOX980,CCC[N+](=O)[O-],0,
TOX981,CC(C)[N+](=O)[O-],0,
TOX982,O=C(O)CC[N+](=O)[O-],0,
TOX25345,CC[C@@H](CO)NCCN[C@@H](CC)CO,0,
TOX181,O=[Bi]Cl,0,
TOX7714,CCCCCCCC/C=C\CCCCCCCCOCCO,1,
TOX7713,CCCCCCCC/C=C\CCCCCCCC(=O)OCCO,0,
TOX14903,[Br-].[Na+],0,
TOX21437,CC(CO)(CO)[N+](=O)[O-],0,
TOX27107,CC(CC=O)CC(C)(C)C,0,
TOX27103,CCCCCCCCCCCCCCCCCCOS(=O)(=O)[O-],0,
TOX5085,CC(C)NC(C)C,0,
TOX5086,CC(C)N=C=NC(C)C,0,
TOX5080,CC(C)CC(=O)CC(C)C,0,
TOX21852,O=C(NC(O)C(Cl)(Cl)Cl)NC(O)C(Cl)(Cl)Cl,0,
TOX28950,CC=C(CC)C(=O)NC(N)=O,0,
TOX1415,CC(O)CN(CC(C)O)CC(C)O,0,
TOX2143,C=CC(=O)OCC(C)O,0,
TOX24757,CC(C)CCOC(=O)CC(C)C,0,
TOX370,CN(C)NC(=O)CCC(=O)O,0,
TOX21224,OCCCCC(O)CO,0,
TOX16226,CCCCCCCCOS(=O)(=O)[O-],0,
TOX16229,CCCCCCCCCCOS(=O)(=O)[O-],0,
TOX26994,CCOC(=N)CC(=O)OCC,0,
TOX28664,N=C(N)NCCCCNC(=N)N,0,
TOX28667,CCN(CC)N(O)N=O.CCNCC,0,
TOX28666,O=C(O)[C@@H](O)[C@H](O)[C@H](O)[C@@H](O)C(=O)O,0,
TOX1607,CCCCCC(=O)O,0,
TOX1605,O=C(O)CCCCC(=O)O,0,
TOX1604,CCCCCC=O,0,
TOX1603,CCCCCC/C=C/CCCCCCCC(=O)O,0,
TOX1602,CCCCCCCCCCCCCCCC(=O)O,0,
TOX1601,O=C(C(Cl)(Cl)Cl)C(Cl)(Cl)Cl,0,
TOX1600,CCCCCCC(=O)O,0,
TOX1608,CCCC(=O)CC,0,
TOX6461,CC(C)C#N,0,
TOX969,CC[N+](=O)[O-],0,
TOX967,CCCC[N+](=O)[O-],0,
TOX13161,CNC(=O)O/N=C/C(C)(C)S(C)=O,0,
TOX3603,C[N+](C)(C)CCOC(=O)CCC(=O)OCC[N+](C)(C)C,0,
TOX3602,O=C(O)CCC(=O)O,0,
TOX7656,CCCCC(CC)COC(=O)CS,0,
TOX7650,C=CC[N+](C)(C)CC=C,0,
TOX7658,CCCCCCCCS(=O)(=O)Cl,0,
TOX14924,O=C([O-])C(Cl)(Cl)Cl,0,
TOX21418,CCC(CC)C(=O)O,0,
TOX21417,CCC(CO)(CO)[N+](=O)[O-],0,
TOX21416,CCC(CC)CO,0,
TOX21412,O=C(CCl)NCO,0,
TOX27474,SCCCCCCCCS,0,
TOX5478,CC(=O)OC(C)C,0,
TOX5474,C=CC(C)(O)CCCC(C)CCCC(C)CCCC(C)C,0,
TOX6927,CCCCCCCCCCCCCCN(C)C,0,
TOX6926,CCCCCCCCCCCCCCO,0,
TOX6924,CCCCCCCCCCCCCCCCN(C)C,0,
TOX6922,OCCOCCOCCOCCO,0,
TOX6921,CCCCCCOCCOCCO,0,
TOX9159,CC(C)CC(C)CC(O)CC(C)C,0,
TOX9150,CCC(N)(CO)CO,0,
TOX14070,O=C(Cl)C(Cl)(Cl)Cl,0,
TOX22149,COC(=O)CC(=O)C(C)(C)C,0,
TOX22145,COC(=O)C(Br)CBr,0,
TOX20438,CC(C)(CO)[C@@H](O)C(=O)NCCC(=O)[O-].CC(C)(CO)[C@@H](O)C(=O)NCCC(=O)[O-],0,
TOX1380,ClCC(Cl)Cl,0,
TOX1381,CC(Cl)(Cl)Cl,0,
TOX1389,COP(=O)(OC)C(O)C(Cl)(Cl)Cl,0,
TOX2128,C=C(C)C(=O)OCCO,0,
TOX2123,C=CC(=O)OCCO,0,
TOX24734,CN(C)CCOCCN(C)CCO,0,
TOX18800,CCCCOC(=O)CCC(C)=O,0,
TOX28123,ClCC=CCCl,0,
TOX6718,CCOC(=O)CC#N,0,
TOX6714,CCCC(C)CO,0,
TOX6715,CCOC(=O)CCl,0,
TOX6716,COC(=O)CC(C)=O,0,
TOX6713,C=C(C)C(=O)OCCN(CC)CC,0,
TOX26607,O=S(=O)([O-])CC(S)CS,0,
TOX24856,CCOC(=O)NCCC[Si](OCC)(OCC)OCC,0,
TOX24857,CCO[Si](CC(C)C)(OCC)OCC,1,
TOX4652,O=[N+]([O-])C(Br)(CO)CO,0,
TOX4657,OCCCBr,0,
TOX21954,CCCCCC(=O)CC,0,
TOX21957,CCOC(OCC)OCC,0,
TOX21959,CCOC(=O)C(F)(F)F,0,
TOX27236,C=C[C@@H](C)CCC=C(C)C,0,
TOX24660,SCCSCCS,0,
TOX28607,CCCCNC(C)(C)[PH](=O)O,0,
TOX1599,CCCCCCC#N,0,
TOX1598,O=C(O)CCCCCC(=O)O,0,
TOX9369,C=COC(=O)C(C)(CC)CCC(C)C,0,
TOX24662,CCCCCCCCSCC,0,
TOX28956,O=S(O)CO[Na],0,
TOX24986,C=COCCOCCOCCOC=C,0,
TOX1621,CCC(C)C(=O)O,0,
TOX1620,CC(C)CC#N,0,
TOX1629,CC(=O)CCC=C(C)C,0,
TOX5295,CCCC=C(C=O)CC,0,
TOX5297,C=CC(=O)OCC(CC)CCCC,0,
TOX5291,CCCCC(C=O)CC,0,
TOX5292,CCCC(O)C(CC)CO,0,
TOX5293,CCCCC(CC)C(=O)O,0,
TOX25385,CC(=O)N[C@@H](CC(=O)N[C@@H](CCC(=O)O)C(=O)O)C(=O)O,0,
TOX7280,CCCCCCCCCCCCCCCCCC#N,0,
TOX494,COP(C)(=O)OC,0,
TOX7288,C/C=C(C)/C=C/C=C(C)C,0,
TOX499,CC(=O)N(C)C,0,
TOX1979,CC(=O)CC(C)=O,0,
TOX1464,CN(C)C(=S)[S-].CN(C)C(=S)[S-].[Zn+2],1,
TOX1462,CCCCN(CCCC)C(=S)[S-].CCCCN(CCCC)C(=S)[S-].[Zn+2],1,
TOX236,CC(O)C(=O)[O-].CC(O)C(=O)[O-],0,
TOX235,[Ca+2].[Cl-].[Cl-],0,
TOX7636,CCC(C)OC(C)CC,0,
TOX7639,CCCOCCOCCO,0,
TOX21388,C=C(C)C(=O)OCCOC(=O)CC(C)=O,0,
TOX29150,CCOC(=O)C(C)(C)C,0,
TOX7580,CCCCCCCCCCCCCCCCCl,0,
TOX29157,CCCCCCCCCI,0,
TOX29158,CCCCCCCCCCCCI,0,
TOX9251,COC(=O)/C=C\C(=O)O,0,
TOX5453,CC(=O)OCCC(C)C,0,
TOX6905,CCOCCOCCOC(C)=O,0,
TOX6904,CCCCOCCOC(C)=O,0,
TOX6906,CCCCCCCCCCCCN(C)C,0,
TOX6908,CCCCCCOCCO,0,
TOX9170,CC(=O)C=C(C)C,0,
TOX26815,CC(C)(CO)C(O)C(=O)NCCC(=O)NCCSSCCNC(=O)CCNC(=O)C(O)C(C)(C)CO,0,
TOX26816,CCCCCCCCCCCCCC(=O)OCC(COP(=O)([O-])OCC[N+](C)(C)C)OC(=O)CCCCCCCCCCCCC,0,
TOX25850,C[N+](C)(C)CC(O)CC(=O)[O-],0,
TOX10197,CC(C)Br,0,
TOX18795,C[SiH](O[Si](C)(C)C)O[Si](C)(C)C,0,
TOX1109,O=[N+]([O-])OCC(CO[N+](=O)[O-])(CO[N+](=O)[O-])CO[N+](=O)[O-],0,
TOX1104,ClC(Cl)C(Cl)(Cl)Cl,0,
TOX17649,CC(=O)N(O)CCCCCNC(=O)CCC(=O)N(O)CCCCCNC(=O)CCC(=O)N(O)CCCCCN,0,
TOX24241,CCCCC(C)C(=O)O,0,
TOX5337,NC=O,0,
TOX3271,CC(=O)OC(C)C[N+](C)(C)C,0,
TOX12683,COC(=O)/C=C(\C)OP(=O)(OC)OC,0,
TOX17582,CCS(=O)(=O)CCSP(=O)(OC)OC,0,
TOX6739,O=C(Cl)OCCOCCOC(=O)Cl,0,
TOX4263,O=P(O)(O)O,0,
TOX9600,C=C(C)C(N)=O,0,
TOX27535,CCCCCCOC(=O)CC(CC(=O)OCCCCCC)(OC(=O)CCC)C(=O)OCCCCCC,0,
TOX4676,C=CC(=O)OCCCC,0,
TOX4670,O=C(O)CC(C(=O)O)C(CC(=O)O)C(=O)O,0,
TOX24975,CC(O)CN(CCCN(C)C)CCCN(C)C,0,
TOX24974,CN(C)CCCNCCCN(C)C,0,
TOX9617,O=C([O-])[C@H](O)[C@@H](O)[C@H](O)[C@H](O)CO,0,
TOX6130,CCC[N+](CCC)(CCC)CCC,0,
TOX2730,C[N+](C)(C)CCOC(N)=O,0,
TOX1648,CC(=O)CCC(=O)O,0,
TOX1643,CCCCCCCC=O,0,
TOX1642,CCCCCCCCCCCCCCCCCC(=O)O,0,
TOX1641,CCCCCCCCC(=O)O,0,
TOX1640,O=C(O)CCCCCCCC(=O)O,0,
TOX1647,CCCC(=O)C(=O)O,0,
TOX1646,O=C(O)CC(=O)C(=O)O,0,
TOX1645,CCCCCCCC(=O)O,0,
TOX927,CCCCN(CCCC)C(=S)S[Ni]SC(=S)N(CCCC)CCCC,0,
TOX28629,CCCCCCCCCCCCCCCC(=O)OC[C@@H](COP(=O)([O-])OCC[N+](C)(C)C)OC(=O)CCCCCCCCCCCCCCC,0,
TOX1917,CCCCCC,0,
TOX1916,CCCCCC(C)=O,0,
TOX1915,CCOC(=O)CCCCCCCCC(=O)OCC,0,
TOX1914,CC(=O)CCC(C)C,0,
TOX7774,O=C([O-])CN(CCN(CC(=O)[O-])CC(=O)[O-])CC(=O)[O-].[Fe+3],0,
TOX7770,C=CC(=O)NC(C)(C)CS(=O)(=O)O,0,
TOX7773,C=CC(=O)OCC(CC)(COC(=O)C=C)COC(=O)C=C,1,
TOX7772,CC(CN)CCCN,0,
TOX24504,O=[N+]([O-])O[Cd]O[N+](=O)[O-],0,
TOX210,CCCCN(CCCCO)N=O,0,
TOX213,CCCCN(N=O)C(=N)N[N+](=O)[O-],0,
TOX7615,CC(Cl)COP(=O)(OCC(C)Cl)OCC(C)Cl,0,
TOX29286,CCOC(=O)C(Cl)C(C)=O,0,
TOX6691,CC(=O)OCC(COC(C)=O)OC(C)=O,0,
TOX6694,CCCCC(CC)COC(C)=O,0,
TOX6697,CCCCC(CC)COC(=O)CCCCCCCC(=O)OCC(CC)CCCC,0,
TOX26348,N[C@@H](COP(=O)(O)O)C(=O)O,0,
TOX11591,COCC(=O)O,0,
TOX26345,NC(=O)CC[C@@H](N)C(=O)O,0,
TOX26347,CC(C)C[C@@H](N)C(=O)O,0,
TOX1346,NNC(N)=S,0,
TOX24881,COC(=O)NCCC[Si](OC)(OC)OC,0,
TOX24880,CCCOCCOCCOCCO,0,
TOX24883,CCCCS(=O)(=O)Cl,0,
TOX24882,C=C(C)C(=O)OCCOCCOC(=O)C(=C)C,0,
TOX24888,CCCCC(CC)C(=O)[O-].CCCCC(CC)C(=O)[O-].[Ba+2],1,
TOX1348,NC(N)=S,0,
TOX9110,CCC(C)(O)CCCC(C)C,0,
TOX7188,CC(=O)OC(C)OC(C)=O,0,
TOX7186,CCOC(=O)Cl,0,
TOX3875,NS(=O)(=O)[O-],0,
TOX307,COCCl,0,
TOX303,C[N+](C)(C)CCCl,0,
TOX17511,CCOP(=S)(OCC)SCCl,0,
TOX29341,CC[Ge](Cl)(CC)CC,0,
TOX4209,COP(=O)(OC)OC(Br)C(Cl)(Cl)Br,0,
TOX584,CCO,0,
TOX27614,CC(C)=CCC/C(C)=C/COC=O,0,
TOX24598,CC(C)(CO)C(O)C(=O)NCCCO,0,
TOX7407,CCOP(=O)(Cl)Cl,0,
TOX7403,CCCC[Sn](Cl)(CCCC)CCCC,1,
TOX11294,CCOCC(=O)O,0,
TOX27517,CCCCCCCCCOC(=O)CCCCC(=O)OCCCCCCC,0,
TOX27511,CCCCCCCCCCCCCCCC(=O)OCC,0,
TOX27519,CCCCCCOC(=O)C(C)C,0,
TOX5557,COC(C)(C)CC(C)=O,0,
TOX9329,COC(C)COC(C)COC(C)CO,0,
TOX5122,COC(=O)CCCC(=O)OC,0,
TOX21916,CCCCOC(=O)C(=O)OCCCC,0,
TOX21917,OCCN(CCO)CCN(CCO)CCO,0,
TOX1597,CCCCCCC=O,0,
TOX1590,CCCCCCCCCCCC(=O)O,0,
TOX24697,C#CC(O)C(CC)CCCC,0,
TOX1665,CCCCCCCCCCCCCC=O,0,
TOX1666,CCCCCCCCCCCCCC(=O)O,0,
TOX1668,O=C(O)C(Br)(Br)Br,0,
TOX1937,CCCCCCCO,0,
TOX1936,N#CCCCCC#N,0,
TOX1931,CCCCCCO,0,
TOX1932,OCCNCCO,0,
TOX7798,C=C(C)CNCC,0,
TOX7797,CCCCC(CC)C(=O)OCCOCCOCCOCCOC(=O)C(CC)CCCC,0,
TOX7792,CC[Si](OC(C)=O)(OC(C)=O)OC(C)=O,0,
TOX13276,CCCOCC(C)OCC(C)O,0,
TOX24527,O=C(CS)OCCOC(=O)CS,0,
TOX24522,CCN(CC)C(=O)N(CC)CC,0,
TOX279,C=C(C)CCl,0,
TOX29111,CCCCCCCCCCl,0,
TOX5492,CCCCCCCCCCCCCl,0,
TOX5491,CCCCCCCCCCCC(=O)N(CCO)CCO,0,
TOX6946,C=CC(C)(CCC=C(C)C)OC(C)=O,0,
TOX6943,OCC(CO)(CO)CO,0,
TOX14091,CCCCC(=O)Cl,0,
TOX29807,CC(=O)N[C@H]([C@@H](O)CC(=O)C(=O)O)[C@@H](O)[C@H](O)[C@H](O)CO,0,
TOX26360,CCCCCCC(=O)CCCCCC/C=C/C[C@@H](O)[C@H](O)[C@@](N)(CO)C(=O)O,0,
TOX27187,CCC(=O)OCCC(C)CCC=C(C)C,0,
TOX27183,CCCCCCCCCCCC(=O)O.OCCN(CCO)CCO,0,
TOX27182,CCCCCCCCC(=O)OCC(C)OC(=O)CCCCCCCC,0,
TOX27189,CCCCCCCCCCOC(C)=O,0,
TOX1322,CCN(CC)C(=S)SSC(=S)N(CC)CC,1,
TOX1499,CCC(C)Br,0,
TOX1496,N#CCBr,0,
TOX1495,O=C(O)CBr,0,
TOX13511,O=S(=O)(O)F,0,
TOX13519,O=C(Cl)/C=C/C(=O)Cl,0,
TOX24202,CCCCCCCCOC(C)=O,0,
TOX24200,O=C(O)CCSCCC(=O)O,0,
TOX2676,CC(C[N+](C)(C)C)OC(N)=O,0,
TOX5371,FC(F)(F)C(Cl)Br,0,
TOX3235,OC[C@@H](O)[C@@H](O)[C@H](O)[C@H](O)CO,0,
TOX6773,CC(O)CCO,0,
TOX6775,O=C(O)CCS,0,
TOX4222,N=C(N)N[N+](=O)[O-],0,
TOX4955,CC(C)(C)OOC(C)(C)C,0,
TOX7427,CN(C)CCOCCO,0,
TOX27578,FC(F)(F)C(F)(F)C(F)(F)C(F)(F)CCI,0,
TOX27579,CC/C=C\CCOC(=O)CC,0,
TOX493,CO[PH](=O)OC,0,
TOX27574,C=CC(C)(CCC=C(C)C)OC(=O)CC,0,
TOX8010,CCOC(=O)CC([O-])C(=O)OCC,0,
TOX5577,C/C=C(/C)C#N,0,
TOX8016,C=CC(=O)OCC[N+](C)(C)C,0,
TOX9302,CCCCCC(CO)CCC,0,
TOX6173,CS(=O)(=O)OCC(O)C(O)COS(C)(=O)=O,0,
TOX5141,O=C(NCO)NCO,0,
TOX10060,CC(C)(Cl)Cl,0,
TOX7228,C=CCCC#N,0,
TOX7223,CCCCOC(=O)CC,0,
TOX3936,CCSC(=O)N(CC(C)C)CC(C)C,0,
TOX1689,CCCCCCCCCCC,0,
TOX1688,CCCCCCCCCCC=O,0,
TOX1684,CCCCCCCCCCCCC(=O)O,0,
TOX1683,O=C(O)CCCCCCCCCCCC(=O)O,0,
TOX7364,CCCCCCCC(=O)N(C)C,0,
TOX13701,CN(C)CCCCCCN(C)C,0,
TOX250,ClC(Cl)(Cl)Cl,0,
TOX252,CCC(Br)(CC)C(=O)NC(N)=O,0,
TOX21321,CC(O)C(C)O,0,
TOX21490,C/C=C(\C)C(C)=O,0,
TOX6564,CCCCC(CC)C(=O)OCCOCCOCCOC(=O)C(CC)CCCC,0,
TOX5963,CCCSC(=O)Cl,0,
TOX5967,CC(O)COC(C)(C)C,0,
TOX26560,FC(F)(F)C(F)(F)C(F)(F)C(F)(F)C(F)(F)C(F)(F)C(F)(F)C(F)(F)Br,0,
TOX26566,C=CCCCCCCCCC(=O)OC,0,
TOX3192,CC(O)C(=O)O,0,
TOX27681,CCC(=O)C(=O)CC,0,
TOX1307,ClC=CCCl,0,
TOX1304,NCCS(=O)(=O)O,1,
TOX7635,CC(C)C(=O)OCC(C)(C)C(OC(=O)C(C)C)C(C)C,0,
TOX21861,CCOP(O)OCC,0,
TOX24951,C=C(C)C(=O)OCCOP(=O)(O)O,0,
TOX6091,FC(Cl)(Cl)C(F)(Cl)Cl,0,
TOX9848,CCC(CC)C(C)CCOC(C)=O,0,
TOX5355,O=CCCCC=O,0,
TOX21126,N#C[Fe-2](C#N)(C#N)(C#N)(C#N)N=O,0,
TOX12624,C#CCOC(=O)/C=C(C)/C=C/CC(C)CCCC(C)C,0,
TOX12627,COC(C)(C)CCCC(C)C/C=C/C(C)=C/C(=O)OC(C)C,1,
TOX16288,CCCCCCCCCCC(CO)CCCCCCCC,0,
TOX7050,CN(C)C(=S)[S-],0,
TOX7443,C=CC(=O)NCOCCCC,0,
TOX7449,CCCCCCCCCC#N,0,
TOX29307,CCCCCCCCCBr,0,
TOX27552,CCCCCCOC(=O)CCCCC,0,
TOX27556,CC=C(C)C(=O)OCCC(C)CCC=C(C)C,0,
TOX27558,C=C(C)C(=O)OCCC(F)(F)C(F)(F)C(F)(F)C(F)(F)C(F)(F)C(F)(F)F,0,
TOX27559,CCCCCCOC(=O)CCC,0,
TOX22089,CCCCCCCCCCCCSC#N,0,
TOX9679,Cl[Sn](Cl)(Cl)Cl,0,
TOX9671,CC(O)(P(=O)([O-])O)P(=O)([O-])O,0,
TOX9677,O=[Si]=O,0,
TOX22335,CCCCOC(=O)[C@H](C)O,0,
TOX22338,CC(COC(C)(C)C)OCCCO,0,
TOX1519,CCCCOCCOCCO,0,
TOX1518,O=C(O)/C=C/C(=O)O,0,
TOX1517,O=C(O)/C=C\C(=O)O,0,
TOX1516,CCC(C)=O,0,
TOX1515,CCCC(=O)O,0,
TOX1513,CCCC=O,0,
TOX7201,CCC(=O)OC,0,
TOX7204,CN=C=S,0,
TOX7206,CC(C)=CCO,0,
TOX3917,ClCCOCOCCCl,0,
TOX520,CC(C)=CCl,0,
TOX24564,CN(C)CCCN(C)CCCN(C)C,0,
TOX24565,NCCCOCCOCCOCCCN,0,
TOX505,CN(C)CCO,0,
TOX508,C[As](C)(=O)O,0,
TOX11863,O=C(O)C(F)(F)C(F)(F)C(F)(F)C(F)(F)C(F)(F)C(F)(F)C(F)(F)C(F)(F)F,0,
TOX11860,O=C(O)C(F)(F)C(F)(F)C(F)(F)C(F)(F)C(F)(F)C(F)(F)C(F)(F)C(F)(F)C(F)(F)F,0,
TOX11865,O=C(O)C(F)(F)C(F)(F)C(F)(F)C(F)(F)C(F)(F)C(F)(F)C(F)(F)F,0,
TOX26095,CC(C)CC(=O)N[C@H](C(=O)N[C@H](C(=O)N[C@@H](CC(C)C)[C@@H](O)CC(=O)N[C@@H](C)C(=O)N[C@@H](CC(C)C)[C@@H](O)CC(=O)O)C(C)C)C(C)C,0,
TOX26548,FC(F)(F)C(F)(F)C(F)(F)C(F)(F)C(F)(F)C(F)(F)F,0,
TOX7586,C=C(C)C(=O)OCC[N+](C)(C)C,0,
TOX7857,CC(C)C(=O)OCC(C)(C)C(O)C(C)C,0,
TOX4176,C=C(C)C#N,0,
TOX4177,COP(N)(=O)SC,0,
TOX4174,CCCCSP(=O)(SCCCC)SCCCC,0,
TOX27058,CCOC(=O)CCC(C)=O,0,
TOX17580,CNC(=O)CSP(=O)(OC)OC,0,
TOX27051,C=CC(C)=CCC=C(C)C,0,
TOX27057,CCOC(=O)CC(C)C,0,
TOX27056,CCCCCCCCCCCCN(CCCCCCCCCCCC)CCCCCCCCCCCC,0,
TOX24972,C=C(C)C(=O)OCCCCCCCCCCOC(=O)C(=C)C,0,
TOX24976,C=CCOCC(CC)(CO)COCC=C,0,
TOX24978,CCC(C)(CCC(C)C)C(=O)O[Sn](C)(C)OC(=O)C(C)(CC)CCC(C)C,0,
TOX24798,CC(C)CP(=S)([S-])CC(C)C,0,
TOX2188,CCCCCCCCCCCC#N,0,
TOX12358,CCNC(=O)NC(=O)/C(C#N)=N/OC,0,
TOX3588,OC[C@H](O)[C@@H](O)[C@H](O)[C@H](O)CO,0,
TOX7076,CCCCCCCCCCCCOS(=O)(=O)O.OCCN(CCO)CCO,0,
TOX4918,C=CCNCC=C,0,
TOX4911,CCCCC/C=C/C=C/C=O,1,
TOX4913,CCCCCCCCCC,0,
TOX4915,C=C(C)C(=O)OCCCCCCCCCC,0,
TOX4916,C=CC(=O)NC(C)(C)CC(C)=O,0,
TOX4917,CC(=O)CC(C)(C)O,0,
TOX17207,O=C([O-])C(Cl)Cl,0,
TOX7461,NNC(=S)NN,0,
TOX21514,CCCCC/C=C\CCC=O,0,
TOX21519,CCCC(C)C(O)CC,0,
TOX27202,C=C/C(C)=C/C/C=C(\C)CCC=C(C)C,0,
TOX8726,CCCCCCCCCCCCCCOS(=O)(=O)[O-],0,
TOX6841,CCCCCCOC(=O)CCCCC(=O)OCCCCCC,0,
TOX6842,CCCCCCCCCC(=O)OC,0,
TOX6849,OC/C=C/CO,0,
TOX292,O=CCCl,0,
TOX4726,NC(N)=O.OO,0,
TOX4724,CCCCCCCC(=O)Cl,0,
TOX7263,CCCCCOC(C)=O,0,
TOX7267,CCCCCCCCCCCCCC,0,
TOX7266,CCCCCCCCCCCCC,0,
TOX7265,OCCCCCCO,0,
TOX7268,CCCCCCCCCCCCCCC,0,
TOX742,NC(=O)CI,0,
TOX743,IC(I)I,0,
TOX24580,C=CCOCC(CO)(COCC=C)COCC=C,0,
TOX562,FC(F)OC(F)(F)C(F)Cl,0,
TOX3027,CCCN(CC)C(CC)C(=O)Nc1c(C)cccc1C,0,c1ccccc1
TOX6619,O=S(=O)(Cl)c1ccccc1,0,c1ccccc1
TOX26525,COc1cc(O)cc(O)c1,0,c1ccccc1
TOX26523,O=C(O)[C@H](O)c1ccccc1,0,c1ccccc1
TOX1106,Oc1c(Cl)c(Cl)c(Cl)c(Cl)c1Cl,1,c1ccccc1
TOX22189,CC(C)N(c1ccccc1)C(C)C,0,c1ccccc1
TOX7876,CCc1cccc(C)c1,0,c1ccccc1
TOX7877,CC(C)CCCCCCCOP(OCCCCCCCC(C)C)Oc1ccccc1,0,c1ccccc1
TOX4113,CCOP(=S)(CC)Sc1ccccc1,0,c1ccccc1
TOX27071,Cc1ccccc1CCO,0,c1ccccc1
TOX27074,CC(C)COC(=O)c1ccccc1,0,c1ccccc1
TOX957,Nc1ccc(N)c([N+](=O)[O-])c1,1,c1ccccc1
TOX956,O=[N+]([O-])c1cc([As](=O)(O)O)ccc1O,0,c1ccccc1
TOX5642,Cc1ccc(C(=O)O)cc1[N+](=O)[O-],0,c1ccccc1
TOX5641,Cc1cc(C(=O)O)ccc1[N+](=O)[O-],0,c1ccccc1
TOX1709,NC(=O)c1ccccc1,0,c1ccccc1
TOX25753,CC(C)NC[C@@H](O)COc1ccc(CC(N)=O)cc1,0,c1ccccc1
TOX958,Nc1ccc([N+](=O)[O-])cc1N,1,c1ccccc1
TOX25007,O=[N+]([O-])c1ccc([As](=O)(O)O)cc1,0,c1ccccc1
TOX5888,O=CC(=O)c1ccccc1,0,c1ccccc1
TOX20285,CC(=O)c1ccccc1O,0,c1ccccc1
TOX20284,O=C(O)Cc1c(Cl)ccc(Cl)c1Cl,0,c1ccccc1
TOX4704,Cc1ccc(C(C)(C)C)cc1,0,c1ccccc1
TOX10307,Nc1cc(Cl)cc(Cl)c1,0,c1ccccc1
TOX1559,CC(C)(C)c1cc([N+](=O)[O-])cc(C(C)(C)C)c1O,1,c1ccccc1
TOX7249,O=Cc1ccc(C(=O)O)cc1,0,c1ccccc1
TOX24617,N#CCc1cccc(C(F)(F)F)c1,0,c1ccccc1
TOX24618,COc1cccc(Br)c1,0,c1ccccc1
TOX7312,CC(O)COc1ccccc1,0,c1ccccc1
TOX766,CC(C)OC(=O)Nc1ccccc1,0,c1ccccc1
TOX6265,CCCCC(CC)COC(=O)c1ccc(C(=O)OCC(CC)CCCC)c(C(=O)OCC(CC)CCCC)c1,0,c1ccccc1
TOX5074,O=C(O)c1ccc(O)cc1O,0,c1ccccc1
TOX3041,NC(=O)OCC(COC(N)=O)c1ccccc1,0,c1ccccc1
TOX26055,COc1ccc(C=CC(=O)OCCC(C)C)cc1,0,c1ccccc1
TOX26509,CC(C)Cc1ccc([C@@H](C)C(=O)NS(C)(=O)=O)cc1,0,c1ccccc1
TOX2803,NC(=O)OCC(O)COc1ccc(Cl)cc1,0,c1ccccc1
TOX5668,COC(=O)c1ccc(C)cc1,0,c1ccccc1
TOX5662,CC(=O)C=Cc1ccccc1,0,c1ccccc1
TOX617,C=CCc1ccc(O)c(OC)c1,0,c1ccccc1
TOX24930,NS(=O)(=O)c1ccccc1OC(F)(F)F,0,c1ccccc1
TOX25089,NS(=O)(=O)c1ccc(C(=O)O)cc1,0,c1ccccc1
TOX24429,O=C(Cl)c1cc(C(=O)Cl)cc(C(=O)Cl)c1,0,c1ccccc1
TOX12316,Cc1cc(O)cc(C)c1Cl,1,c1ccccc1
TOX29366,COC(=O)c1ccc(CBr)cc1,0,c1ccccc1
TOX155,S=C=NCc1ccccc1,1,c1ccccc1
TOX153,ClCc1ccccc1,0,c1ccccc1
TOX152,OCc1ccccc1,0,c1ccccc1
TOX151,CC(=O)OCc1ccccc1,0,c1ccccc1
TOX5864,CCOc1ccc(N)cc1,0,c1ccccc1
TOX5862,CCOc1cccc(N)c1,0,c1ccccc1
TOX26264,CCOc1cc(NC(C)=O)ccc1C(=O)OC,0,c1ccccc1
TOX27242,COc1ccc(N)cc1N,1,c1ccccc1
TOX20732,O=C=Nc1ccc(Cl)cc1,1,c1ccccc1
TOX20731,CC(C)OC(=O)c1ccccc1C(=O)OC(C)C,0,c1ccccc1
TOX28731,CC(=O)SCC(CC(=O)c1ccc(C)cc1)C(=O)O,0,c1ccccc1
TOX28736,CC(C)(C)NC[C@H](O)c1ccc(O)cc1Cl,0,c1ccccc1
TOX28735,CCCCC/C=C\C/C=C\CCCCCCCC(=O)NC(C)c1ccccc1,0,c1ccccc1
TOX28734,CC(NN)c1ccccc1,0,c1ccccc1
TOX27818,CCN(C)C(=O)Oc1cccc([C@H](C)N(C)C)c1,0,c1ccccc1
TOX27816,CCN(CC)C(C)C(=O)c1ccccc1,0,c1ccccc1
TOX5640,Cc1cccc(C(=O)O)c1[N+](=O)[O-],0,c1ccccc1
TOX5058,CCN(CC)c1ccc(N)cc1,1,c1ccccc1
TOX38,C=CCOc1ccc(CC(=O)O)cc1Cl,0,c1ccccc1
TOX708,NNc1ccc(C(=O)O)cc1,0,c1ccccc1
TOX18924,CCCCCCOc1ccccc1C(=O)O,0,c1ccccc1
TOX6655,CCOc1ccc([N+](=O)[O-])cc1,1,c1ccccc1
TOX25300,CCCCN(CCCC)CCCOC(=O)c1ccc(N)cc1,0,c1ccccc1
TOX6652,CC(C)c1ccc(C(C)C)cc1,0,c1ccccc1
TOX26073,O=C(O)CNC(=O)c1ccccc1,0,c1ccccc1
TOX26078,CC(=O)Oc1c(C)cc(OCC(O)CNC(C)C)c(C)c1C,0,c1ccccc1
TOX7521,O=Cc1cccc(Br)c1,0,c1ccccc1
TOX25759,CC(C)C[C@@H](NC(=O)[C@@H](O)[C@H](N)Cc1ccccc1)C(=O)O,0,c1ccccc1
TOX26389,Cc1cccc(C)c1NC(=O)CN(CC(=O)O)CC(=O)O,0,c1ccccc1
TOX27038,CCc1ccc(O)c(OC)c1,0,c1ccccc1
TOX2922,NS(=O)(=O)c1cc(Cl)c(Cl)c(S(N)(=O)=O)c1,0,c1ccccc1
TOX5607,C=CCc1ccc(OC)c(OC)c1,0,c1ccccc1
TOX25862,CCN(CC)CCNC(=O)COc1ccc(OC)cc1,0,c1ccccc1
TOX28927,COc1cc(CC(C)N)c(OC)cc1Br,0,c1ccccc1
TOX28929,COC(=O)CCc1ccc(OCC(O)CNC(C)C)cc1,0,c1ccccc1
TOX3523,CC(C)c1cccc(C(C)C)c1O,1,c1ccccc1
TOX2217,COc1cc(OC)c(OC)cc1C=O,0,c1ccccc1
TOX24401,N=C(N)c1ccccc1,0,c1ccccc1
TOX24407,Cc1ccc(C(N)=O)cc1N,0,c1ccccc1
TOX3295,C[C@](N)(Cc1ccc(O)c(O)c1)C(=O)O,0,c1ccccc1
TOX134,O=Cc1ccccc1,0,c1ccccc1
TOX29386,O=C(CBr)c1ccccc1,0,c1ccccc1
TOX29382,CCN(CC)CCNC(=O)c1ccc(N)cc1,0,c1ccccc1
TOX1311,CC(C)(C)c1cc(C(C)(C)C)c(O)c(C(C)(C)C)c1,1,c1ccccc1
TOX1359,CCCCNC(=O)NS(=O)(=O)c1ccc(C)cc1,0,c1ccccc1
TOX575,C=CCc1ccc(OC)cc1,0,c1ccccc1
TOX20718,COc1cc(Cl)c(OC)cc1N,0,c1ccccc1
TOX20711,CCOC(=O)c1ccccc1C,0,c1ccccc1
TOX20714,Cc1cc(C)c(N)c(Cl)c1,0,c1ccccc1
TOX24878,CCCOC(=O)c1ccccc1,0,c1ccccc1
TOX24650,Cc1ccc(N(CCO)CCO)cc1,0,c1ccccc1
TOX24877,CCC(=O)Nc1cccc(N)c1,0,c1ccccc1
TOX28715,CCC(C(=O)NC(=O)NC(C)=O)c1ccccc1,0,c1ccccc1
TOX28714,O=C(O)CNC(=O)CNC(=O)CNC(=O)CSC(=O)c1ccccc1,0,c1ccccc1
TOX1134,NC(=S)Nc1ccccc1,0,c1ccccc1
TOX17515,CNP(=O)(OC)Oc1ccc(C(C)(C)C)cc1Cl,0,c1ccccc1
TOX15,CC(=O)NNc1ccccc1,0,c1ccccc1
TOX721,CCOc1ccc(NC(=O)CC(C)O)cc1,0,c1ccccc1
TOX859,CC(O)c1ccccc1,0,c1ccccc1
TOX580,CCOc1ccc(NC(N)=O)cc1,0,c1ccccc1
TOX581,CCOc1ccccc1C(N)=O,0,c1ccccc1
TOX855,COP(=S)(OC)Oc1ccc([N+](=O)[O-])cc1,0,c1ccccc1
TOX4855,COc1cc(N)ccc1C,0,c1ccccc1
TOX1828,CC(=O)c1ccccc1,0,c1ccccc1
TOX1823,Nc1ccc([N+](=O)[O-])cc1[N+](=O)[O-],1,c1ccccc1
TOX3089,CC[N+](CC)(CC)CCOc1cccc(OCC[N+](CC)(CC)CC)c1OCC[N+](CC)(CC)CC,0,c1ccccc1
TOX7507,COC(=O)c1cccc(Cl)c1,0,c1ccccc1
TOX281,O=[N+]([O-])c1ccc(Cl)cc1,0,c1ccccc1
TOX5629,Cc1cc([N+](=O)[O-])ccc1N,0,c1ccccc1
TOX5628,Cc1c(N)cccc1[N+](=O)[O-],0,c1ccccc1
TOX26902,COC(CNC(=O)c1ccccc1OCC(=O)O)C[Hg]O,0,c1ccccc1
TOX25847,CC(=O)Nc1cc([As](=O)(O)O)ccc1O,0,c1ccccc1
TOX25843,OCc1ccccc1O,0,c1ccccc1
TOX28948,CCCOc1ccc(C(=O)OCCN(CC)CC)cc1N,0,c1ccccc1
TOX28942,CCN(CC)CCNC(=O)c1ccc(NS(C)(=O)=O)cc1,0,c1ccccc1
TOX4687,CC(C)(C)c1ccc(O)c(O)c1,1,c1ccccc1
TOX18686,Cc1cccc(C(=O)O)c1O,0,c1ccccc1
TOX7342,[S-]c1ccccc1,0,c1ccccc1
TOX7343,CC(C)(C)c1ccc(C=O)cc1,0,c1ccccc1
TOX4532,COc1ccc(N)cc1,0,c1ccccc1
TOX2279,CC(C)c1cccc(C(C)C)c1N,0,c1ccccc1
TOX24462,CCO[Si](OCC)(OCC)c1ccccc1,0,c1ccccc1
TOX25591,CCOC(=O)c1ccc(OC(=O)CCCCCNC(=N)N)cc1,0,c1ccccc1
TOX445,CC(C)OC(=O)COc1ccc(Cl)cc1Cl,0,c1ccccc1
TOX444,CCCCC(CC)COC(=O)COc1ccc(Cl)cc1Cl,0,c1ccccc1
TOX446,CN(C)C(=O)Nc1ccc(Cl)c(Cl)c1,1,c1ccccc1
TOX440,CC(Oc1ccc(Cl)cc1Cl)C(=O)O,0,c1ccccc1
TOX443,CCCCOC(=O)COc1ccc(Cl)cc1Cl,0,c1ccccc1
TOX442,O=C(O)COc1ccc(Cl)cc1Cl,0,c1ccccc1
TOX4997,O=[N+]([O-])c1cccc(Cl)c1Cl,0,c1ccccc1
TOX4998,O=[N+]([O-])c1ccc(Cl)cc1Cl,0,c1ccccc1
TOX4999,O=[N+]([O-])c1ccc(Cl)c(Cl)c1,0,c1ccccc1
TOX4338,COC(=O)NC(=S)Nc1ccccc1NC(=S)NC(=O)OC,0,c1ccccc1
TOX27174,CCCCOCCOC(=O)c1ccccc1C(=O)OCCOCCCC,0,c1ccccc1
TOX28777,CN(C)C(=O)CNC(=O)Cc1ccccc1,0,c1ccccc1
TOX6202,O=[N+]([O-])c1ccc(Cl)c(Cl)c1Cl,0,c1ccccc1
TOX6203,O=[N+]([O-])c1cc(Cl)c(Cl)cc1Cl,0,c1ccccc1
TOX6207,Oc1ccc(Cl)c(Cl)c1Cl,1,c1ccccc1
TOX6204,O=[N+]([O-])c1c(Cl)cc(Cl)cc1Cl,0,c1ccccc1
TOX6205,O=[N+]([O-])c1cc(Cl)c(Cl)c(Cl)c1,0,c1ccccc1
TOX6208,Oc1cc(Cl)cc(Cl)c1Cl,1,c1ccccc1
TOX6209,Oc1c(Cl)ccc(Cl)c1Cl,1,c1ccccc1
TOX5014,ClC(Cl)c1ccccc1,0,c1ccccc1
TOX2049,Cc1cc(C)c(O)c(C)c1,0,c1ccccc1
TOX876,Cc1cc(O)ccc1O,0,c1ccccc1
TOX7158,O=C(Cl)OCc1ccccc1,0,c1ccccc1
TOX1808,Cc1ccccc1O,0,c1ccccc1
TOX1801,CCN(CCO)c1cccc(C)c1,0,c1ccccc1
TOX1800,CCN(CC)c1ccccc1,0,c1ccccc1
TOX1803,CC(=O)CC(=O)c1ccccc1,0,c1ccccc1
TOX4835,O=CC=Cc1ccccc1,0,c1ccccc1
TOX4834,O=C/C=C/c1ccccc1,0,c1ccccc1
TOX27617,COc1cc(C)ccc1C(C)C,0,c1ccccc1
TOX27344,CC(C)c1ccc(C(=O)N=C(N)N)cc1S(C)(=O)=O,0,c1ccccc1
TOX26699,CC(C)NCC(O)c1ccccc1Cl,0,c1ccccc1
TOX20694,CCCCOC(=O)c1ccccc1,0,c1ccccc1
TOX22276,CCOc1ccccc1O,0,c1ccccc1
TOX22273,CC(C)c1ccc(O)c(C(C)C)c1,1,c1ccccc1
TOX22279,CC(C)C(=O)OCCOc1ccccc1,0,c1ccccc1
TOX1807,Cc1ccccc1C,0,c1ccccc1
TOX24992,CCC(C)(C)c1cc(O)c(C(C)(C)CC)cc1O,1,c1ccccc1
TOX1255,CC(C)(C)NCC(O)c1ccc(O)c(CO)c1,0,c1ccccc1
TOX7368,O=C(O)C[C@H](NC(=O)OCc1ccccc1)C(=O)O,0,c1ccccc1
TOX1780,CCOC(=O)c1ccccc1C(=O)OCC,0,c1ccccc1
TOX1781,CCCCOC(=O)c1ccccc1C(=O)OCCCC,0,c1ccccc1
TOX1789,NC(=O)c1ccccc1N,0,c1ccccc1
TOX4600,C[N+](C)(C)Cc1ccccc1,0,c1ccccc1
TOX24447,COc1cccc(C=O)c1,0,c1ccccc1
TOX24441,Cc1ccccc1CCl,0,c1ccccc1
TOX24440,CCC(C)c1cccc(C(C)CC)c1O,1,c1ccccc1
TOX14087,NCCc1ccc(O)cc1,0,c1ccccc1
TOX13468,CCCCCCCCCCCC[N+](C)(C)CCOc1ccccc1,1,c1ccccc1
TOX23873,NCC(O)c1ccc(O)cc1,0,c1ccccc1
TOX2527,CCCOC(=O)c1ccc(O)cc1,1,c1ccccc1
TOX2525,CCCCC(CC)COC(=O)c1ccc(O)cc1,1,c1ccccc1
TOX2523,CCCCCCCOC(=O)c1ccc(O)cc1,1,c1ccccc1
TOX2522,CC(C)COC(=O)c1ccccc1C(=O)OCC(C)C,0,c1ccccc1
TOX2521,CC(C)CCCCCCOC(=O)c1ccccc1C(=O)OCCCCCCC(C)C,0,c1ccccc1
TOX2520,CCOC(=O)C=Cc1ccccc1,0,c1ccccc1
TOX2529,COC(=O)c1ccc(O)cc1,0,c1ccccc1
TOX2528,CCOC(=O)c1ccc(O)cc1,0,c1ccccc1
TOX5807,CCCCCCCCOc1ccc(C(=O)O)cc1,1,c1ccccc1
TOX11121,CC(C)C(=O)Nc1ccc([N+](=O)[O-])c(C(F)(F)F)c1,1,c1ccccc1
TOX889,C=Cc1ccc(C)cc1,0,c1ccccc1
TOX21468,NC(=O)Nc1ccc(Cl)c(Cl)c1,1,c1ccccc1
TOX21460,O=C(O)c1cccc(C(F)(F)F)c1,0,c1ccccc1
TOX27645,COC(=O)c1ccc(OC)cc1,0,c1ccccc1
TOX10384,Nc1ccc(Cl)cc1[N+](=O)[O-],1,c1ccccc1
TOX27159,Cc1ccc(OC(=O)CC(C)C)cc1,0,c1ccccc1
TOX27150,CC(C)(C)OC(=O)c1ccccc1C(=O)O,0,c1ccccc1
TOX24830,CC(C)(O)C(=O)c1ccccc1,0,c1ccccc1
TOX1446,Cc1cccc(C)c1,0,c1ccccc1
TOX1448,Cc1ccc(N)c(C)c1,0,c1ccccc1
TOX9279,O=C(O)c1cc(C(=O)O)cc(S(=O)(=O)[O-])c1,0,c1ccccc1
TOX2061,O=Cc1ccc([N+](=O)[O-])cc1,0,c1ccccc1
TOX28751,CCCOC(=O)Cc1ccc(OCC(=O)N(CC)CC)c(OC)c1,0,c1ccccc1
TOX893,CNC(=O)Oc1cc(C)c(N(C)C)c(C)c1,0,c1ccccc1
TOX1771,CCC(C)(C)c1ccc(O)cc1,1,c1ccccc1
TOX4815,Cc1c(N)cccc1Cl,0,c1ccccc1
TOX4814,Cc1ccc(Cl)cc1,0,c1ccccc1
TOX1867,Nc1ccc(Br)cc1,0,c1ccccc1
TOX1864,Cc1ccc(O)c(C)c1,0,c1ccccc1
TOX1869,Cc1ccc(O)cc1,0,c1ccccc1
TOX1868,Cc1ccc(C)cc1,0,c1ccccc1
TOX322,CCCNC(=O)NS(=O)(=O)c1ccc(Cl)cc1,0,c1ccccc1
TOX7540,CCCCNS(=O)(=O)c1ccccc1,0,c1ccccc1
TOX7546,C=C(C)c1cccc(C(=C)C)c1,0,c1ccccc1
TOX21883,CC(C)(C)c1cc([N+](=O)[O-])cc([N+](=O)[O-])c1O,1,c1ccccc1
TOX29006,CNC(=N)NC(=O)Nc1c(C)cccc1C,0,c1ccccc1
TOX29009,[NH3+]c1ccccc1,0,c1ccccc1
TOX21783,NC(=S)c1c(Cl)cccc1Cl,0,c1ccccc1
TOX27523,CC(C)c1ccc(S(=O)(=O)[O-])cc1,0,c1ccccc1
TOX27526,CCCCCCCCCCCCCCCS(=O)(=O)Oc1ccccc1,0,c1ccccc1
TOX4660,Cc1ccccc1Br,0,c1ccccc1
TOX26419,CCC(=O)Nc1ccc(O)cc1,0,c1ccccc1
TOX26946,CC(=O)Oc1cc(C(C)C)c(OCCN(C)C)cc1C,0,c1ccccc1
TOX26417,CCNC(=O)/C=C/c1cccc(Br)c1,0,c1ccccc1
TOX27095,CCOC(=O)CCc1ccccc1,0,c1ccccc1
TOX27094,CCOC(=O)CC(=O)c1ccccc1,0,c1ccccc1
TOX27091,CCC(=O)OC(C)c1ccccc1,0,c1ccccc1
TOX3589,CC(C)NCC(O)c1ccc(NS(C)(=O)=O)cc1,0,c1ccccc1
TOX7302,O=C(Cl)c1c(Cl)c(Cl)c(C(=O)Cl)c(Cl)c1Cl,0,c1ccccc1
TOX1053,CN(N=O)c1ccccc1,0,c1ccccc1
TOX25805,CC(C)(C)NCC(O)c1ccccc1Cl,0,c1ccccc1
TOX24316,Cc1ccc(S(=O)(=O)O)cc1.O,0,c1ccccc1
TOX401,Nc1ccc(O)c(N)c1,1,c1ccccc1
TOX402,Cc1ccc(N)cc1N,1,c1ccccc1
TOX2508,CCCCCCCCCCCCc1ccc(O)cc1,1,c1ccccc1
TOX6557,OCCN(CCO)c1cccc(Cl)c1,0,c1ccccc1
TOX6558,COc1ccccc1NC(=O)CC(C)=O,0,c1ccccc1
TOX25370,CCOC(=O)[C@@](C)(N)Cc1ccc(O)c(O)c1,0,c1ccccc1
TOX14972,Cc1ccc(C(C)C)c(O)c1,1,c1ccccc1
TOX29278,BrCCOc1ccccc1,0,c1ccccc1
TOX22063,COP(N)(=S)Oc1ccccc1C(=O)OC(C)C,0,c1ccccc1
TOX7933,CC(C)CCCCCOC(=O)c1ccccc1C(=O)OCCCCCC(C)C,0,c1ccccc1
TOX7932,CCCCCCCCCC(CC)c1ccc(S(=O)(=O)O)cc1.OCCN(CCO)CCO,0,c1ccccc1
TOX4018,COc1c(Cl)ccc(Cl)c1C(=O)O,0,c1ccccc1
TOX4012,Brc1ccc(Br)cc1,0,c1ccccc1
TOX21441,Cc1ccccc1OCC(=O)O,0,c1ccccc1
TOX27427,CCCCCC(CC)OC(=O)CCCOc1ccc(Cl)cc1Cl,0,c1ccccc1
TOX27136,Fc1c(F)c(F)c(Br)c(F)c1F,0,c1ccccc1
TOX27425,CCCCc1ccc(O)cc1,1,c1ccccc1
TOX27130,C/C=C(\C)C(=O)OCc1ccccc1,0,c1ccccc1
TOX27423,CC(=O)Oc1ccc([N+](=O)[O-])cc1CCl,1,c1ccccc1
TOX27138,CC(C)(C)c1ccccc1,0,c1ccccc1
TOX27428,CCOC(=O)COc1ccc(C)cc1,0,c1ccccc1
TOX5422,N#CC(O)c1ccccc1,0,c1ccccc1
TOX5421,O=C(NO)c1ccccc1,0,c1ccccc1
TOX5768,N#CCc1ccccc1[N+](=O)[O-],0,c1ccccc1
TOX5765,O=[N+]([O-])c1cccc(O)c1,1,c1ccccc1
TOX5763,O=[N+]([O-])c1ccccc1CCO,0,c1ccccc1
TOX9218,CCc1ccc(Br)cc1,0,c1ccccc1
TOX25141,CN(C)CCOC(=O)COc1ccc(Cl)cc1,0,c1ccccc1
TOX1121,N=C(N)NC(=N)NCCc1ccccc1,0,c1ccccc1
TOX18700,COc1cc([N+](=O)[O-])ccc1N,0,c1ccccc1
TOX24763,CCOC(=O)c1ccc(N(C)C)cc1,0,c1ccccc1
TOX24764,CC(C)C(=O)OCCc1ccccc1,0,c1ccccc1
TOX24765,CC(=O)OCC=Cc1ccccc1,0,c1ccccc1
TOX1848,CCNc1cccc(C)c1,0,c1ccccc1
TOX1841,CNc1ccccc1,0,c1ccccc1
TOX15163,COc1ccc(OC)c(OC)c1,0,c1ccccc1
TOX349,COc1ccc(N)c(C)c1,0,c1ccccc1
TOX25601,CCCCCCC[N+](CC)(CC)CCCCc1ccc(Cl)cc1,0,c1ccccc1
TOX8666,CC(C)CCCCCCCOC(=O)c1ccccc1C(=O)OCCCCCCCC(C)C,0,c1ccccc1
TOX1657,CC(=O)c1ccc(C(C)=O)cc1,0,c1ccccc1
TOX8663,CCCCCCCCCOC(=O)c1ccccc1C(=O)OCCCCCCCCC,0,c1ccccc1
TOX1483,O=CCc1ccccc1,1,c1ccccc1
TOX27135,Cc1ccccc1S,0,c1ccccc1
TOX27420,COc1cc(CCC(C)=O)ccc1O,0,c1ccccc1
TOX1212,O=C(O)c1ccc(O)c(O)c1,0,c1ccccc1
TOX26059,COc1ccc(/C=C/C(=O)O)cc1,0,c1ccccc1
TOX7320,O=[N+]([O-])c1ccc([O-])cc1,1,c1ccccc1
TOX7321,O=S(=O)([O-])c1ccc(O)cc1,0,c1ccccc1
TOX21529,CC(=O)Nc1ccc(S(N)(=O)=O)cc1,0,c1ccccc1
TOX24374,CC(=O)c1ccc(C)cc1,0,c1ccccc1
TOX24370,CCCCNc1ccccc1,0,c1ccccc1
TOX27935,FC(F)(F)c1ccc(Cl)cc1Cl,0,c1ccccc1
TOX2741,CCCCNC(=O)NS(=O)(=O)c1ccc(N)cc1,0,c1ccccc1
TOX3113,COc1ccccc1O,0,c1ccccc1
TOX12514,O=Cc1ccccc1C=O,1,c1ccccc1
TOX420,C#CC(C)(C)NC(=O)c1cc(Cl)cc(Cl)c1,0,c1ccccc1
TOX427,Nc1cc(Cl)c(N)c(Cl)c1,0,c1ccccc1
TOX426,Nc1c(Cl)cc([N+](=O)[O-])cc1Cl,1,c1ccccc1
TOX424,C=C(C)C(=O)Nc1ccc(Cl)c(Cl)c1,1,c1ccccc1
TOX4359,Oc1cc(Cl)c(Cl)cc1Cl,1,c1ccccc1
TOX2472,CCCCc1ccccc1,0,c1ccccc1
TOX27447,NNC(=O)OCc1ccccc1,0,c1ccccc1
TOX27440,CC(C)c1ccc(C#N)cc1,0,c1ccccc1
TOX27443,COc1cc(C)cc(O)c1,0,c1ccccc1
TOX5403,CCCCCCOC(=O)c1ccccc1,0,c1ccccc1
TOX5744,O=[N+]([O-])c1ccccc1CCl,0,c1ccccc1
TOX5745,O=[N+]([O-])c1ccc(CCl)cc1,0,c1ccccc1
TOX5742,O=C(Cl)c1ccc([N+](=O)[O-])cc1,0,c1ccccc1
TOX5743,O=[N+]([O-])c1cccc(CCl)c1,0,c1ccccc1
TOX5740,O=C(Cl)c1cccc([N+](=O)[O-])c1,0,c1ccccc1
TOX5741,O=C(Cl)c1ccccc1[N+](=O)[O-],0,c1ccccc1
TOX9184,Nc1ccc(S(=O)(=O)[O-])cc1,0,c1ccccc1
TOX25166,CCN(CC)CC(=O)Nc1c(C)cccc1C,0,c1ccccc1
TOX25169,CCN(CC)CCNC(=O)c1cc(Cl)c(N)cc1OC,0,c1ccccc1
TOX92,COc1ccccc1N,0,c1ccccc1
TOX91,Nc1ccccc1,0,c1ccccc1
TOX97,CC(COc1ccc(C(C)(C)C)cc1)OS(=O)OCCCl,0,c1ccccc1
TOX94,Nc1ccccc1C(=O)O,0,c1ccccc1
TOX28798,CCN[C@H](C)Cc1cccc(C(F)(F)F)c1,0,c1ccccc1
TOX28791,CN[C@H](C)Cc1ccccc1,0,c1ccccc1
TOX28790,CN[C@@H](C)Cc1ccccc1,0,c1ccccc1
TOX28793,C[C@@H](N)C(=O)c1ccccc1,0,c1ccccc1
TOX28792,C[C@H](N)C(=O)c1ccccc1,0,c1ccccc1
TOX28794,CCN[C@@H](C)Cc1ccccc1,0,c1ccccc1
TOX28797,CCN[C@@H](C)Cc1cccc(C(F)(F)F)c1,0,c1ccccc1
TOX2172,CNC(=O)Oc1ccc(N(C)C)c(C)c1,0,c1ccccc1
TOX24514,CCCCCCOC(=O)c1ccc(O)cc1,1,c1ccccc1
TOX3378,NC[C@H](O)c1ccc(O)c(O)c1,0,c1ccccc1
TOX24746,CC(C)OC(=O)c1ccccc1,0,c1ccccc1
TOX17696,CN/C=N/c1ccc(C)cc1C,0,c1ccccc1
TOX368,COc1ccc(C(=O)/C(Br)=C\C(=O)[O-])cc1,0,c1ccccc1
TOX24811,Cc1cc(Cl)ccc1/N=C/N(C)C,0,c1ccccc1
TOX7494,Cc1cccc(N)c1N,1,c1ccccc1
TOX7496,O=C([O-])COc1ccc(Cl)cc1Cl,0,c1ccccc1
TOX7498,CC(C)(N=C=O)c1cccc(C(C)(C)N=C=O)c1,0,c1ccccc1
TOX1238,Oc1cccc(O)c1,0,c1ccccc1
TOX27584,CCCCCC(=O)OCCc1ccccc1,0,c1ccccc1
TOX24356,OCCNCc1ccccc1,0,c1ccccc1
TOX24352,COC(=O)Cc1ccccc1,0,c1ccccc1
TOX2543,CC(=O)Nc1ccccc1,0,c1ccccc1
TOX620,COP(=S)(OC)Oc1ccc(SC)c(C)c1,0,c1ccccc1
TOX628,CN(C)C(=O)Nc1cccc(C(F)(F)F)c1,0,c1ccccc1
TOX6512,CCCCCCCCCCOC(=O)c1ccccc1C(=O)OCCCCCCCCCC,0,c1ccccc1
TOX193,O=[N+]([O-])c1cc(N(CCO)CCO)ccc1NCCO,1,c1ccccc1
TOX24769,CC(C=O)Cc1ccc(C(C)C)cc1,0,c1ccccc1
TOX21409,O=C(CCl)Nc1ccccc1,0,c1ccccc1
TOX21403,COc1ccc(OC)c(Cl)c1,0,c1ccccc1
TOX21405,NC(=O)c1ccc([N+](=O)[O-])cc1Cl,0,c1ccccc1
TOX27468,Cc1cccc(C(C)(C)C)c1O,0,c1ccccc1
TOX5722,CC(=O)c1cccc([N+](=O)[O-])c1,0,c1ccccc1
TOX5723,CC(=O)c1ccccc1[N+](=O)[O-],0,c1ccccc1
TOX5724,CC(=O)c1ccc([N+](=O)[O-])cc1,0,c1ccccc1
TOX5725,Nc1cccc([N+](=O)[O-])c1,0,c1ccccc1
TOX5661,C=C(C)c1ccccc1,0,c1ccccc1
TOX12891,O=C(Cl)c1c(Cl)cccc1Cl,0,c1ccccc1
TOX6285,COc1ccc(C=O)cc1OC,0,c1ccccc1
TOX5094,COCCOC(=O)c1ccccc1C(=O)OCCOC,0,c1ccccc1
TOX28805,COc1cc(CCN)cc(OC)c1OC,0,c1ccccc1
TOX28806,COc1cc(CC(C)C)cc(OC)c1OC,0,c1ccccc1
TOX1395,CCCN(CCC)c1c([N+](=O)[O-])cc(C(F)(F)F)cc1[N+](=O)[O-],1,c1ccccc1
TOX5486,CC(C)NCC(O)c1ccc(O)c(O)c1,0,c1ccccc1
TOX1398,Cc1cc(C)c(N)cc1C,0,c1ccccc1
TOX4413,CC(=O)Nc1ccccc1C,0,c1ccccc1
TOX4412,CC(=O)Nc1cccc(C)c1,0,c1ccccc1
TOX1179,CC(=O)Nc1ccc(OCC(O)CNC(C)C)cc1,0,c1ccccc1
TOX13562,CC(C)(O)C(=O)Nc1ccc([N+](=O)[O-])c(C(F)(F)F)c1,1,c1ccccc1
TOX28119,CCCCC(CC)COC(=O)/C=C/c1ccc(OC)cc1,0,c1ccccc1
TOX21232,CC(C)c1cc(C(C)C)cc(C(C)C)c1,0,c1ccccc1
TOX6701,Cc1ccc(S(=O)(=O)O)cc1,0,c1ccccc1
TOX11956,CCCNC(C)C(=O)Nc1ccccc1C,0,c1ccccc1
TOX24932,CC(C)c1ccc(S(=O)(=O)O)cc1,0,c1ccccc1
TOX28720,CCOC(=O)NC(C)(C)Cc1ccc(Cl)cc1,0,c1ccccc1
TOX27700,CCCc1ccccc1O,1,c1ccccc1
TOX27706,CCC(=O)OCc1ccc(OC)cc1,0,c1ccccc1
TOX28619,CC(C)NCC(O)c1ccc([N+](=O)[O-])cc1,0,c1ccccc1
TOX1617,Cc1cccc(C(=O)O)c1,0,c1ccccc1
TOX1610,O=C(O)c1cccc(O)c1,0,c1ccccc1
TOX1618,Cc1ccc(C(=O)O)cc1,0,c1ccccc1
TOX25640,CCC(C(=O)OCCN(CC)CC)c1ccccc1,0,c1ccccc1
TOX25461,CCCC(=O)Nc1ccc(OCC(O)CNC(C)C)c(C(C)=O)c1,0,c1ccccc1
TOX1948,CNC(=O)Oc1ccccc1OC(C)C,0,c1ccccc1
TOX4397,CC(=O)CC(=O)Nc1ccccc1,0,c1ccccc1
TOX4392,CC(=O)Nc1ccc(C(=O)O)cc1,0,c1ccccc1
TOX7620,COc1ccc(NC(C)=O)cc1N,0,c1ccccc1
TOX7625,CCCCC(CC)COC(=O)c1ccc(C(=O)OCC(CC)CCCC)cc1,0,c1ccccc1
TOX5447,ICCc1ccccc1,0,c1ccccc1
TOX5449,O=[N+]([O-])c1cccc(I)c1,0,c1ccccc1
TOX24689,COc1ccc(NC(=O)CC(C)=O)cc1,0,c1ccccc1
TOX26868,NC(=S)NS(=O)(=O)c1ccc(N)cc1,0,c1ccccc1
TOX22157,CON(C)C(=O)Nc1ccc(Br)cc1,0,c1ccccc1
TOX3729,CCCC(=O)Nc1c(I)cc(I)c(CC(CC)C(=O)[O-])c1I,0,c1ccccc1
TOX4479,Nc1cc([N+](=O)[O-])cc([N+](=O)[O-])c1O,1,c1ccccc1
TOX4471,Nc1cc(Cl)c([N+](=O)[O-])cc1O,1,c1ccccc1
TOX1116,CCOc1ccc(NC(C)=O)cc1,0,c1ccccc1
TOX4474,Nc1cc(Cl)cc(S(=O)(=O)O)c1O,0,c1ccccc1
TOX2130,O=Cc1ccc(Cl)cc1Cl,0,c1ccccc1
TOX2133,CCOC(=O)c1cccc(N)c1,0,c1ccccc1
TOX24703,N#Cc1ccc(Cl)cc1,0,c1ccccc1
TOX24701,COC(=O)c1ccccc1Cl,0,c1ccccc1
TOX156,N#CSCc1ccccc1,0,c1ccccc1
TOX4896,CNC.O=C(O)COc1ccc(Cl)cc1Cl,0,c1ccccc1
TOX4890,Cc1ccc(C(C)(C)O)cc1,0,c1ccccc1
TOX29375,CNC[C@H](O)c1ccc(O)c(O)c1,0,c1ccccc1
TOX4274,CC(C)N(C(=O)CCl)c1ccccc1,0,c1ccccc1
TOX26490,C=CCc1cc(OC)c(O)c(C(=O)NCCO)c1,0,c1ccccc1
TOX27126,CCOC(=O)c1ccccc1OC,0,c1ccccc1
TOX4646,Nc1c(Br)cc([N+](=O)[O-])cc1[N+](=O)[O-],1,c1ccccc1
TOX21617,O=C(Nc1cccc(Cl)c1)OCC#CCCl,1,c1ccccc1
TOX27729,Oc1ccccc1F,0,c1ccccc1
TOX6124,CN(C)c1ccc(N(C)C)cc1,0,c1ccccc1
TOX5863,CCOc1ccccc1N,0,c1ccccc1
TOX25669,CCCCCCCC/C=C\CCCCCCCC(=O)NCc1ccc(O)c(OC)c1,1,c1ccccc1
TOX959,Cc1ccc([N+](=O)[O-])cc1N,0,c1ccccc1
TOX24399,O=P(O)(O)c1ccccc1,0,c1ccccc1
TOX24391,CC(C)c1ccccc1O,0,c1ccccc1
TOX1965,Clc1ccc(Cl)c(Cl)c1,0,c1ccccc1
TOX1968,CCOc1cc(C=O)ccc1O,0,c1ccccc1
TOX1969,COc1cc(C=O)ccc1O,0,c1ccccc1
TOX221,CC(C)(C)c1ccc(O)cc1,1,c1ccccc1
TOX220,CC(C)(C)c1cc(O)ccc1O,1,c1ccccc1
TOX21372,O=C(O)c1cc(Cl)cc([N+](=O)[O-])c1Cl,0,c1ccccc1
TOX21379,COc1cc(C(C)(C)C)c(O)c(C(C)(C)C)c1,1,c1ccccc1
TOX29144,CC[C@H](N)c1ccccc1,0,c1ccccc1
TOX24895,CC(C)(C)OC(=O)c1ccc(O)cc1,1,c1ccccc1
TOX24898,C=Cc1ccc(OC(C)=O)cc1,0,c1ccccc1
TOX4455,CC(=O)Nc1ccc(N)cc1,0,c1ccccc1
TOX4454,CC(=O)Nc1cccc(N)c1,0,c1ccccc1
TOX1139,Nc1cccc(N)c1,1,c1ccccc1
TOX1138,Nc1ccc(N)cc1,1,c1ccccc1
TOX28155,CC(C)(C)c1ccc(N)cc1,0,c1ccccc1
TOX28154,CCCc1ccc(N)cc1,0,c1ccccc1
TOX27646,CC(C)COC(=O)C=Cc1ccccc1,0,c1ccccc1
TOX2448,CCc1cccc(C)c1N(C(=O)CCl)C(C)COC,0,c1ccccc1
TOX5329,Fc1ccccc1,0,c1ccccc1
TOX24808,CC(C)(C)c1ccc(CCC=O)cc1,0,c1ccccc1
TOX29352,CCCCC/C(=C/c1ccccc1)CO,1,c1ccccc1
TOX29350,CCCCCCCCCCCCCC[P+](CCCC)(CCCC)CCCC.CCCCCCCCCCCCc1ccccc1S(=O)(=O)[O-],1,c1ccccc1
TOX29351,O=[N+]([O-])c1ccc(CBr)cc1,0,c1ccccc1
TOX28650,CC(C)Cc1ccc([C@H](C)C(=O)O)cc1,0,c1ccccc1
TOX21347,CC(C)COC(=O)COc1ccc(Cl)cc1Cl,0,c1ccccc1
TOX4661,Cc1ccc(Br)cc1,0,c1ccccc1
TOX21636,CC(=O)OC(C)c1ccccc1,0,c1ccccc1
TOX21639,Cc1ccc(S(=O)(=O)[O-])c(C)c1,0,c1ccccc1
TOX21638,OCCCc1ccccc1,0,c1ccccc1
TOX27933,CCCCCCCCOC(=O)c1ccc(O)cc1,1,c1ccccc1
TOX9338,COc1ccc(Br)c(C)c1,0,c1ccccc1
TOX6101,Oc1c(Cl)c(Cl)cc(Cl)c1Cl,1,c1ccccc1
TOX29330,O=[N+]([O-])c1ccc(S(=O)(=O)O)c([N+](=O)[O-])c1,0,c1ccccc1
TOX5139,CCCCCCCCCCCCCCCCCC[N+](C)(C)Cc1ccccc1,1,c1ccccc1
TOX5138,CN(C)c1ccc(N=O)cc1,0,c1ccccc1
TOX5133,Cc1ccc([N+](=O)[O-])cc1C,0,c1ccccc1
TOX5132,Cc1cccc([N+](=O)[O-])c1C,0,c1ccccc1
TOX5135,Cc1ccc([N+](=O)[O-])c(C)c1,0,c1ccccc1
TOX5134,Cc1cccc(C)c1[N+](=O)[O-],0,c1ccccc1
TOX5137,Cc1ccc(C)c([N+](=O)[O-])c1,0,c1ccccc1
TOX5136,Cc1cc(C)cc([N+](=O)[O-])c1,0,c1ccccc1
TOX21966,COP(=S)(OC)Oc1ccc(S(=O)(=O)N(C)C)cc1,0,c1ccccc1
TOX1656,O=C(O)Cc1ccccc1,0,c1ccccc1
TOX2307,C=Cc1cccc(CCl)c1,0,c1ccccc1
TOX3650,CS(=O)(=O)c1ccc([C@@H](O)[C@@H](COC(=O)CN)NC(=O)C(Cl)Cl)cc1,0,c1ccccc1
TOX209,CCCCOC(=O)c1ccc(O)cc1,1,c1ccccc1
TOX207,CCC(C)c1cc([N+](=O)[O-])cc([N+](=O)[O-])c1O,1,c1ccccc1
TOX21356,O=C([O-])CCCOc1ccc(Cl)cc1Cl,0,c1ccccc1
TOX21359,Cc1cc(O)c(Cl)c(C)c1Cl,1,c1ccccc1
TOX6684,CCCCCCC(C=O)=Cc1ccccc1,0,c1ccccc1
TOX7887,CCCCC(CC)COC(=O)c1c(Br)c(Br)c(Br)c(Br)c1C(=O)OCC(CC)CCCC,0,c1ccccc1
TOX5483,CC(C)OC(=O)Cc1ccccc1,0,c1ccccc1
TOX14885,COP(=S)(OC)Oc1cc(Cl)c(Cl)cc1Cl,1,c1ccccc1
TOX6974,CCC(C)(C)c1ccc(O)c(C(C)(C)CC)c1,1,c1ccccc1
TOX6975,Cc1ccc([N+](=O)[O-])cc1S(=O)(=O)O,0,c1ccccc1
TOX14085,CC(C)(C)CC(C)(C)c1ccc(OCCO)cc1,1,c1ccccc1
TOX27191,C=CC(C)(CCC=C(C)C)OC(=O)c1ccccc1,1,c1ccccc1
TOX27199,CCCc1ccc(O)c(OC)c1,0,c1ccccc1
TOX1338,CS(=O)(=O)c1ccc([C@@H](O)[C@@H](CO)NC(=O)C(Cl)Cl)cc1,0,c1ccccc1
TOX9105,Cc1ccc(S(N)(=O)=O)cc1,0,c1ccccc1
TOX17576,CON(C)C(=O)Nc1ccc(Cl)cc1,0,c1ccccc1
TOX1488,O=C(O)c1cc(C(=O)O)cc(C(=O)O)c1,0,c1ccccc1
TOX17571,COP(=O)(OC)Oc1ccc([N+](=O)[O-])cc1,0,c1ccccc1
TOX1485,O=C(O)c1cccc(C(=O)O)c1,0,c1ccccc1
TOX1484,O=C(O)c1ccccc1C(=O)O,0,c1ccccc1
TOX1487,O=C(O)c1ccc(C(=O)O)c(C(=O)O)c1,0,c1ccccc1
TOX1486,O=C(O)c1cccc(C(=O)O)c1C(=O)O,0,c1ccccc1
TOX6535,O=C(O)c1ccc(S(=O)(=O)O)cc1C(=O)O,0,c1ccccc1
TOX2685,CC[N+](C)(C)Cc1ccccc1Br,0,c1ccccc1
TOX28178,CCC(=O)c1ccc(Cl)cc1,0,c1ccccc1
TOX28175,Cc1cc(C)c(C(=O)O)c(C)c1,0,c1ccccc1
TOX28174,CCCCOc1ccc(N)cc1,0,c1ccccc1
TOX28177,CC(C)C(=O)c1ccccc1,0,c1ccccc1
TOX28171,CC(C)(C)c1ccc(S)cc1,0,c1ccccc1
TOX28170,CCCCCCOc1ccc(O)cc1,1,c1ccccc1
TOX5302,CCCCC(CC)COC(=O)C=Cc1ccc(OC)cc1,0,c1ccccc1
TOX14700,Cc1cc(Cl)ccc1OCC(=O)[O-],0,c1ccccc1
TOX26108,CC(=O)NC(=O)c1ccccc1O,0,c1ccccc1
TOX4238,CCCN(CCC)c1c([N+](=O)[O-])cc(S(N)(=O)=O)cc1[N+](=O)[O-],1,c1ccccc1
TOX350,COc1ccc(C)cc1N,0,c1ccccc1
TOX21656,O=C(O)c1cc(Br)c(O)c(Br)c1,0,c1ccccc1
TOX21653,COC(=O)c1c(C)cc(O)c(C)c1O,1,c1ccccc1
TOX21659,N#Cc1ccc(C(=O)O)cc1,0,c1ccccc1
TOX9315,CCC(C)c1cc(C(C)(C)C)c(O)c(C(C)(C)C)c1,1,c1ccccc1
TOX1364,Cc1ccccc1N,0,c1ccccc1
TOX9649,NCc1cccc(CN)c1,0,c1ccccc1
TOX25626,O=C(O)CCNC(=O)c1ccccc1,0,c1ccccc1
TOX25488,Nc1cc(C(Cl)=C(Cl)Cl)c(S(N)(=O)=O)cc1S(N)(=O)=O,0,c1ccccc1
TOX4500,Nc1cc(S(=O)(=O)O)ccc1O,0,c1ccccc1
TOX263,O=C(O)CCCc1ccc(N(CCCl)CCCl)cc1,0,c1ccccc1
TOX262,Nc1cc(Cl)cc(C(=O)O)c1Cl,0,c1ccccc1
TOX265,O=C(N[C@H](CO)[C@H](O)c1ccc([N+](=O)[O-])cc1)C(Cl)Cl,0,c1ccccc1
TOX6161,Cc1ccccc1C(=O)O,0,c1ccccc1
TOX24410,O=S(=O)([O-])c1cc(O)ccc1O,0,c1ccccc1
TOX9124,Cc1cc(C)c(C)cc1C,0,c1ccccc1
TOX17551,CN(C)C(=O)Nc1ccccc1,0,c1ccccc1
TOX4499,Nc1ccc(O)cc1,1,c1ccccc1
TOX4498,Nc1ccccc1O,1,c1ccccc1
TOX4497,Nc1cccc(O)c1,0,c1ccccc1
TOX24948,COC(=O)c1cc(Cl)ccc1[N+](=O)[O-],0,c1ccccc1
TOX12386,C=C(C)CN(CC)c1c([N+](=O)[O-])cc(C(F)(F)F)cc1[N+](=O)[O-],1,c1ccccc1
TOX25540,Cc1cccc(C)c1NC(=O)C(C)N,0,c1ccccc1
TOX14769,CCCCCCCCC(=O)NCc1ccc(O)c(OC)c1,0,c1ccccc1
TOX4967,Nc1cc(Cl)ccc1Cl,0,c1ccccc1
TOX4966,Nc1ccc(Cl)cc1Cl,0,c1ccccc1
TOX7436,O=[PH](O)c1ccccc1,0,c1ccccc1
TOX26161,O=C(O)CNC(=O)c1ccccc1I,0,c1ccccc1
TOX26163,CCNC(=O)NCc1cccc(Cl)c1,0,c1ccccc1
TOX27567,CCC(C)C(=O)OCCc1ccccc1,0,c1ccccc1
TOX5569,Cc1ccccc1C(N)=O,0,c1ccccc1
TOX5567,COC(=O)c1ccccc1N,0,c1ccccc1
TOX27784,CC(CN(C)C)C(C)(O)Cc1ccc(Cl)cc1,0,c1ccccc1
TOX5879,O=C(O)C=Cc1ccc(C=CC(=O)O)cc1,0,c1ccccc1
TOX22325,CCCc1ccc(OC)cc1,0,c1ccccc1
TOX4774,FC(F)(F)c1ccccc1Cl,0,c1ccccc1
TOX4772,O=C(O)c1ccc(Cl)cc1,0,c1ccccc1
TOX4773,FC(F)(F)c1cccc(Cl)c1,0,c1ccccc1
TOX7239,Cc1cc([N+](=O)[O-])c(O)c([N+](=O)[O-])c1,1,c1ccccc1
TOX13241,CC(=O)CCc1ccccc1,0,c1ccccc1
TOX6308,Cc1ccc(N)cc1C,0,c1ccccc1
TOX24553,Cc1ccccc1S(=O)(=O)[O-],0,c1ccccc1
TOX25976,CC(=O)Oc1cccc(C(=O)O)c1OC(C)=O,0,c1ccccc1
TOX241,COc1cc(CNC(=O)CCCC/C=C/C(C)C)ccc1O,0,c1ccccc1
TOX246,NC(=O)Nc1ccc([As](=O)(O)O)cc1,0,c1ccccc1
TOX245,NC(=O)NNc1ccccc1,0,c1ccccc1
TOX21317,O=C(O)c1cc(I)cc(I)c1I,0,c1ccccc1
TOX29124,O=C(CC(=O)C(F)(F)F)c1ccccc1,1,c1ccccc1
TOX22521,Cc1c(C(N)=O)cc([N+](=O)[O-])cc1[N+](=O)[O-],0,c1ccccc1
TOX27594,CCCCCCCCc1ccc(S(=O)(=O)[O-])cc1,0,c1ccccc1
TOX5991,O=Nc1ccc(O)cc1,1,c1ccccc1
TOX20802,CC(C)CCCCCCc1ccc(OCCOCCO)cc1,0,c1ccccc1
TOX7593,Clc1ccc(C(Cl)(Cl)Cl)cc1,0,c1ccccc1
TOX7833,CCc1cccc(C)c1N,0,c1ccccc1
TOX25003,CCOCC(O)COc1ccc(NC(=O)CC[S+](C)C)cc1,0,c1ccccc1
TOX1189,CNNCc1ccc(C(=O)NC(C)C)cc1,0,c1ccccc1
TOX6088,Clc1ccc(Cl)c(Cl)c1Cl,0,c1ccccc1
TOX6080,O=C(O)c1ccc(C(=O)O)cc1,0,c1ccccc1
TOX25783,Cc1cccc(C)c1OCC(C)N,0,c1ccccc1
TOX25782,COc1ccc(OC)c(C(O)C(C)N)c1,0,c1ccccc1
TOX21336,[O-]c1cc(Cl)c(Cl)cc1Cl,1,c1ccccc1
TOX24347,COc1ccc(C(C)=O)cc1,0,c1ccccc1
TOX7452,COc1cc(Cl)ccc1Cl,0,c1ccccc1
TOX26146,C[C@@H](Cc1ccccc1)N(C)C,0,c1ccccc1
TOX26144,CCCCNCC(O)c1ccc(O)cc1,0,c1ccccc1
TOX5503,C=CC(C)(CCC=C(C)C)OC(=O)c1ccccc1N,0,c1ccccc1
TOX13047,CSc1ccc(C=O)cc1,0,c1ccccc1
TOX1405,Cc1c([N+](=O)[O-])c(C)c([N+](=O)[O-])c(C(C)(C)C)c1[N+](=O)[O-],1,c1ccccc1
TOX7218,CCc1cccc(CC)c1N,0,c1ccccc1
TOX7219,O=C([O-])c1ccccc1,0,c1ccccc1
TOX24571,CC(C)c1cccc(O)c1,1,c1ccccc1
TOX25992,C[C@@H]([C@H](O)c1ccccc1)N(C)C,0,c1ccccc1
TOX2360,CC(C)(C)CC(C)(C)c1ccc(O)cc1,1,c1ccccc1
TOX25697,CC(=O)NC(Cc1ccccc1)C(=O)O,0,c1ccccc1
TOX3011,CCN(CC)S(=O)(=O)c1ccc(C(=O)O)cc1,0,c1ccccc1
TOX22507,NC(=O)Nc1ccccc1,0,c1ccccc1
TOX6994,CCCCCCCCCCCCc1ccccc1,0,c1ccccc1
TOX7866,CCc1ccccc1CC,0,c1ccccc1
TOX4102,CCOP(=O)(NC(C)C)Oc1ccc(SC)c(C)c1,0,c1ccccc1
TOX4100,CCOC(=O)COC(=O)c1ccccc1C(=O)OCC,0,c1ccccc1
TOX21699,C#CC(C)N(C)C(=O)Nc1ccc(Cl)cc1,0,c1ccccc1
TOX27064,O=C(O)CCc1ccccc1,0,c1ccccc1
TOX27065,COc1ccccc1OC,0,c1ccccc1
TOX27060,COc1cccc(OC)c1,0,c1ccccc1
TOX24901,C=CCOC(=O)c1ccc(C(=O)OCC=C)c(C(=O)OCC=C)c1,0,c1ccccc1
TOX25341,CCCNC(C)(C)COC(=O)c1ccccc1,0,c1ccccc1
TOX22422,OCC(O)c1ccccc1,0,c1ccccc1
TOX1717,Cc1cc(O)ccc1Cl,1,c1ccccc1
TOX1716,Oc1c(Cl)cc(Cl)c(Cl)c1Cl,1,c1ccccc1
TOX25763,COC(=O)[C@@H](N)Cc1ccc(O)c(O)c1,0,c1ccccc1
TOX2193,C=C(C)C(=O)OCc1ccccc1,0,c1ccccc1
TOX25500,CS(=O)(=O)c1ccc([C@@H](O)[C@@H](CF)NC(=O)C(Cl)Cl)cc1,0,c1ccccc1
TOX5570,CNC(=O)c1ccccc1,0,c1ccccc1
TOX21502,Cc1cc(O)c(C(C)(C)C)cc1C(C)(C)C,1,c1ccccc1
TOX21507,COc1ccc(Cl)cc1C,0,c1ccccc1
TOX288,Cc1cc(Cl)ccc1N,0,c1ccccc1
TOX8040,CCC(CC)Nc1ccc(C)c(C)c1,0,c1ccccc1
TOX3150,CC(=O)NCc1c(I)c(NC(C)=O)c(I)c(C(=O)O)c1I,0,c1ccccc1
TOX20296,O=C(O)c1c(Cl)ccc(Cl)c1Cl,0,c1ccccc1
TOX4512,Nc1cccc(C(F)(F)F)c1,0,c1ccccc1
TOX27863,CCCCCOC(=O)c1ccc(O)cc1,1,c1ccccc1
TOX27861,CCCCCCCCCOC(=O)c1ccc(O)cc1,1,c1ccccc1
TOX5064,Nc1ccc(F)cc1F,0,c1ccccc1
TOX5068,CCCCCCOC(=O)c1ccccc1C(=O)OCCCCCC,0,c1ccccc1
TOX6602,CC(C)(C)c1ccc(O)c(C(C)(C)C)c1,1,c1ccccc1
TOX12405,CNC(=O)Oc1cccc(N=CN(C)C)c1,0,c1ccccc1
TOX286,Cc1ccc(N)cc1Cl,0,c1ccccc1
TOX284,Nc1ccc(N)c(Cl)c1,1,c1ccccc1
TOX283,Nc1ccc(Cl)cc1N,1,c1ccccc1
TOX282,Nc1ccc(Cl)c(N)c1,0,c1ccccc1
TOX280,O=[N+]([O-])c1ccccc1Cl,0,c1ccccc1
TOX22198,CCCCNS(=O)(=O)c1ccc(C)cc1,0,c1ccccc1
TOX7806,O=C([O-])CNc1ccccc1,0,c1ccccc1
TOX3292,CNC(C)Cc1ccccc1OC,0,c1ccccc1
TOX21828,COP(=S)(OC)Oc1ccc(S(N)(=O)=O)cc1,0,c1ccccc1
TOX27662,Cc1ccc(C(C)NC(=O)[C@@H](NC(=O)OC(C)C)C(C)C)cc1,0,c1ccccc1
TOX4128,Brc1c(Br)c(Br)c(Br)c(Br)c1Br,0,c1ccccc1
TOX27001,COC(Cc1ccccc1)OC,0,c1ccccc1
TOX5659,COC(=O)c1ccccc1O,0,c1ccccc1
TOX25748,CCN(CC)CCNC(=O)c1ccc(NC(C)=O)cc1,0,c1ccccc1
TOX25741,COP(=O)(OC)OC(c1ccc(Cl)cc1)P(=O)(OC)OC,0,c1ccccc1
TOX28246,CN(C)C=Nc1c(I)cc(I)c(CCC(=O)[O-])c1I,0,c1ccccc1
TOX28245,CC(=O)Nc1c(I)c(C(=O)[O-])c(I)c(N(C)C(C)=O)c1I,0,c1ccccc1
TOX25521,O=C(NCC(O)CO)c1c(I)c(C(=O)NCC(O)CO)c(I)c(N(CCO)C(=O)CO)c1I,0,c1ccccc1
TOX7390,O=S(=O)(O)c1ccccc1O,0,c1ccccc1
TOX24435,CCN(CC)CCOC(=O)c1ccc(N)cc1,0,c1ccccc1
TOX24437,Nc1cc(N)cc(C(=O)O)c1,0,c1ccccc1
TOX12365,N#Cc1c(Cl)cccc1Cl,0,c1ccccc1
TOX143,O=C(O)c1ccccc1,0,c1ccccc1
TOX148,ClC(Cl)(Cl)c1ccccc1,0,c1ccccc1
TOX828,COc1ccc(O)cc1,0,c1ccccc1
TOX5896,C[C@@H](N)[C@@H](O)c1ccccc1,0,c1ccccc1
TOX6811,Sc1ccccc1,0,c1ccccc1
TOX26270,CCC(C(=O)OCCOCCN(CC)CC)c1ccccc1.O=C(O)CC(O)(CC(=O)O)C(=O)O,0,c1ccccc1
TOX26275,NS(=O)(=O)c1ccc(NC(=O)CCC(=O)O)cc1,0,c1ccccc1
TOX20720,Nc1cc(Cl)c(O)c(Cl)c1,1,c1ccccc1
TOX2086,NC(=O)c1ccc([N+](=O)[O-])cc1,0,c1ccccc1
TOX1544,Oc1ccccc1Cl,0,c1ccccc1
TOX27493,COc1ccc(OC)c(C(O)CNC(=O)CN)c1,0,c1ccccc1
TOX27497,CCCCCCCCCCOC(=O)c1ccccc1C(=O)OCCCCCCCC,0,c1ccccc1
TOX7259,N#Cc1cccc(C#N)c1,0,c1ccccc1
TOX24606,Cc1ccc(NC(=O)N(C)C)cc1NC(=O)N(C)C,0,c1ccccc1
TOX24609,N#Cc1c(F)cccc1F,0,c1ccccc1
TOX2014,COc1ccc(OC)cc1,0,c1ccccc1
TOX2420,NCCc1ccc(O)c(O)c1,0,c1ccccc1
TOX26045,CC(=O)N[C@@H](Cc1ccc(O)cc1)C(=O)O,0,c1ccccc1
TOX1236,Nc1ccc(NCCO)c([N+](=O)[O-])c1,1,c1ccccc1
TOX27648,CC(=O)OCCCc1ccccc1,0,c1ccccc1
TOX27649,COc1ccc(COC=O)cc1,0,c1ccccc1
TOX27027,CC(C)CC(C)CC(C)CC(C)COC(=O)c1ccccc1C(=O)OCC(C)CC(C)CC(C)CC(C)C,0,c1ccccc1
TOX25695,COc1cc(C(=O)NCCCCCC(=O)O)cc(OC)c1OC,0,c1ccccc1
TOX6060,CC(=O)NS(=O)(=O)c1ccc(N)cc1,0,c1ccccc1
TOX1284,C=Cc1ccccc1,0,c1ccccc1
TOX25899,CCCCCCOc1ccccc1C(N)=O,1,c1ccccc1
TOX2480,CCc1cccc(O)c1,0,c1ccccc1
TOX2489,O=C(O)/C=C/c1ccccc1,0,c1ccccc1
TOX25492,CCc1cccc(CC)c1NC(=O)CN(CC(=O)O)CC(=O)O,0,c1ccccc1
TOX28913,O=C(OCCO)c1ccccc1O,0,c1ccccc1
TOX21851,CN(C)S(=O)(=O)N(SC(F)(Cl)Cl)c1ccccc1,1,c1ccccc1
TOX2220,Oc1cc(Cl)c(Cl)c(Cl)c1Cl,1,c1ccccc1
TOX24414,Nc1cc(C(=O)O)ccc1Cl,0,c1ccccc1
TOX3286,COc1ccccc1OCC(O)COC(N)=O,0,c1ccccc1
TOX12309,CCCCOCCOC(=O)COc1ccc(Cl)cc1Cl,0,c1ccccc1
TOX21188,C/C(=C\c1ccccc1)[N+](=O)[O-],1,c1ccccc1
TOX21185,N#CCc1ccc(Cl)cc1Cl,0,c1ccccc1
TOX24353,CCOC(=O)Cc1ccccc1,0,c1ccccc1
TOX21547,Cc1cc(O)c(C(C)C)cc1Cl,1,c1ccccc1
TOX5873,O=C(O)COc1ccccc1,0,c1ccccc1
TOX26891,Cc1cc(C)c(NC(=O)CN(CC(=O)O)CC(=O)O)c(C)c1Br,0,c1ccccc1
TOX17750,CC/C=C\CCOC(=O)c1ccccc1O,0,c1ccccc1
TOX26256,CC(=O)Nc1ccc(OC(C)=O)cc1,0,c1ccccc1
TOX20707,CCCCCc1ccc(N)cc1,0,c1ccccc1
TOX20702,Cc1ccc(Cl)cc1Cl,0,c1ccccc1
TOX20703,CC(C)(C)c1ccc(C(=O)O)cc1,0,c1ccccc1
TOX20700,CO[Si](OC)(OC)c1ccccc1,0,c1ccccc1
TOX1563,Oc1cc(O)c(Cl)cc1Cl,1,c1ccccc1
TOX24620,COC(=O)c1ccc(C(=O)OC)c(C(=O)OC)c1,0,c1ccccc1
TOX28703,CCCCNc1ccc(C(=O)OCC[NH+](CC)CC)cc1,0,c1ccccc1
TOX20,CC(=O)Nc1ccc(CC(=O)O)cc1,0,c1ccccc1
TOX716,Oc1ccc(O)cc1,0,c1ccccc1
TOX6641,O=C(Cl)c1cccc(C(=O)Cl)c1,0,c1ccccc1
TOX6647,O=C(O)c1ccc(O)cc1,0,c1ccccc1
TOX6645,Cc1ccc(C(C)C)cc1,0,c1ccccc1
TOX829,COC(C(=O)O)c1ccccc1,0,c1ccccc1
TOX826,COc1cccc(O)c1O,0,c1ccccc1
TOX2549,CC(=O)Nc1c(I)cc(I)c(C(=O)O)c1I,0,c1ccccc1
TOX4869,CC(C)(OO)c1ccccc1,0,c1ccccc1
TOX26066,Nc1ccc(C(=O)[O-])c(O)c1,0,c1ccccc1
TOX21756,CCNC(=O)C(C)OC(=O)Nc1ccccc1,0,c1ccccc1
TOX5610,COC(=O)c1ccc(C=O)cc1,0,c1ccccc1
TOX25702,CCN(CC)CC(=O)Nc1c(C)cc(C)cc1C,0,c1ccccc1
TOX14210,CCCN(CCC)c1c([N+](=O)[O-])cc(C(F)(F)F)c(N)c1[N+](=O)[O-],1,c1ccccc1
TOX4699,CC(C)(C)OOC(=O)c1ccccc1,0,c1ccccc1
TOX3516,CCCN(CCC)C(=O)C(CCC(=O)O)NC(=O)c1ccccc1,0,c1ccccc1
TOX24470,CCC(=O)c1ccccc1,0,c1ccccc1
TOX24473,O=S(=O)(O)c1ccc(Cl)cc1,0,c1ccccc1
TOX108,CC(=O)Oc1ccccc1C(=O)O,0,c1ccccc1
TOX4981,O=C(O)c1cc(Cl)cc(Cl)c1,0,c1ccccc1
TOX4980,O=C(O)c1ccc(Cl)c(Cl)c1,0,c1ccccc1
TOX5587,CC(C=O)=Cc1ccccc1,0,c1ccccc1
TOX14981,CCCC[Sn](CCCC)(CCCC)OC(=O)c1ccccc1,1,c1ccccc1
TOX26231,COc1ccc(C(=O)/C(Br)=C\C(=O)O)cc1,0,c1ccccc1
TOX4320,Clc1cc(Cl)c(Cl)cc1Cl,0,c1ccccc1
TOX4065,O=[N+]([O-])c1cccc([N+](=O)[O-])c1,0,c1ccccc1
TOX4066,O=[N+]([O-])c1ccccc1[N+](=O)[O-],1,c1ccccc1
TOX4062,Cc1ccc(O)cc1C,0,c1ccccc1
TOX4063,Cc1cccc(C)c1O,0,c1ccccc1
TOX6,CC(=O)Nc1ccc(O)cc1,0,c1ccccc1
TOX24868,CC(=O)Nc1ccc(C)cc1C,0,c1ccccc1
TOX1002,CN(N=O)c1ccc([N+](=O)[O-])cc1,0,c1ccccc1
TOX28763,CC(COc1ccccc1)NN,0,c1ccccc1
TOX28769,CCOP(=O)(CC)Oc1ccc([N+](=O)[O-])cc1,0,c1ccccc1
TOX9247,CC(C)(O)c1ccc(C(C)(C)O)cc1,0,c1ccccc1
TOX5005,Oc1ccc(Cl)c(Cl)c1,1,c1ccccc1
TOX5004,Oc1c(Cl)cccc1Cl,0,c1ccccc1
TOX2051,Cc1ccccc1C=O,0,c1ccccc1
TOX5006,Oc1cc(Cl)cc(Cl)c1,1,c1ccccc1
TOX5001,Oc1cccc(Cl)c1Cl,1,c1ccccc1
TOX2056,Clc1cccc(Cl)c1,0,c1ccccc1
TOX5003,Oc1cc(Cl)ccc1Cl,1,c1ccccc1
TOX4157,CCCN(CCC)c1c([N+](=O)[O-])cc(C(C)C)cc1[N+](=O)[O-],1,c1ccccc1
TOX18756,O=Cc1ccc(F)cc1,0,c1ccccc1
TOX732,CC(C)Cc1ccc(C(C)C(=O)O)cc1,1,c1ccccc1
TOX12464,CCCSP(=O)(OCC)Oc1ccc(Br)cc1Cl,1,c1ccccc1
TOX596,CCc1ccccc1,0,c1ccccc1
TOX7167,CC(C)(CCl)c1ccccc1,0,c1ccccc1
TOX1839,NCc1ccccc1,0,c1ccccc1
TOX1834,O=[N+]([O-])c1ccc(O)cc1,1,c1ccccc1
TOX1831,Cc1cccc([N+](=O)[O-])c1,0,c1ccccc1
TOX1832,Cc1ccc(N(C)C)cc1,0,c1ccccc1
TOX26007,CNCc1ccccc1,0,c1ccccc1
TOX27603,CC(C)CC(=O)OCc1ccccc1,0,c1ccccc1
TOX27601,CC(C)(O)Cc1ccccc1,0,c1ccccc1
TOX27606,CCC(=O)OC/C=C/c1ccccc1,0,c1ccccc1
TOX27604,CCCC(=O)OCCc1ccccc1,0,c1ccccc1
TOX27608,CC(C)C(=O)OCC=Cc1ccccc1,0,c1ccccc1
TOX6022,Nc1ccc([As](=O)([O-])O)cc1,0,c1ccccc1
TOX9036,CCCCCCCc1ccc(O)cc1,1,c1ccccc1
TOX5639,Cc1cccc([N+](=O)[O-])c1C(=O)O,0,c1ccccc1
TOX2912,CC(=O)Nc1c(I)c(NC(C)=O)c(I)c(C(=O)[O-])c1I,0,c1ccccc1
TOX5633,Cc1ccc(N)cc1[N+](=O)[O-],0,c1ccccc1
TOX5637,Cc1c(C(=O)O)cccc1[N+](=O)[O-],0,c1ccccc1
TOX22203,CCCN(CCC)c1c([N+](=O)[O-])cc(S(C)(=O)=O)cc1[N+](=O)[O-],0,c1ccccc1
TOX14232,CC(Oc1cccc(Cl)c1)C(=O)O,0,c1ccccc1
TOX24989,O=Cc1ccc(F)c(Br)c1,0,c1ccccc1
TOX28958,O=C(O)c1ccccc1S,0,c1ccccc1
TOX28954,OCC(O)COc1ccc(Cl)cc1,0,c1ccccc1
TOX24981,O=P(O)(O)Oc1ccccc1,0,c1ccccc1
TOX25851,CCC(=O)c1c(O)cc(O)cc1O,1,c1ccccc1
TOX1790,O=[N+]([O-])c1ccccc1O,0,c1ccccc1
TOX1065,Cc1ccccc1N=O,0,c1ccccc1
TOX697,CCCCCCOc1cc(C)c(O)c(C)c1C,1,c1ccccc1
TOX3792,Cc1ccc([N+](=O)[O-])cc1,0,c1ccccc1
TOX21133,O=C(CCCCCCC(=O)Nc1ccccc1)NO,0,c1ccccc1
TOX22448,CCCCNc1ccc(C(=O)OCCN(C)C)cc1,0,c1ccccc1
TOX25320,CCC(C)(CN(C)C)OC(=O)c1ccccc1,0,c1ccccc1
TOX15616,O=[N+]([O-])c1ccccc1[O-],0,c1ccccc1
TOX26710,NCC(O)c1cccc(O)c1,0,c1ccccc1
TOX6212,Oc1cc(Cl)c(Cl)c(Cl)c1,1,c1ccccc1
TOX4046,CCOP(=O)(OCC)Oc1ccc([N+](=O)[O-])cc1,0,c1ccccc1
TOX27166,COc1ccc(CCC(C)=O)cc1,0,c1ccccc1
TOX24846,O=Cc1ccc(Cl)c([N+](=O)[O-])c1,0,c1ccccc1
TOX5794,O=[N+]([O-])c1cccc(C(F)(F)F)c1,0,c1ccccc1
TOX5791,Cc1ccccc1[N+](=O)[O-],0,c1ccccc1
TOX5793,O=[N+]([O-])c1ccccc1C(F)(F)F,0,c1ccccc1
TOX9265,COc1cc(NC(=O)CC(C)=O)c(OC)cc1Cl,0,c1ccccc1
TOX2079,Oc1c(Br)c(Br)c(Br)c(Br)c1Br,1,c1ccccc1
TOX25139,NC(Cc1ccc(Cl)cc1)C(=O)O,0,c1ccccc1
TOX62,Nc1cc([N+](=O)[O-])ccc1O,1,c1ccccc1
TOX63,Nc1ccc([N+](=O)[O-])cc1O,1,c1ccccc1
TOX64,Nc1ccc(O)c([N+](=O)[O-])c1,1,c1ccccc1
TOX28745,CC(=O)OCC(=O)Nc1cc(C#N)cc(NC(=O)COC(C)=O)c1Cl,0,c1ccccc1
TOX7142,FC(F)(F)c1ccc(Cl)c(Cl)c1,0,c1ccccc1
TOX7143,O=C=Nc1cccc(C(F)(F)F)c1,1,c1ccccc1
TOX1815,Nc1ccc(Cl)c(Cl)c1,0,c1ccccc1
TOX1810,Nc1ccccc1Cl,0,c1ccccc1
TOX4821,FC(F)(F)c1ccc(Cl)cc1,0,c1ccccc1
TOX13863,C=Cc1ccc(C=C)cc1,0,c1ccccc1
TOX15138,Nc1ccc([As](=O)(O)O)cc1,0,c1ccccc1
TOX7551,COC(=O)c1cc(C(=O)OC)cc(S(=O)(=O)[O-])c1,0,c1ccccc1
TOX21248,CC(C)(C)c1cc(O)c(C(C)(C)C)cc1O,1,c1ccccc1
TOX9017,CC(C)CCCCOC(=O)c1ccccc1C(=O)OCCCCC(C)C,0,c1ccccc1
TOX8300,CC(C)(C)C(=O)CCc1ccc(Cl)cc1,0,c1ccccc1
TOX6797,Cc1cc(C)cc(C)c1,0,c1ccccc1
TOX1363,Cc1cccc(N)c1,0,c1ccccc1
TOX20352,C/C=C/C(=O)Oc1c(CCCCCC(C)C)cc([N+](=O)[O-])cc1[N+](=O)[O-],1,c1ccccc1
TOX26974,OCCSc1ccccc1,0,c1ccccc1
TOX27087,COC(=O)c1ccccc1OC,0,c1ccccc1
TOX27080,CCc1ccc(C=O)cc1,0,c1ccccc1
TOX22269,CCOP(=S)(OCC)SCSc1cc(Cl)ccc1Cl,0,c1ccccc1
TOX28971,COCCCOc1cc(C[C@@H](C[C@H](N)[C@@H](O)C[C@H](C(=O)NCC(C)(C)C(N)=O)C(C)C)C(C)C)ccc1OC,0,c1ccccc1
TOX7319,Cc1c(N)cccc1N,1,c1ccccc1
TOX4568,O=S(=O)(O)c1ccccc1,0,c1ccccc1
TOX25836,NC(=O)c1cc([N+](=O)[O-])cc([N+](=O)[O-])c1,0,c1ccccc1
TOX5215,CCCCCCCCCCCOC(=O)c1ccccc1C(=O)OCCCCCCCCCCC,0,c1ccccc1
TOX5216,C=Cc1ccccc1C=C,0,c1ccccc1
TOX5219,CCCCCCCCCC(CC)c1ccc(S(=O)(=O)[O-])cc1,0,c1ccccc1
TOX3114,COc1ccccc1OCC(O)CO,0,c1ccccc1
TOX5812,CCCCCc1cc(O)cc(O)c1,1,c1ccccc1
TOX6548,CN(C)Cc1cc(CN(C)C)c(O)c(CN(C)C)c1,0,c1ccccc1
TOX11131,CCCCCOC(=O)c1ccccc1C(=O)OCCCCC,0,c1ccccc1
TOX11133,CCCOC(=O)c1ccccc1C(=O)OCCC,0,c1ccccc1
TOX29267,CCOC(=O)c1ccc(I)cc1,0,c1ccccc1
TOX29265,CN(C)c1ccc(CCO)cc1,0,c1ccccc1
TOX22072,CNC(=O)Oc1ccccc1C(C)C,0,c1ccccc1
TOX22077,CC(C)c1ccc(NC(=O)N(C)C)cc1,0,c1ccccc1
TOX27412,CCC(=O)C=Cc1ccc(OC)cc1,0,c1ccccc1
TOX4799,O=[N+]([O-])c1cc(C(F)(F)F)ccc1Cl,0,c1ccccc1
TOX27419,CC(C)CC=C(C=O)c1ccccc1,1,c1ccccc1
TOX24825,CC(C)(C)c1cccc(O)c1,1,c1ccccc1
TOX24822,CC(CCO)CCc1ccccc1,0,c1ccccc1
TOX1458,O=[N+]([O-])c1ccc(NCCO)c(OCCO)c1,0,c1ccccc1
TOX25157,N=C(N)NC(=O)Cc1c(Cl)cccc1Cl,0,c1ccccc1
TOX1871,Oc1ccc(Cl)cc1,1,c1ccccc1
TOX1365,Cc1ccc(N)cc1,0,c1ccccc1
TOX15156,CCC(=O)OCCc1ccccc1,0,c1ccccc1
TOX336,CCOC(=O)C(C)(C)Oc1ccc(Cl)cc1,0,c1ccccc1
TOX21263,Cc1c(Cl)cccc1[N+](=O)[O-],0,c1ccccc1
TOX963,Nc1cc([N+](=O)[O-])ccc1C(=O)O,1,c1ccccc1
TOX612,CCC(C(=O)NC(N)=O)c1ccccc1,0,c1ccccc1
TOX28547,O=P([O-])(O)C(Sc1ccc(Cl)cc1)P(=O)([O-])O,0,c1ccccc1
TOX1201,CCCOC(=O)c1cc(O)c(O)c(O)c1,1,c1ccccc1
TOX4589,FC(F)(F)c1ccccc1,0,c1ccccc1
TOX650,O=C(O)c1cc(O)c(O)c(O)c1,0,c1ccccc1
TOX652,Cc1ccc(C)c(OCCCC(C)(C)C(=O)O)c1,0,c1ccccc1
TOX24495,CC(=O)CCc1ccc(O)cc1,0,c1ccccc1
TOX27945,O=C(O)c1ccccc1O.OCCN(CCO)CCO,0,c1ccccc1
TOX2510,Cc1cc(Cl)ccc1O,1,c1ccccc1
TOX3170,CC(C)COC(=O)c1ccc(N)cc1,0,c1ccccc1
TOX6527,Cc1cc(S(=O)(=O)O)c(N)cc1Cl,0,c1ccccc1
TOX6526,Cc1ccc(N)c(S(=O)(=O)O)c1,0,c1ccccc1
TOX6525,CC(C)(C)c1ccccc1O,1,c1ccccc1
TOX6529,Cc1ccc(C(C)(C)C)c(O)c1,1,c1ccccc1
TOX6528,Cc1cc(N)c(S(=O)(=O)O)cc1Cl,0,c1ccccc1
TOX25368,CCCCOc1ccc(CC(=O)NO)cc1,0,c1ccccc1
TOX430,Clc1ccccc1Cl,0,c1ccccc1
TOX431,Clc1ccc(Cl)cc1,0,c1ccccc1
TOX439,Oc1ccc(Cl)cc1Cl,1,c1ccccc1
TOX1995,CCN(CC)C(=O)c1cccc(C)c1,0,c1ccccc1
TOX7925,CC(C)(C)CC(C)(C)c1ccccc1O,1,c1ccccc1
TOX7926,CCCCCCCCCCCCc1ccccc1O,1,c1ccccc1
TOX4000,COC(=O)c1c(Cl)c(Cl)c(C(=O)OC)c(Cl)c1Cl,0,c1ccccc1
TOX21452,CCCC(C)c1ccccc1O,1,c1ccccc1
TOX27439,CC(C)CCOCc1ccccc1,0,c1ccccc1
TOX2053,Cc1cc([N+](=O)[O-])cc([N+](=O)[O-])c1O,1,c1ccccc1
TOX27120,CC(=O)c1c(C)cc(C(C)(C)C)cc1C,0,c1ccccc1
TOX8114,CCN(CC#N)c1cccc(C)c1,0,c1ccccc1
TOX5759,O=C(O)CNC(=O)c1ccc([N+](=O)[O-])cc1,0,c1ccccc1
TOX1436,C=Cc1cccc(C)c1,0,c1ccccc1
TOX1402,Cc1ccc(C)c(C)c1,0,c1ccccc1
TOX21877,CC(=O)OC(C)(C)Cc1ccccc1,0,c1ccccc1
TOX4163,CON(C)C(=O)Nc1ccc(Cl)c(Cl)c1,1,c1ccccc1
TOX24773,C=C(C)C(=O)OCCOc1ccccc1,0,c1ccccc1
TOX24770,COc1ccc(COC(C)=O)cc1,0,c1ccccc1
TOX24777,CC(C)(O)C(=O)c1ccc(OCCO)cc1,0,c1ccccc1
TOX1851,CC(C)(O)CCc1ccccc1,0,c1ccccc1
TOX1856,CCCCc1ccc(N)cc1,0,c1ccccc1
TOX1854,CN(C)Cc1ccccc1,0,c1ccccc1
TOX6157,Cc1c(N=C=O)cccc1N=C=O,0,c1ccccc1
TOX352,O=NN([O-])c1ccccc1,0,c1ccccc1
TOX17756,CC(CO)c1ccccc1,0,c1ccccc1
TOX26421,O=S(=O)(O)c1ccc(O)cc1,1,c1ccccc1
TOX26424,CCN(CC)CCNC(=O)COc1ccc(Cl)cc1,0,c1ccccc1
TOX9055,CC(C)CCCCCCc1ccc(O)cc1,1,c1ccccc1
TOX24357,COc1ccc(CO)cc1,0,c1ccccc1
TOX21199,CN(C)Cc1ccccc1O,0,c1ccccc1
TOX28643,CC(=O)N(CC(O)CO)c1c(I)c(C(=O)NCCO)c(I)c(C(=O)NCC(O)CO)c1I,0,c1ccccc1
TOX6195,Clc1cc(Cl)cc(Cl)c1,0,c1ccccc1
TOX6193,Clc1cccc(Cl)c1Cl,0,c1ccccc1
TOX6190,O=C(CCl)c1ccc(Cl)cc1Cl,1,c1ccccc1
TOX2100,CCCc1ccc(O)cc1,1,c1ccccc1
TOX5257,C=C(CC)C(=O)c1ccc(OCC(=O)O)c(Cl)c1Cl,0,c1ccccc1
TOX6089,Clc1cc(Cl)c(Cl)c(Cl)c1,0,c1ccccc1
TOX2641,NCC(CC(=O)O)c1ccc(Cl)cc1,0,c1ccccc1
TOX3899,CCCCN(CC)c1c([N+](=O)[O-])cc(C(F)(F)F)cc1[N+](=O)[O-],1,c1ccccc1
TOX3622,Nc1ccc(S(N)(=O)=O)cc1,0,c1ccccc1
TOX3159,CCC(Cc1c(I)cc(I)c(N)c1I)C(=O)O,0,c1ccccc1
TOX3158,C[C@H](O)C(=O)Nc1c(I)c(C(=O)NC(CO)CO)c(I)c(C(=O)NC(CO)CO)c1I,0,c1ccccc1
TOX4747,O=C([O-])CCC(=O)OC[C@@H](NC(=O)C(Cl)Cl)[C@H](O)c1ccc([N+](=O)[O-])cc1,0,c1ccccc1
TOX21431,CC(C)Oc1ccccc1O,0,c1ccccc1
TOX27109,COC(OC)C(C)c1ccccc1,0,c1ccccc1
TOX27105,COc1cc(C)ccc1O,0,c1ccccc1
TOX5732,NC(=O)c1cccc([N+](=O)[O-])c1,0,c1ccccc1
TOX5737,O=C(O)c1cccc([N+](=O)[O-])c1,0,c1ccccc1
TOX5738,O=C(O)c1ccccc1[N+](=O)[O-],0,c1ccccc1
TOX26850,CCN(CC)C(=O)Nc1ccc(OCC(O)CNC(C)(C)C)c(C(C)=O)c1,0,c1ccccc1
TOX22167,O=C([O-])c1ccccc1C(=O)O,0,c1ccccc1
TOX5082,CC(C)(C)CCCCCCOC(=O)c1ccccc1C(=O)OCCCCCCC(C)(C)C,0,c1ccccc1
TOX28814,CCc1cc(OC)c(C[C@H](C)N)cc1OC,0,c1ccccc1
TOX28812,COc1ccc(OC)c(CC(C)N)c1,0,c1ccccc1
TOX28810,COc1cc(C[C@@H](C)N)c(OC)cc1C,0,c1ccccc1
TOX86,CC=Cc1ccc(OC)cc1,0,c1ccccc1
TOX87,C/C=C/c1ccc(OC)cc1,0,c1ccccc1
TOX1144,NNCCc1ccccc1,0,c1ccccc1
TOX1148,NNc1ccccc1,1,c1ccccc1
TOX1142,CNC[C@H](O)c1cccc(O)c1,0,c1ccccc1
TOX24751,Nc1cc(S(=O)(=O)O)ccc1S(=O)(=O)O,0,c1ccccc1
TOX24750,COc1ccc(N)c([N+](=O)[O-])c1,0,c1ccccc1
TOX4506,Nc1ccc(O)c(C(=O)O)c1,0,c1ccccc1
TOX26999,COc1cccc(OC)c1C(=O)O,0,c1ccccc1
TOX22281,O=C(O)C(=O)Cc1ccccc1,0,c1ccccc1
TOX4637,Brc1ccccc1,0,c1ccccc1
TOX20661,CC(C)(Oc1ccc(Cl)cc1)C(=O)O,0,c1ccccc1
TOX20664,CC=CC(=O)N(CC)c1ccccc1C,0,c1ccccc1
TOX27710,CC(C)CC(O)Cc1ccccc1,0,c1ccccc1
TOX27714,CC(=O)OC(c1ccccc1)C(Cl)(Cl)Cl,1,c1ccccc1
TOX5272,CCOC(=O)c1ccccc1N,0,c1ccccc1
TOX5271,CCNc1ccccc1,0,c1ccccc1
TOX619,CN(C)c1ccc(N=NS(=O)(=O)[O-])cc1,1,c1ccccc1
TOX966,O=C(O)c1ccc([N+](=O)[O-])cc1,0,c1ccccc1
TOX964,O=[N+]([O-])c1ccccc1,0,c1ccccc1
TOX962,COc1ccccc1[N+](=O)[O-],0,c1ccccc1
TOX961,Nc1ccc([N+](=O)[O-])cc1,0,c1ccccc1
TOX1959,Oc1c(Br)cc(Br)cc1Br,1,c1ccccc1
TOX1958,CCOC(=O)c1ccccc1O,0,c1ccccc1
TOX1956,CCCCCCCCOC(=O)c1ccccc1C(=O)OCCCCCCCC,0,c1ccccc1
TOX1953,CCOP(=S)(OCC)Oc1ccc(S(C)=O)cc1,0,c1ccccc1
TOX7736,Cc1ccc(S(=O)(=O)[O-])cc1.[Na+],0,c1ccccc1
TOX3609,N=C(N)NS(=O)(=O)c1ccc(N)cc1,0,c1ccccc1
TOX26299,CCCOC(=O)c1ccc(N)cc1,0,c1ccccc1
TOX9157,CCCCCC(C=O)=Cc1ccccc1,0,c1ccccc1
TOX9152,COc1ccc(C)cc1[N+](=O)[O-],0,c1ccccc1
TOX22146,COC(=O)c1cc(Cl)cc(Cl)c1,0,c1ccccc1
TOX28624,CCCCCCCCCCCC[N+](C)(C)Cc1ccccc1,1,c1ccccc1
TOX1386,Oc1c(Cl)cc(Cl)cc1Cl,1,c1ccccc1
TOX6631,O=C(Cl)c1ccccc1,0,c1ccccc1
TOX17527,CCOc1ccc(NC(=O)OC(C)C)cc1OCC,0,c1ccccc1
TOX2120,CCOP(=S)(OCC)SCSc1ccc(Cl)cc1,0,c1ccccc1
TOX24735,O=S(=O)([O-])c1cccc(S(=O)(=O)[O-])c1,0,c1ccccc1
TOX24733,O=C([O-])c1cccc([N+](=O)[O-])c1,0,c1ccccc1
TOX5632,Cc1ccc(N)c([N+](=O)[O-])c1,0,c1ccccc1
TOX5634,Cc1ccc([N+](=O)[O-])c(N)c1,0,c1ccccc1
TOX5635,CNc1ccc([N+](=O)[O-])cc1,0,c1ccccc1
TOX392,C=CCOC(=O)c1ccccc1C(=O)OCC=C,0,c1ccccc1
TOX5983,Oc1cccc(O)c1O,1,c1ccccc1
TOX6711,CCc1ccc(CC)cc1,0,c1ccccc1
TOX26606,CCCCCCCCCCCCCC[N+](C)(C)Cc1ccccc1,1,c1ccccc1
TOX4245,CCC(CC)Nc1c([N+](=O)[O-])cc(C)c(C)c1[N+](=O)[O-],1,c1ccccc1
TOX4247,Clc1cc(Cl)c(Cl)c(Cl)c1Cl,0,c1ccccc1
TOX25394,O=C(O)c1ccccc1OP(=O)(O)O,0,c1ccccc1
TOX25393,CCCCOc1cc(C(=O)OCCN(CC)CC)ccc1N,0,c1ccccc1
TOX26464,NC(=O)OCCCc1ccccc1,0,c1ccccc1
TOX28886,CC(=O)Nc1c(I)c(NC(C)=O)c(I)c(C(=O)O)c1I,0,c1ccccc1
TOX4659,Cc1cccc(Br)c1,0,c1ccccc1
TOX4658,BrCc1ccccc1,0,c1ccccc1
TOX21951,CCOC(=O)C(Br)c1ccccc1,0,c1ccccc1
TOX28606,N[C@@H](Cc1cc(I)c(O)c(I)c1)C(=O)O,0,c1ccccc1
TOX1626,CC(C)c1ccc(CO)cc1,0,c1ccccc1
TOX28953,CCC(C)C(C(=O)OCC[N+](C)(CC)CC)c1ccccc1,0,c1ccccc1
TOX25652,CC(C)NCC(O)c1ccc(N)c(C#N)c1,0,c1ccccc1
TOX25654,NP(N)(=O)NC(=O)c1ccc(F)cc1,0,c1ccccc1
TOX943,COc1ccc([N+](=O)[O-])cc1N,0,c1ccccc1
TOX25383,CCN(CC)CCNC(=O)c1cc(Br)c(N)cc1OC,0,c1ccccc1
TOX498,COC(=O)c1ccc(C(=O)OC)cc1,0,c1ccccc1
TOX3442,NC(=O)NC(=O)Cc1ccccc1,0,c1ccccc1
TOX1971,O=[N+]([O-])c1cccc(Cl)c1,0,c1ccccc1
TOX1974,CC(C)c1ccc(C=O)cc1,0,c1ccccc1
TOX1977,CCc1ccc(O)cc1,0,c1ccccc1
TOX231,O=C(O)C=Cc1ccc(O)c(O)c1,0,c1ccccc1
TOX18696,CCOC(=O)c1ccccc1,0,c1ccccc1
TOX5454,CC(C)CCOC(=O)C=Cc1ccccc1,0,c1ccccc1
TOX26818,CCCCC(O)c1ccccc1,0,c1ccccc1
TOX1792,O=Cc1ccccc1O,0,c1ccccc1
TOX1366,Cc1ccc(NC(N)=O)cc1,0,c1ccccc1
TOX1360,Cc1ccccc1,0,c1ccccc1
TOX1361,Cc1ccc(N=C=O)cc1N=C=O,1,c1ccccc1
TOX18798,CCOc1ccccc1OCC,0,c1ccccc1
TOX9281,CCCCCCCCCCCc1ccccc1,0,c1ccccc1
TOX1100,CCOP(=S)(OCC)Oc1ccc([N+](=O)[O-])cc1,1,c1ccccc1
TOX4466,Nc1ccc(C(=O)O)cc1,0,c1ccccc1
TOX28813,COc1ccc(OC)c(C[C@H](C)N)c1,0,c1ccccc1
TOX699,CCCCCCc1ccc(O)cc1O,1,c1ccccc1
TOX24714,NC(=O)CC[C@H](Nc1ccc([N+](=O)[O-])cc1)C(=O)O,0,c1ccccc1
TOX24710,Cc1ccc(Cl)c(N)c1Cl,0,c1ccccc1
TOX24712,COCc1ccc(COC)cc1,0,c1ccccc1
TOX4507,Nc1cc(C(=O)O)c(O)c(S(=O)(=O)O)c1,0,c1ccccc1
TOX6342,OCCc1ccccc1,0,c1ccccc1
TOX2455,COC(=O)c1ccccc1C(=O)OC,0,c1ccccc1
TOX5332,NC(Cc1ccc(F)cc1)C(=O)O,0,c1ccccc1
TOX5331,O=[N+]([O-])c1ccc(F)c([N+](=O)[O-])c1,1,c1ccccc1
TOX5330,O=C(Cl)c1ccccc1F,0,c1ccccc1
TOX5338,O=CNc1ccccc1,0,c1ccccc1
TOX9604,N#Cc1ccccc1C#N,0,c1ccccc1
TOX15481,CC(=O)CCc1ccc(OC(C)=O)cc1,0,c1ccccc1
TOX27533,CCCCCCCCOC(=O)c1ccc(C(=O)OCCCCCCCC)c(C(=O)OCCCCCCCC)c1,0,c1ccccc1
TOX21626,Cc1ccc(C=O)cc1C,0,c1ccccc1
TOX21627,CC(C)NC(=O)c1ccccc1N,0,c1ccccc1
TOX21625,O=C(O)CONC(=O)c1ccccc1,0,c1ccccc1
TOX27756,CC(C)NC(=N)NC(=N)Nc1ccc(Cl)cc1,0,c1ccccc1
TOX7153,Fc1ccc(Br)cc1,0,c1ccccc1
TOX5101,CN(C)c1cccc(O)c1,1,c1ccccc1
TOX2593,CC(=O)Nc1ccc(/C=N/NC(N)=S)cc1,0,c1ccccc1
TOX2590,Nc1ccc(C(=O)NCC(=O)O)cc1,0,c1ccccc1
TOX25901,CC(=O)Oc1cccc(O)c1,0,c1ccccc1
TOX24648,CO[Si](CCCNc1ccccc1)(OC)OC,0,c1ccccc1
TOX24647,C#CCN(C)Cc1ccccc1,0,c1ccccc1
TOX3463,NC(Cc1ccccc1)C(=O)O,0,c1ccccc1
TOX24502,OCCOc1cccc(OCCO)c1,0,c1ccccc1
TOX24506,CC(=O)OCCc1ccccc1,0,c1ccccc1
TOX211,CC(C)(C)c1cc(CO)cc(C(C)(C)C)c1O,1,c1ccccc1
TOX215,COc1ccc(O)c(C(C)(C)C)c1,1,c1ccccc1
TOX216,Cc1cc(C(C)(C)C)c(O)c(C(C)(C)C)c1,1,c1ccccc1
TOX21363,O=C(O)Cc1ccc(Cl)cc1Cl,0,c1ccccc1
TOX21362,OCc1ccc(Cl)cc1Cl,0,c1ccccc1
TOX21361,Nc1c(Cl)cc(Cl)cc1[N+](=O)[O-],0,c1ccccc1
TOX21367,N#CSc1ccc([N+](=O)[O-])cc1[N+](=O)[O-],1,c1ccccc1
TOX21366,COc1ccc([N+](=O)[O-])cc1[N+](=O)[O-],0,c1ccccc1
TOX1804,CCOC(=O)c1ccc(N)cc1,0,c1ccccc1
TOX25322,CCNCC(O)c1cccc(O)c1,0,c1ccccc1
TOX6961,Cc1ccc(O)c([N+](=O)[O-])c1,0,c1ccccc1
TOX6562,CC(=O)CC(=O)Nc1ccccc1C,0,c1ccccc1
TOX26836,CNC(C)C(O)c1ccc(O)cc1,0,c1ccccc1
TOX12869,O=[N+]([O-])c1ccc(F)cc1F,0,c1ccccc1
TOX4193,Cc1cc(Cl)ccc1OCCCC(=O)O,0,c1ccccc1
TOX4194,Cc1cc(Cl)ccc1OC(C)C(=O)O,0,c1ccccc1
TOX4195,Cc1cc(Cl)ccc1OCC(=O)O,0,c1ccccc1
TOX4441,C=CCOC(=O)c1ccccc1N,0,c1ccccc1
TOX1124,Oc1ccccc1,0,c1ccccc1
TOX1128,CN(C)N=Nc1ccccc1,0,c1ccccc1
TOX1129,S=C=Nc1ccccc1,1,c1ccccc1
TOX7181,CC(C)Cc1ccccc1,0,c1ccccc1
TOX28169,CCCCCCC(=O)c1ccccc1,0,c1ccccc1
TOX28163,Cc1ccc(S)cc1,0,c1ccccc1
TOX28167,CCCCc1ccc(Cl)cc1,0,c1ccccc1
TOX28164,CCCCCCCCCCCCOC(=O)c1cc(O)c(O)c(O)c1,1,c1ccccc1
TOX6368,O=C(O)c1ccccc1O,0,c1ccccc1
TOX5310,CCNS(=O)(=O)c1ccc(C)cc1,0,c1ccccc1
TOX2479,CCc1ccccc1O,0,c1ccccc1
TOX3254,Cc1ccccc1OCC(O)CO,0,c1ccccc1
TOX29342,O=Cc1cccc([N+](=O)[O-])c1,0,c1ccccc1
TOX26139,CCN(CC)CCOc1ccccc1OC,0,c1ccccc1
TOX20990,N#CC(C#N)=NNc1cccc(Cl)c1,1,c1ccccc1
TOX4200,Cc1cccc(O)c1,0,c1ccccc1
TOX7402,COC(=O)c1cccc(C(=O)OC)c1,0,c1ccccc1
TOX27510,CCCC(=O)OCc1ccccc1,0,c1ccccc1
TOX8033,CC(C)CCCCCCOC(=O)c1ccc(C(=O)OCCCCCCC(C)C)c(C(=O)OCCCCCCC(C)C)c1,0,c1ccccc1
TOX5551,COc1ccccc1/C=C/C=O,0,c1ccccc1
TOX21641,Cc1ccc(C)c(S(=O)(=O)O)c1,0,c1ccccc1
TOX21643,O=Cc1ccccc1S(=O)(=O)[O-],0,c1ccccc1
TOX9320,CCCCC(CC)COC(=O)c1ccc(N(C)C)cc1,1,c1ccccc1
TOX6653,O=C(Cl)c1ccc(C(=O)Cl)cc1,0,c1ccccc1
TOX2312,CCCCCCCCc1ccc(O)cc1,1,c1ccccc1
TOX24526,CCOc1ccc(NC(=O)CC(C)=O)cc1,0,c1ccccc1
TOX24523,Cc1ccc(N)cc1S(=O)(=O)O,0,c1ccccc1
TOX21349,COC(=O)COc1ccc(Cl)cc1Cl,0,c1ccccc1
TOX29118,Cc1cc(O)ccc1N,1,c1ccccc1
TOX29117,Cc1cccc(O)c1N,0,c1ccccc1
TOX26580,CC(C)CCOC(=O)c1ccc(N(C)C)cc1,0,c1ccccc1
TOX26586,Oc1cc(O)cc(O)c1,0,c1ccccc1
TOX27185,CC(C)CCOC(=O)c1ccccc1,0,c1ccccc1
TOX27184,Cc1cc(C)c(C)c(O)c1,1,c1ccccc1
TOX27186,CC(C)COC(=O)c1ccccc1O,0,c1ccccc1
TOX27180,CC(C)CCCCCCCOC(=O)c1ccc(C(=O)OCCCCCCCC(C)C)c(C(=O)OCCCCCCCC(C)C)c1,0,c1ccccc1
TOX9133,CC(=O)c1ccc(O)cc1,0,c1ccccc1
TOX24251,CCOc1ccc(O)cc1,0,c1ccccc1
TOX1492,N#CCc1ccccc1,0,c1ccccc1
TOX1491,N#Cc1ccccc1,0,c1ccccc1
TOX28987,CN(C(=O)CO)c1c(I)c(C(=O)NCC(O)CO)c(I)c(C(=O)NCC(O)CO)c1I,0,c1ccccc1
TOX20343,O=C(CBr)OCc1ccccc1,0,c1ccccc1
TOX28181,CCCCCc1ccc(Cl)cc1,0,c1ccccc1
TOX28183,COC(=O)c1ccccc1C,0,c1ccccc1
TOX28184,CC(C)(C)C(=O)c1ccccc1,0,c1ccccc1
TOX28186,CCOC(=O)c1ccc(C)cc1,0,c1ccccc1
TOX6309,Cc1cc(C)cc(N)c1,0,c1ccccc1
TOX6302,Cc1ccc(S(=O)(=O)[O-])cc1C,0,c1ccccc1
TOX6307,Cc1cccc(C)c1N,0,c1ccccc1
TOX5370,O=C(O)c1ccc(S(=O)(=O)N(Cl)Cl)cc1,0,c1ccccc1
TOX2417,CCCCOC(=O)c1ccc(N)cc1,0,c1ccccc1
TOX25559,CCNCC.O=S(=O)(O)c1cc(O)ccc1O,0,c1ccccc1
TOX6997,COc1ccc(C=O)cc1,0,c1ccccc1
TOX14776,COP(=S)(OC)Oc1c(Cl)cc(C)cc1Cl,1,c1ccccc1
TOX4956,CCC(C)Nc1ccc(NC(C)CC)cc1,1,c1ccccc1
TOX7425,COC(=O)c1ccc(C(=O)O)cc1,0,c1ccccc1
TOX7282,ClP(Cl)c1ccccc1,0,c1ccccc1
TOX5571,Cc1c(O)cccc1O,0,c1ccccc1
TOX5572,COC(=O)c1ccccc1,0,c1ccccc1
TOX5574,Cc1ccc(CO)cc1,0,c1ccccc1
TOX21661,N#Cc1ccccc1O,0,c1ccccc1
TOX21665,CCCCCCCCCCCCCCCC[N+](C)(C)Cc1ccccc1,1,c1ccccc1
TOX14698,CCCCC(CC)COC(=O)COc1ccc(Cl)cc1C,0,c1ccccc1
TOX5143,Cc1cccc(O)c1C,0,c1ccccc1
TOX5145,Cc1ccc(C)c(O)c1,0,c1ccccc1
TOX5148,Cc1cc(C)cc(O)c1,0,c1ccccc1
TOX5149,CN(C)c1ccc(N)cc1,1,c1ccccc1
TOX4764,O=Cc1ccccc1Cl,0,c1ccccc1
TOX4761,Nc1cccc(Cl)c1,0,c1ccccc1
TOX2084,CCOc1ccc(N)c([N+](=O)[O-])c1,0,c1ccccc1
TOX2082,CC(=O)Nc1ccccc1O,0,c1ccccc1
TOX2089,CC(=O)Nc1cccc(O)c1,0,c1ccccc1
TOX3938,CCCCOC(=O)COC(=O)c1ccccc1C(=O)OCCCC,0,c1ccccc1
TOX3426,CCC(=O)c1ccc(O)cc1,0,c1ccccc1
TOX3932,CCCCCCCC(=O)Oc1c(Br)cc(C#N)cc1Br,1,c1ccccc1
TOX2332,CCC(C)c1ccc(O)cc1,1,c1ccccc1
TOX2331,CCC(C)c1ccccc1O,1,c1ccccc1
TOX1976,OCCOc1ccccc1,0,c1ccccc1
TOX257,Oc1ccccc1O,0,c1ccccc1
TOX523,O=[N+]([O-])c1ccc(O)c([N+](=O)[O-])c1,1,c1ccccc1
TOX528,Cc1c([N+](=O)[O-])cccc1[N+](=O)[O-],0,c1ccccc1
TOX529,Cc1ccc([N+](=O)[O-])cc1[N+](=O)[O-],0,c1ccccc1
TOX21329,CCCCC(CC)COC(=O)COc1cc(Cl)c(Cl)cc1Cl,0,c1ccccc1
TOX21328,CCCCOCCOC(=O)COc1cc(Cl)c(Cl)cc1Cl,0,c1ccccc1
TOX29134,O=[N+]([O-])c1ccc(F)c(Cl)c1,0,c1ccccc1
TOX21491,OCC=Cc1ccccc1,0,c1ccccc1
TOX21492,CCCC(CC)c1ccccc1,0,c1ccccc1
TOX11626,CC(=O)/C=C/c1ccccc1,0,c1ccccc1
TOX26564,CCCc1ccc(C(=O)O)cc1,0,c1ccccc1
TOX26567,CC(=O)Oc1ccc(C)cc1,0,c1ccccc1
TOX21540,O=C(O)c1cc(C(=O)O)cc([N+](=O)[O-])c1,0,c1ccccc1
TOX25825,CN[C@@H](C)[C@H](O)c1ccccc1,0,c1ccccc1
TOX6098,O=[N+]([O-])c1c(Cl)c(Cl)cc(Cl)c1Cl,0,c1ccccc1
TOX5689,COc1c(C(C)(C)C)cc([N+](=O)[O-])c(C)c1[N+](=O)[O-],1,c1ccccc1
TOX5680,CCCCC(CC)COC(=O)c1ccccc1C(=O)O,0,c1ccccc1
TOX2655,CCCCNc1ccc(C(=O)OCCOCCOCCOCCOCCOCCOCCOCCOCCOC)cc1,1,c1ccccc1
TOX6325,COc1ccc(NC(C)=O)cc1,0,c1ccccc1
TOX24445,BrCc1ccc(Br)cc1,0,c1ccccc1
TOX14282,O=C(O)COc1ccc(Cl)cc1,0,c1ccccc1
TOX25571,CCC(NC(C)C)C(O)c1ccc(O)c(O)c1,0,c1ccccc1
TOX7052,CC(C)(C)c1cccc(C(C)(C)C)c1O,1,c1ccccc1
TOX4978,O=C(O)c1cc(Cl)ccc1Cl,0,c1ccccc1
TOX4979,O=C(O)c1c(Cl)cccc1Cl,0,c1ccccc1
TOX4976,O=C(O)c1cccc(Cl)c1Cl,0,c1ccccc1
TOX4977,O=C(O)c1ccc(Cl)cc1Cl,0,c1ccccc1
TOX4970,O=Cc1c(Cl)cccc1Cl,0,c1ccccc1
TOX29301,O=C(Cl)c1ccc(F)c(Cl)c1,0,c1ccccc1
TOX29303,O=S(=O)(Cl)c1c(Cl)cccc1Cl,0,c1ccccc1
TOX27554,CC/C=C\CCOC(=O)c1ccccc1,0,c1ccccc1
TOX26798,CC(C)(C)NCC(O)c1cc(Cl)c(N)c(C(F)(F)F)c1,0,c1ccccc1
TOX26791,CCCCCc1ccc(C)cc1O,1,c1ccccc1
TOX26790,CCCOC(=O)c1ccccc1O,0,c1ccccc1
TOX22084,CN(C)C(=O)Nc1cccc(OC(=O)NC(C)(C)C)c1,0,c1ccccc1
TOX25296,NCc1ccc(S(N)(=O)=O)cc1,0,c1ccccc1
TOX24909,CO[Si](C)(OC)c1ccccc1,0,c1ccccc1
TOX20795,Cc1ccc(S(=O)(=O)[N-]Cl)cc1,0,c1ccccc1
TOX24561,CC(NC(C)(C)C)C(=O)c1cccc(Cl)c1,0,c1ccccc1
TOX17038,N#CSc1ccc(N)c([N+](=O)[O-])c1,1,c1ccccc1
TOX25961,CC(N)Cc1ccc(O)cc1,0,c1ccccc1
TOX25963,COc1cc(OC)cc(OC)c1,0,c1ccccc1
TOX507,CN(C)c1ccccc1,0,c1ccccc1
TOX28521,CCN(CC)CCOC(=O)c1ccc(N)cc1Cl,0,c1ccccc1
TOX3007,CCN(CC)C(=O)c1ccc(O)c(OC)c1,0,c1ccccc1
TOX25210,CCN(CC)CCNC(=O)c1cc(S(C)(=O)=O)ccc1OC,0,c1ccccc1
TOX25215,N#CC(C#N)=Cc1ccc(O)c(O)c1,1,c1ccccc1
TOX26096,CN(C)CCc1ccc(O)cc1,0,c1ccccc1
TOX22478,Cc1ccc(N(SC(F)(Cl)Cl)S(=O)(=O)N(C)C)cc1,1,c1ccccc1
TOX7852,Cc1cccc(Cl)c1,0,c1ccccc1
TOX4175,COCC(=O)N(c1c(C)cccc1C)C(C)C(=O)OC,0,c1ccccc1
TOX17584,Nc1c(Cl)c(Cl)c(Cl)c(Cl)c1Cl,0,c1ccccc1
TOX1188,CCCN(CCC)S(=O)(=O)c1ccc(C(=O)O)cc1,0,c1ccccc1
TOX24791,CCC(=O)OCc1ccccc1,0,c1ccccc1
TOX24979,NS(=O)(=O)c1ccccc1Cl,0,c1ccccc1
TOX311,CN(C)C(=O)Nc1ccc(Cl)cc1,0,c1ccccc1
TOX7558,Cc1ccc(S(=O)(=O)N=C=O)cc1,0,c1ccccc1
TOX1726,NC(=O)c1ccccc1O,0,c1ccccc1
TOX2187,Cc1ccc(C)c(O)c1C,0,c1ccccc1
TOX13008,O=C=Nc1ccc(Cl)c(Cl)c1,1,c1ccccc1
TOX25515,CN(C)C(=O)Oc1cc(OC(=O)N(C)C)cc(C(O)CNC(C)(C)C)c1,0,c1ccccc1
TOX7072,[O-]c1ccccc1,0,c1ccccc1
TOX21512,NC(=O)Nc1ccc(Cl)cc1,0,c1ccccc1
TOX21518,COc1ccc(CCO)cc1,0,c1ccccc1
TOX26153,NS(=O)(=O)c1ccc(Cl)c(S(N)(=O)=O)c1,0,c1ccccc1
TOX27203,CCC(=O)OCCOc1ccccc1,0,c1ccccc1
TOX27201,COc1cc(C=O)ccc1OC(=O)C(C)C,0,c1ccccc1
TOX10588,CNCC(O)c1ccc(O)cc1,0,c1ccccc1
TOX293,O=C(CCl)c1ccccc1,0,c1ccccc1
TOX20001,COC(=O)c1ccccc1C(=O)O,0,c1ccccc1
TOX294,CC(=O)Nc1ccc(C(=O)CCl)cc1,0,c1ccccc1
TOX296,Nc1ccc(Cl)cc1,0,c1ccccc1
TOX20268,CCC(C)c1cc([N+](=O)[O-])cc([N+](=O)[O-])c1OC(=O)OC(C)C,1,c1ccccc1
TOX3973,CSc1ccc(Cl)cc1,0,c1ccccc1
TOX3977,Cc1ccccc1Cl,0,c1ccccc1
TOX3974,CS(=O)(=O)c1ccc(Cl)cc1,0,c1ccccc1
TOX749,CC(C)COC(=O)c1ccc(O)cc1,1,c1ccccc1
TOX24581,CCc1ccc(O)c(C(C)(C)C)c1,1,c1ccccc1
TOX24584,C#CCN(C)[C@H](C)Cc1ccccc1,0,c1ccccc1
TOX27859,CCCCCCCCCCCCOC(=O)c1ccc(O)cc1,1,c1ccccc1
TOX298,Clc1ccccc1,0,c1ccccc1
TOX26524,CCN(CC)C(=O)c1cccnc1,0,c1ccncc1
TOX18317,Oc1nc(Cl)c(Cl)cc1Cl,1,c1ccncc1
TOX20289,O=C(O)c1cccc(Cl)n1,0,c1ccncc1
TOX21080,CCN(Cc1ccc(Cl)nc1)/C(=C/[N+](=O)[O-])NC,0,c1ccncc1
TOX10780,Cc1ncc(CO)c(CO)c1O,0,c1ccncc1
TOX24421,CC(=O)c1cccnc1,0,c1ccncc1
TOX24424,NCc1cccnc1,0,c1ccncc1
TOX4810,Clc1ccccn1,0,c1ccncc1
TOX26245,CCCCCCOC(=O)c1cccnc1,0,c1ccncc1
TOX3085,CCCCc1ccc(C(=O)O)nc1,0,c1ccncc1
TOX26739,NCCNC(=O)c1ccc(Cl)cn1,0,c1ccncc1
TOX26733,CCN(CC)CCOC(=O)c1cccnc1.O=C(O)CC(O)(CC(=O)O)C(=O)O,0,c1ccncc1
TOX2043,O=C(O)c1cccc(C(=O)O)n1,0,c1ccncc1
TOX24509,O=C(O)c1nc(Cl)c(Cl)c(Cl)c1Cl,0,c1ccncc1
TOX308,ClCc1ccccn1,0,c1ccncc1
TOX309,ClCc1cccnc1,0,c1ccncc1
TOX25120,CC(C)(C)NCC(O)c1ccc(O)c(CO)n1,0,c1ccncc1
TOX14627,Nc1c(Cl)c(F)nc(OCC(=O)O)c1Cl,0,c1ccncc1
TOX1843,N#Cc1ccccn1,0,c1ccncc1
TOX24369,CN(C)c1ccncc1,0,c1ccncc1
TOX25682,CC(N/C(=N\C#N)Nc1ccncc1)C(C)(C)C,0,c1ccncc1
TOX2179,Clc1nc(Cl)c(Cl)c(Cl)c1Cl,0,c1ccncc1
TOX27461,Nc1cccnc1,0,c1ccncc1
TOX24720,Cc1ccnc(N)c1,0,c1ccncc1
TOX14300,CC(=NC#N)N(C)Cc1ccc(Cl)nc1,0,c1ccncc1
TOX14303,CCCCCCC(C)OC(=O)COc1nc(F)c(Cl)c(N)c1Cl,1,c1ccncc1
TOX4216,Clc1cccc(C(Cl)(Cl)Cl)n1,0,c1ccncc1
TOX933,NNC(=O)c1cccnc1,0,c1ccncc1
TOX932,O=C(O)c1cccnc1,0,c1ccncc1
TOX29338,CCOC(=O)CC(=O)c1cc(F)c(Cl)nc1Cl,0,c1ccncc1
TOX7262,c1ccncc1,0,c1ccncc1
TOX26885,O=C(NNCS(=O)(=O)[O-])c1ccncc1,0,c1ccncc1
TOX755,NNC(=O)c1ccncc1,0,c1ccncc1
TOX757,O=C(O)c1ccncc1,0,c1ccncc1
TOX756,NC(=O)c1ccncc1,0,c1ccncc1
TOX577,CCc1cc(C(N)=S)ccn1,0,c1ccncc1
TOX1899,Cc1ccccn1,0,c1ccncc1
TOX1897,Cc1cccnc1,0,c1ccncc1
TOX1892,Cc1ccncc1,0,c1ccncc1
TOX21528,N#Cc1ccncc1,0,c1ccncc1
TOX8967,Clc1ccc(C(Cl)(Cl)Cl)cn1,0,c1ccncc1
TOX6665,N#Cc1cccnc1,0,c1ccncc1
TOX26392,NC(=S)N/N=C/c1cccnc1,0,c1ccncc1
TOX25708,CNC(=O)OCc1cccc(COC(=O)NC)n1,0,c1ccncc1
TOX458,CCOP(=S)(OCC)Oc1nc(Cl)c(Cl)cc1Cl,1,c1ccncc1
TOX12582,NCCO.O=C(O)c1nc(Cl)ccc1Cl,0,c1ccncc1
TOX24860,Cc1cccc(N)n1,0,c1ccncc1
TOX24471,COC(=O)c1cccnc1,0,c1ccncc1
TOX26020,Cc1ncc(CO)c(C=O)c1O,0,c1ccncc1
TOX21793,Cc1nc(C)c(Cl)c(O)c1Cl,0,c1ccncc1
TOX9072,CCc1cnc(C(=O)O)c(C(=O)O)c1,0,c1ccncc1
TOX9221,O=C(O)c1nc(Cl)ccc1Cl,0,c1ccncc1
TOX9220,Cc1ccc(N)nc1,0,c1ccncc1
TOX25852,CC(C)NNC(=O)c1ccncc1,0,c1ccncc1
TOX25692,O=C(NCCO[N+](=O)[O-])c1cccnc1,0,c1ccncc1
TOX3367,OCc1cccnc1,0,c1ccncc1
TOX20127,Nc1cccc(N)n1,1,c1ccncc1
TOX4409,CC(=O)c1ccccn1,0,c1ccncc1
TOX1160,Nc1c(Cl)c(Cl)nc(C(=O)O)c1Cl,0,c1ccncc1
TOX11903,O=C(O)c1ccccn1,0,c1ccncc1
TOX929,NC(=O)c1cccnc1,0,c1ccncc1
TOX3870,Nc1ccncc1,0,c1ccncc1
TOX12544,CCCOC(=O)c1ccc(C(=O)OCCC)nc1,0,c1ccncc1
TOX26113,CC=CC=NNC(=O)c1ccncc1,0,c1ccncc1
TOX25940,CCCc1cc(C(N)=S)ccn1,0,c1ccncc1
TOX21327,O=C(O)c1cccnc1C(=O)O,0,c1ccncc1
TOX24953,OCCc1ccncc1,0,c1ccncc1
TOX18666,CCOP(=O)(OCC)Oc1nc(Cl)c(Cl)cc1Cl,1,c1ccncc1
TOX12352,COP(=S)(OC)Oc1nc(Cl)c(Cl)cc1Cl,1,c1ccncc1
TOX7467,Clc1cc(Cl)c(Cl)nc1Cl,0,c1ccncc1
TOX20283,CC(O)(c1ccc(Cl)cc1)c1ccc(Cl)cc1,1,c1ccc(Cc2ccccc2)cc1
TOX537,CN(C)CCOC(c1ccccc1)c1ccccc1,0,c1ccc(Cc2ccccc2)cc1
TOX25889,CC(C)(C)CC(C)(C)c1ccc(O)c(Cc2ccc(Cl)cc2Cl)c1,1,c1ccc(Cc2ccccc2)cc1
TOX154,Oc1ccc(Cl)cc1Cc1ccccc1,1,c1ccc(Cc2ccccc2)cc1
TOX2536,CC(C)(c1ccccc1)c1ccc(O)cc1,1,c1ccc(Cc2ccccc2)cc1
TOX12129,CC(C)(c1cc(Br)c(OCC(Br)CBr)c(Br)c1)c1cc(Br)c(OCC(Br)CBr)c(Br)c1,0,c1ccc(Cc2ccccc2)cc1
TOX26243,Cc1ccc(C(C)(C)c2ccc(C)cc2)cc1,0,c1ccc(Cc2ccccc2)cc1
TOX4072,CN(C)C(=O)C(c1ccccc1)c1ccccc1,0,c1ccc(Cc2ccccc2)cc1
TOX589,CCc1ccc(C(c2ccc(CC)cc2)C(Cl)Cl)cc1,1,c1ccc(Cc2ccccc2)cc1
TOX1824,Oc1ccc(Cl)cc1Cc1cc(Cl)ccc1O,1,c1ccc(Cc2ccccc2)cc1
TOX9282,CC(C)CC(C)(c1ccc(O)cc1)c1ccc(O)cc1,1,c1ccc(Cc2ccccc2)cc1
TOX2445,Oc1ccc(Cc2ccc(O)cc2)cc1,1,c1ccc(Cc2ccccc2)cc1
TOX870,Cc1cc(Cc2cc(C)cc(C(C)(C)C)c2O)c(O)c(C(C)(C)C)c1,1,c1ccc(Cc2ccccc2)cc1
TOX20699,O=C(O)C(c1ccc(Cl)cc1)c1ccc(Cl)cc1,0,c1ccc(Cc2ccccc2)cc1
TOX2789,CN(C)CCC(O)(c1ccccc1)c1ccccc1Cl,0,c1ccc(Cc2ccccc2)cc1
TOX1770,CC(C)(c1cc(Cl)c(O)c(Cl)c1)c1cc(Cl)c(O)c(Cl)c1,1,c1ccc(Cc2ccccc2)cc1
TOX17717,Oc1ccc(C(c2ccc(O)cc2)(C(F)(F)F)C(F)(F)F)cc1,1,c1ccc(Cc2ccccc2)cc1
TOX26498,O=C(CS(=O)C(c1ccccc1)c1ccccc1)NO,0,c1ccc(Cc2ccccc2)cc1
TOX24890,Oc1ccc(Cc2ccccc2O)cc1,1,c1ccc(Cc2ccccc2)cc1
TOX2446,Oc1ccccc1Cc1ccccc1O,1,c1ccc(Cc2ccccc2)cc1
TOX2442,CCC(C)(c1ccc(O)cc1)c1ccc(O)cc1,1,c1ccc(Cc2ccccc2)cc1
TOX2436,CC(CCC(=O)O)(c1ccc(O)cc1)c1ccc(O)cc1,0,c1ccc(Cc2ccccc2)cc1
TOX2325,Oc1ccc(C(c2ccc(O)cc2)C(Cl)(Cl)Cl)cc1,1,c1ccc(Cc2ccccc2)cc1
TOX27938,Oc1ccc(Cc2ccccc2)cc1,1,c1ccc(Cc2ccccc2)cc1
TOX18922,CC(C)(c1cc(Br)c(OCCO)c(Br)c1)c1cc(Br)c(OCCO)c(Br)c1,1,c1ccc(Cc2ccccc2)cc1
TOX2345,Clc1ccc(C(c2ccccc2Cl)C(Cl)(Cl)Cl)cc1,1,c1ccc(Cc2ccccc2)cc1
TOX2411,CC(C)(C)c1cc(Cc2cc(C(C)(C)C)c(O)c(C(C)(C)C)c2)cc(C(C)(C)C)c1O,0,c1ccc(Cc2ccccc2)cc1
TOX2644,CCN(CC)CCOC(=O)C(O)(c1ccccc1)c1ccccc1,0,c1ccc(Cc2ccccc2)cc1
TOX6081,CC(C)(c1cc(Br)c(O)c(Br)c1)c1cc(Br)c(O)c(Br)c1,1,c1ccc(Cc2ccccc2)cc1
TOX2422,Nc1ccc(Cc2ccc(N)cc2)cc1,0,c1ccc(Cc2ccccc2)cc1
TOX27866,Cc1cc(C(C)(C)c2ccc(O)c(C)c2)ccc1O,1,c1ccc(Cc2ccccc2)cc1
TOX27867,CC(c1ccc(O)cc1)c1ccc(O)cc1,1,c1ccc(Cc2ccccc2)cc1
TOX21891,c1ccc(Cc2ccccc2)cc1,0,c1ccc(Cc2ccccc2)cc1
TOX21778,CC(C)OC(=O)C(O)(c1ccc(Cl)cc1)c1ccc(Cl)cc1,1,c1ccc(Cc2ccccc2)cc1
TOX827,COc1ccc(C(c2ccc(OC)cc2)C(Cl)(Cl)Cl)cc1,1,c1ccc(Cc2ccccc2)cc1
TOX450,OC(c1ccc(Cl)cc1)(c1ccc(Cl)cc1)C(Cl)(Cl)Cl,1,c1ccc(Cc2ccccc2)cc1
TOX26234,NC(=O)Oc1ccc(Cc2ccccc2)cc1,1,c1ccc(Cc2ccccc2)cc1
TOX22208,CNC(=O)C(c1ccccc1)c1ccccc1,0,c1ccc(Cc2ccccc2)cc1
TOX690,Oc1c(Cl)cc(Cl)c(Cl)c1Cc1c(O)c(Cl)cc(Cl)c1Cl,1,c1ccc(Cc2ccccc2)cc1
TOX24841,C=C(C)C(=O)OCC(O)COc1ccc(C(C)(C)c2ccc(OCC(O)COC(=O)C(=C)C)cc2)cc1,1,c1ccc(Cc2ccccc2)cc1
TOX867,Cc1cc(Cc2ccc(N)c(C)c2)ccc1N,0,c1ccc(Cc2ccccc2)cc1
TOX869,CN(C)c1ccc(Cc2ccc(N(C)C)cc2)cc1,0,c1ccc(Cc2ccccc2)cc1
TOX3329,NC(=O)CS(=O)C(c1ccccc1)c1ccccc1,0,c1ccc(Cc2ccccc2)cc1
TOX18864,CCc1cc(Cc2cc(CC)cc(C(C)(C)C)c2O)c(O)c(C(C)(C)C)c1,1,c1ccc(Cc2ccccc2)cc1
TOX3174,CC(C)[N+](C)(CCC(C(N)=O)(c1ccccc1)c1ccccc1)C(C)C,0,c1ccc(Cc2ccccc2)cc1
TOX9223,Cc1ccc(C(C)c2ccc(C)c(C)c2)cc1C,0,c1ccc(Cc2ccccc2)cc1
TOX182,CC(C)(c1ccc(O)cc1)c1ccc(O)cc1,1,c1ccc(Cc2ccccc2)cc1
TOX373,Clc1ccc(C(c2ccc(Cl)cc2)C(Cl)Cl)cc1,1,c1ccc(Cc2ccccc2)cc1
TOX372,Clc1ccc(C(c2ccccc2Cl)C(Cl)Cl)cc1,1,c1ccc(Cc2ccccc2)cc1
TOX375,Clc1ccc(C(c2ccc(Cl)cc2)C(Cl)(Cl)Cl)cc1,1,c1ccc(Cc2ccccc2)cc1
TOX26442,C#CCOC(C(=O)OCCN(C)C)(c1ccccc1)c1ccccc1,0,c1ccc(Cc2ccccc2)cc1
TOX26832,CBr.CCN(CC)CCOC(=O)C(O)(c1ccccc1)c1ccccc1,0,c1ccc(Cc2ccccc2)cc1
TOX4196,O=C=Nc1ccc(Cc2ccc(N=C=O)cc2)cc1,0,c1ccc(Cc2ccccc2)cc1
TOX9327,C=CCOc1c(Br)cc(C(C)(C)c2cc(Br)c(OCC=C)c(Br)c2)cc1Br,0,c1ccc(Cc2ccccc2)cc1
TOX26117,C[N+](C)(C)CCOC(=O)C(O)(c1ccccc1)c1ccccc1,0,c1ccc(Cc2ccccc2)cc1
TOX3687,Cc1ccc(O)c([C@H](CCN(C(C)C)C(C)C)c2ccccc2)c1,1,c1ccc(Cc2ccccc2)cc1
TOX865,Nc1ccc(Cc2ccc(N)c(Cl)c2)cc1Cl,1,c1ccc(Cc2ccccc2)cc1
TOX501,CCC(=O)C(CC(C)N(C)C)(c1ccccc1)c1ccccc1,0,c1ccc(Cc2ccccc2)cc1
TOX9602,CCCC(c1cc(C(C)(C)C)c(O)cc1C)c1cc(C(C)(C)C)c(O)cc1C,1,c1ccc(Cc2ccccc2)cc1
TOX299,CCOC(=O)C(O)(c1ccc(Cl)cc1)c1ccc(Cl)cc1,1,c1ccc(Cc2ccccc2)cc1
TOX14833,O=C([O-])Cc1cccc2ccccc12,0,c1ccc2ccccc2c1
TOX21703,CCCCc1ccc2cccc(S(=O)(=O)[O-])c2c1,0,c1ccc2ccccc2c1
TOX22394,O=S(=O)([O-])c1cccc2ccccc12,0,c1ccc2ccccc2c1
TOX28591,CC(=O)OC(C)C(=O)OCC[N+](C)(C)C.CC(=O)OC(C)C(=O)OCC[N+](C)(C)C.O=S(=O)([O-])c1cccc2c(S(=O)(=O)[O-])cccc12,0,c1ccc2ccccc2c1
TOX24743,Nc1ccc2cc(S(=O)(=O)O)ccc2c1,0,c1ccc2ccccc2c1
TOX922,Nc1ccc2ccccc2c1S(=O)(=O)O,0,c1ccc2ccccc2c1
TOX877,Cc1cccc2ccccc12,0,c1ccc2ccccc2c1
TOX878,Cc1ccc2ccccc2c1,0,c1ccc2ccccc2c1
TOX12759,Oc1ccc(O)c2c(O)cccc12,0,c1ccc2ccccc2c1
TOX21442,O=S(=O)([O-])c1ccc2ccccc2c1,0,c1ccc2ccccc2c1
TOX5761,Cc1ccc2ccccc2c1[N+](=O)[O-],0,c1ccc2ccccc2c1
TOX9211,O=C(O)c1ccc2cc(C(=O)O)ccc2c1,0,c1ccc2ccccc2c1
TOX978,O=[N+]([O-])c1cccc2ccccc12,1,c1ccc2ccccc2c1
TOX24392,COc1ccc2ccccc2c1,0,c1ccc2ccccc2c1
TOX7600,Nc1cc(S(=O)(=O)[O-])cc2cc(S(=O)(=O)O)cc(O)c12,0,c1ccc2ccccc2c1
TOX9201,O=S(=O)([O-])c1ccc2cc(O)ccc2c1,0,c1ccc2ccccc2c1
TOX4211,CCN(CC)C(=O)C(C)Oc1cccc2ccccc12,0,c1ccc2ccccc2c1
TOX5130,Cc1ccc2ccccc2c1C,0,c1ccc2ccccc2c1
TOX919,NC(=S)Nc1cccc2ccccc12,0,c1ccc2ccccc2c1
TOX913,c1ccc2ccccc2c1,0,c1ccc2ccccc2c1
TOX916,Nc1cccc2c(N)cccc12,1,c1ccc2ccccc2c1
TOX915,O=C(O)Cc1cccc2ccccc12,0,c1ccc2ccccc2c1
TOX914,NC(=O)Cc1cccc2ccccc12,0,c1ccc2ccccc2c1
TOX24537,CC(C)c1ccc2c(C(C)C)cc(C(C)C)c(S(=O)(=O)[O-])c2c1,0,c1ccc2ccccc2c1
TOX9312,O=C(O)c1ccc2cc(O)ccc2c1,0,c1ccc2ccccc2c1
TOX9187,Cc1ccc2cc(C)ccc2c1,0,c1ccc2ccccc2c1
TOX1193,CC(C)NCC(O)c1ccc2ccccc2c1,0,c1ccc2ccccc2c1
TOX5696,Nc1ccc(N)c2ccccc12,1,c1ccc2ccccc2c1
TOX7061,Oc1ccc2ccccc2c1,1,c1ccc2ccccc2c1
TOX22195,O=C(O)COc1ccc2ccccc2c1,0,c1ccc2ccccc2c1
TOX26240,COc1ccc(C(=O)CCC(=O)O)c2ccccc12,0,c1ccc2ccccc2c1
TOX28760,COc1ccc2c(C(=S)N(C)CC(=O)O)cccc2c1C(F)(F)F,0,c1ccc2ccccc2c1
TOX1793,Oc1cccc2ccccc12,1,c1ccc2ccccc2c1
TOX15423,Cc1ccc(C)c2ccccc12,0,c1ccc2ccccc2c1
TOX20686,COc1ccc2cc([C@H](C)C(=O)O)ccc2c1,0,c1ccc2ccccc2c1
TOX6547,Nc1ccc2cc(S(=O)(=O)O)cc(O)c2c1,0,c1ccc2ccccc2c1
TOX4791,Clc1cccc2ccccc12,0,c1ccc2ccccc2c1
TOX9202,COC(=O)c1ccc2cc(C(=O)OC)ccc2c1,0,c1ccc2ccccc2c1
TOX6520,Nc1ccc2c(O)cc(S(=O)(=O)O)cc2c1,1,c1ccc2ccccc2c1
TOX22143,COC(=O)Cc1cccc2ccccc12,0,c1ccc2ccccc2c1
TOX25472,COc1ccc2cc(CCC(C)=O)ccc2c1,0,c1ccc2ccccc2c1
TOX21389,CC(=O)c1ccc2ccccc2c1,0,c1ccc2ccccc2c1
TOX15272,CC(C)c1ccc2cc(C(C)C)ccc2c1,0,c1ccc2ccccc2c1
TOX920,Nc1cccc2ccccc12,0,c1ccc2ccccc2c1
TOX921,Nc1ccc2ccccc2c1,0,c1ccc2ccccc2c1
TOX25904,COc1ccc2cc([C@H](C)CO)ccc2c1,0,c1ccc2ccccc2c1
TOX3640,CN(C/C=C/C#CC(C)(C)C)Cc1cccc2ccccc12,0,c1ccc2ccccc2c1
TOX26119,CC(C)[N+](C)(C)CC(O)COc1cccc2ccccc12,0,c1ccc2ccccc2c1
TOX24543,O=S(=O)([O-])c1ccc2cc(O)c(S(=O)(=O)[O-])cc2c1,0,c1ccc2ccccc2c1
TOX25576,COc1ccc2cc([C@H](C)C(=O)[O-])ccc2c1,0,c1ccc2ccccc2c1
TOX5167,O=[N+]([O-])c1cc([N+](=O)[O-])c2ccc(S(=O)(=O)O)cc2c1O,0,c1ccc2ccccc2c1
TOX5165,O=[N+]([O-])c1cccc2c([N+](=O)[O-])cccc12,0,c1ccc2ccccc2c1
TOX3971,Clc1ccc2ccccc2c1,0,c1ccc2ccccc2c1
TOX9733,CC(C)[C@H]1CC[C@H](C)C[C@@H]1O,0,C1CCCCC1
TOX9575,C=COCC1CCC(CO)CC1,0,C1CCCCC1
TOX24933,O=C=NCC1CCCC(CN=C=O)C1,0,C1CCCCC1
TOX27244,OCCCC1CCCCC1,0,C1CCCCC1
TOX4878,N#CC1(O)CCCCC1,0,C1CCCCC1
TOX27039,CCNC(=O)C1CC(C)CCC1C(C)C,0,C1CCCCC1
TOX3526,CNC(C)CC1CCCCC1,0,C1CCCCC1
TOX20716,CCC(C)(C)C1CCC(O)CC1,0,C1CCCCC1
TOX7503,CC1(C)CC(N)CC(C)(CN)C1,0,C1CCCCC1
TOX74,NCC1(CC(=O)O)CCCCC1,0,C1CCCCC1
TOX21815,CC1CC(O)CC(C)(C)C1,0,C1CCCCC1
TOX21809,O=S(=O)(O)NC1CCCCC1,0,C1CCCCC1
TOX1442,OCC(CO)N[C@H]1C[C@](O)(CO)[C@@H](O)[C@H](O)[C@H]1O,0,C1CCCCC1
TOX7301,NC1CCCCC1N,0,C1CCCCC1
TOX24488,N#CC1(N)CCCCC1,0,C1CCCCC1
TOX25350,NCC1CCC(C(=O)O)CC1,0,C1CCCCC1
TOX3996,NC1CCCCC1,0,C1CCCCC1
TOX3826,CC1(C)CC(N=C=O)CC(C)(CN=C=O)C1,0,C1CCCCC1
TOX21238,NCC1CCCC(CN)C1,0,C1CCCCC1
TOX27643,CC(O)C1CCCCC1,0,C1CCCCC1
TOX28179,CCCCC1CCC(O)CC1,0,C1CCCCC1
TOX4947,BrCC(Br)C1CCC(Br)C(Br)C1,1,C1CCCCC1
TOX1923,C1CCCCC1,0,C1CCCCC1
TOX27116,C=C(C)[C@@H]1CC[C@@H](C)C[C@@H]1O,0,C1CCCCC1
TOX25787,CC1(C)CCC(NC(=O)[C@@H](N)CCC(=O)O)CC1,0,C1CCCCC1
TOX5501,CC1CCC(C(C)CS)CC1S,0,C1CCCCC1
TOX24573,CCC(C)(C)C1CCCCC1OC(C)=O,0,C1CCCCC1
TOX6623,CC(C)(C)C1CCC(O)CC1,0,C1CCCCC1
TOX27682,CC(=O)CC(C)(C)C1CCCCC1,0,C1CCCCC1
TOX1894,OC1CCCCC1,0,C1CCCCC1
TOX1772,CC1(N)CCC(C(C)(C)N)CC1,0,C1CCCCC1
TOX24604,C=COCC1CCC(COC=C)CC1,0,C1CCCCC1
TOX805,CC1CCC(C(C)C)C(O)C1,0,C1CCCCC1
TOX1757,C#CC1(O)CCCCC1,0,C1CCCCC1
TOX16105,CC(=O)OC1CCCCC1C(C)(C)C,0,C1CCCCC1
TOX1799,CCN(CC)C1CCCCC1,0,C1CCCCC1
TOX6566,COC(=O)C1CCC(C(=O)OC)CC1,0,C1CCCCC1
TOX27149,CC(C)C1CCC(O)CC1,0,C1CCCCC1
TOX21813,CC1CCC(CO)CC1,0,C1CCCCC1
TOX21209,C=C(C)C1CCC(C)(O)CC1,0,C1CCCCC1
TOX24755,C=CCOC(=O)CCC1CCCCC1,0,C1CCCCC1
TOX6712,OCC1CCC(CO)CC1,0,C1CCCCC1
TOX9255,COC(=O)[C@H]1CC[C@H](C(=O)OC)CC1,0,C1CCCCC1
TOX3643,CC1(O)CCC(C(C)(C)O)CC1,0,C1CCCCC1
TOX28162,CCC(C)(C)C1CCC(OC)CC1,0,C1CCCCC1
TOX27188,CC(=O)OCCC1CCCCC1,0,C1CCCCC1
TOX27570,C[C@H]1C[C@@H](O)CC(C)(C)C1,0,C1CCCCC1
TOX687,ClC1C(Cl)C(Cl)C(Cl)C(Cl)C1Cl,0,C1CCCCC1
TOX685,Cl[C@H]1[C@H](Cl)[C@@H](Cl)[C@H](Cl)[C@@H](Cl)[C@@H]1Cl,0,C1CCCCC1
TOX684,Cl[C@H]1[C@H](Cl)[C@@H](Cl)[C@H](Cl)[C@H](Cl)[C@H]1Cl,1,C1CCCCC1
TOX24799,CC(C)(C)C1CCCCC1O,0,C1CCCCC1
TOX2180,CC(C)[C@@H]1CC[C@@H](C)C[C@H]1O,0,C1CCCCC1
TOX12356,CCSC(=O)N(CC)C1CCCCC1,0,C1CCCCC1
TOX25535,CCC(=O)OCC(=O)[C@@]1(OC(=O)CC)[C@H](C)C[C@H]2[C@H]3[C@H]([C@@H](O)C[C@@]21C)[C@@]1(C)C=CC(=O)C=C1C[C@H]3Cl,0,O=C1C=CC2C(=C1)CCC1C3CCCC3CCC21
TOX2904,CCCCC(=O)O[C@]1(C(=O)CO)[C@H](C)C[C@H]2[C@@H]3CCC4=CC(=O)C=C[C@]4(C)[C@@]3(F)[C@@H](O)C[C@@]21C,1,O=C1C=CC2C(=C1)CCC1C3CCCC3CCC21
TOX2901,CC(=O)OCC(=O)[C@@]1(O)[C@H](C)C[C@H]2[C@@H]3CCC4=CC(=O)C=C[C@]4(C)[C@@]3(F)[C@@H](O)C[C@@]21C,0,O=C1C=CC2C(=C1)CCC1C3CCCC3CCC21
TOX3502,CC(=O)OCC(=O)[C@@]1(O)CC[C@H]2[C@@H]3CCC4=CC(=O)C=C[C@]4(C)[C@H]3[C@@H](O)C[C@@]21C,0,O=C1C=CC2C(=C1)CCC1C3CCCC3CCC21
TOX20750,C[C@H]1C[C@H]2[C@@H]3CCC4=CC(=O)C=C[C@]4(C)[C@@]3(Cl)[C@@H](O)C[C@]2(C)[C@@]1(O)C(=O)CO,0,O=C1C=CC2C(=C1)CCC1C3CCCC3CCC21
TOX27429,C[C@@H]1C[C@H]2[C@@H]3CCC4=CC(=O)C=C[C@]4(C)[C@@]3(F)[C@@H](O)C[C@]2(C)[C@@]1(O)C(=O)COP(=O)([O-])[O-],0,O=C1C=CC2C(=C1)CCC1C3CCCC3CCC21
TOX27137,C[C@H]1C[C@H]2[C@@H]3CCC4=CC(=O)C=C[C@]4(C)[C@@]3(F)[C@@H](O)C[C@]2(C)[C@@]1(O)C(=O)COP(=O)([O-])[O-],0,O=C1C=CC2C(=C1)CCC1C3CCCC3CCC21
TOX28656,CCC(=O)OCC(=O)[C@@]1(OC(=O)CC)[C@@H](C)C[C@H]2[C@@H]3CCC4=CC(=O)C=C[C@]4(C)[C@@]3(Cl)[C@@H](O)C[C@@]21C,1,O=C1C=CC2C(=C1)CCC1C3CCCC3CCC21
TOX384,C[C@@H]1C[C@H]2[C@@H]3CCC4=CC(=O)C=C[C@]4(C)[C@@]3(F)[C@@H](O)C[C@]2(C)[C@@]1(O)C(=O)CO,0,O=C1C=CC2C(=C1)CCC1C3CCCC3CCC21
TOX25647,C[C@@H]1C[C@H]2[C@@H]3CCC4=CC(=O)C=C[C@]4(C)[C@@]3(F)[C@@H](O)C[C@]2(C)[C@H]1C(=O)CO,0,O=C1C=CC2C(=C1)CCC1C3CCCC3CCC21
TOX25460,C[C@@H]1C[C@H]2[C@@H]3C[C@H](F)C4=CC(=O)C=C[C@]4(C)[C@@]3(Cl)[C@@H](O)C[C@]2(C)[C@H]1C(=O)COC(=O)C(C)(C)C,0,O=C1C=CC2C(=C1)CCC1C3CCCC3CCC21
TOX28639,CC(=O)OCC(=O)[C@@]1(O)[C@H](OC(C)=O)C[C@H]2[C@@H]3CCC4=CC(=O)C=C[C@]4(C)[C@@]3(F)[C@@H](O)C[C@@]21C,0,O=C1C=CC2C(=C1)CCC1C3CCCC3CCC21
TOX28524,CCCCC(=O)OCC(=O)[C@H]1[C@H](C)C[C@H]2[C@@H]3C[C@H](F)C4=CC(=O)C=C[C@]4(C)[C@@]3(F)[C@@H](O)C[C@@]21C,0,O=C1C=CC2C(=C1)CCC1C3CCCC3CCC21
TOX2667,C[C@H]1C[C@H]2[C@@H]3CCC4=CC(=O)C=C[C@]4(C)[C@@]3(F)[C@@H](O)C[C@]2(C)[C@@]1(O)C(=O)CO,0,O=C1C=CC2C(=C1)CCC1C3CCCC3CCC21
TOX26636,CCC(=O)O[C@]1(C(=O)CCl)[C@@H](C)C[C@H]2[C@@H]3C[C@H](F)C4=CC(=O)C=C[C@]4(C)[C@@]3(F)[C@@H](O)C[C@@]21C,1,O=C1C=CC2C(=C1)CCC1C3CCCC3CCC21
TOX26067,C[C@]12C[C@H](O)[C@H]3[C@@H](C[C@H](F)C4=CC(=O)C=C[C@@]43C)[C@@H]1CC[C@]2(O)C(=O)CO,0,O=C1C=CC2C(=C1)CCC1C3CCCC3CCC21
TOX28931,C[C@@H]1C[C@H]2C3C[C@H](F)C4=CC(=O)C=CC4(C)[C@@]3(F)[C@@H](O)CC2(C)[C@@]1(O)C(=O)COC(=O)C(C)(C)C,1,O=C1C=CC2C(=C1)CCC1C3CCCC3CCC21
TOX28890,C[C@]12C[C@H](O)[C@H]3[C@@H](CCC4=CC(=O)C=C[C@@]43C)[C@@H]1CC[C@]2(O)C(=O)COC(=O)CCC(=O)O,0,O=C1C=CC2C(=C1)CCC1C3CCCC3CCC21
TOX20742,C[C@]12C[C@H](O)[C@@]3(F)[C@@H](CCC4=CC(=O)C=C[C@@]43C)[C@@H]1C[C@@H](O)[C@]2(O)C(=O)CO,0,O=C1C=CC2C(=C1)CCC1C3CCCC3CCC21
TOX3300,C[C@H]1C[C@H]2[C@@H]3CC[C@](O)(C(=O)CO)[C@@]3(C)C[C@H](O)[C@@H]2[C@@]2(C)C=CC(=O)C=C12,0,O=C1C=CC2C(=C1)CCC1C3CCCC3CCC21
TOX3302,CC(=O)OCC(=O)[C@@]1(O)CC[C@H]2[C@@H]3C[C@H](C)C4=CC(=O)C=C[C@]4(C)[C@H]3[C@@H](O)C[C@@]21C,0,O=C1C=CC2C(=C1)CCC1C3CCCC3CCC21
TOX3303,C[C@H]1C[C@H]2[C@@H]3CC[C@](O)(C(=O)COC(=O)CCC(=O)[O-])[C@@]3(C)C[C@H](O)[C@@H]2[C@@]2(C)C=CC(=O)C=C12,0,O=C1C=CC2C(=C1)CCC1C3CCCC3CCC21
TOX25306,CC(=O)OCC(=O)[C@@]1(O)CC[C@H]2[C@@H]3CCC4=CC(=O)C=C[C@]4(C)[C@@]3(F)[C@@H](O)C[C@@]21C,0,O=C1C=CC2C(=C1)CCC1C3CCCC3CCC21
TOX25365,C[C@@H]1C[C@H]2[C@@H]3C[C@H](F)C4=CC(=O)C=C[C@]4(C)[C@@]3(F)[C@@H](O)C[C@]2(C)[C@@]1(O)C(=O)CO,0,O=C1C=CC2C(=C1)CCC1C3CCCC3CCC21
TOX25646,CC(=O)OCC(=O)[C@@]1(OC(C)=O)[C@@H](C)C[C@H]2[C@@H]3C[C@H](F)C4=CC(=O)C=C[C@]4(C)[C@@]3(F)[C@@H](O)C[C@@]21C,1,O=C1C=CC2C(=C1)CCC1C3CCCC3CCC21
TOX25474,COC(=O)[C@@]1(C)[C@H](C)C[C@H]2[C@@H]3CCC4=CC(=O)C=C[C@]4(C)[C@H]3[C@@H](O)C[C@@]21C,0,O=C1C=CC2C(=C1)CCC1C3CCCC3CCC21
TOX3276,C[C@]12C=CC(=O)C=C1CC[C@@H]1[C@@H]2CC[C@@]2(C)[C@H]1CC[C@]2(C)O,0,O=C1C=CC2C(=C1)CCC1C3CCCC3CCC21
TOX25907,CCC(=O)O[C@]1(C(=O)CCl)[C@@H](C)C[C@H]2[C@@H]3CCC4=CC(=O)C=C[C@]4(C)[C@@]3(F)[C@@H](O)C[C@@]21C,1,O=C1C=CC2C(=C1)CCC1C3CCCC3CCC21
TOX2673,CCCCC(=O)O[C@]1(C(=O)CO)[C@@H](C)C[C@H]2[C@@H]3CCC4=CC(=O)C=C[C@]4(C)[C@@]3(F)[C@@H](O)C[C@@]21C,1,O=C1C=CC2C(=C1)CCC1C3CCCC3CCC21
TOX2671,CCCC(=O)O[C@]1(C(=O)COC(=O)CC)[C@@H](C)C[C@H]2[C@@H]3CCC4=CC(=O)C=C[C@]4(C)[C@@]3(F)[C@@H](O)C[C@@]21C,1,O=C1C=CC2C(=C1)CCC1C3CCCC3CCC21
TOX3422,CC(=O)OCC(=O)[C@@]1(O)[C@H](C)C[C@H]2[C@@H]3C[C@H](F)C4=CC(=O)C=C[C@]4(C)[C@H]3[C@@H](O)C[C@@]21C,0,O=C1C=CC2C(=C1)CCC1C3CCCC3CCC21
TOX1184,C[C@]12C[C@H](O)[C@H]3[C@@H](CCC4=CC(=O)C=C[C@@]43C)[C@@H]1CC[C@]2(O)C(=O)CO,0,O=C1C=CC2C(=C1)CCC1C3CCCC3CCC21
TOX25511,CCC(=O)O[C@]1(C(=O)SCF)[C@H](C)C[C@H]2C3C[C@H](F)C4=CC(=O)C=C[C@]4(C)[C@@]3(F)[C@@H](O)C[C@@]21C,1,O=C1C=CC2C(=C1)CCC1C3CCCC3CCC21
TOX25232,O=C(O)Cc1cc(I)c(Oc2ccc(O)c(I)c2)c(I)c1,0,c1ccc(Oc2ccccc2)cc1
TOX4112,CS(=O)(=O)NC(=O)c1cc(Oc2ccc(C(F)(F)F)cc2Cl)ccc1[N+](=O)[O-],0,c1ccc(Oc2ccccc2)cc1
TOX20287,CN(C)C(=O)Nc1ccc(Oc2ccc(Cl)cc2)cc1,1,c1ccc(Oc2ccccc2)cc1
TOX26908,N[C@@H](Cc1ccc(Oc2cc(I)c(O)c(I)c2)c(I)c1)C(=O)O,0,c1ccc(Oc2ccccc2)cc1
TOX28756,O=C(O)Cc1ccccc1Oc1ccc(Cl)cc1Cl,0,c1ccc(Oc2ccccc2)cc1
TOX4015,Brc1ccc(Oc2ccc(Br)cc2)cc1,1,c1ccc(Oc2ccccc2)cc1
TOX1847,c1ccc(Oc2ccccc2)cc1,0,c1ccc(Oc2ccccc2)cc1
TOX1094,Nc1ccc(Oc2ccc(N)cc2)cc1,0,c1ccc(Oc2ccccc2)cc1
TOX6499,NNS(=O)(=O)c1ccc(Oc2ccc(S(=O)(=O)NN)cc2)cc1,0,c1ccc(Oc2ccccc2)cc1
TOX970,O=[N+]([O-])c1ccc(Oc2ccc(Cl)cc2Cl)cc1,1,c1ccc(Oc2ccccc2)cc1
TOX1372,Nc1ccc(Oc2ccc(N)c(N)c2)cc1,1,c1ccc(Oc2ccccc2)cc1
TOX4236,Brc1cc(Oc2cc(Br)c(Br)c(Br)c2Br)c(Br)c(Br)c1Br,0,c1ccc(Oc2ccccc2)cc1
TOX17553,O=[N+]([O-])c1ccc(Oc2ccc(C(F)(F)F)cc2[N+](=O)[O-])cc1,1,c1ccc(Oc2ccccc2)cc1
TOX3927,Brc1ccc(Oc2ccccc2)cc1,0,c1ccc(Oc2ccccc2)cc1
TOX4160,CCOC(=O)C(C)OC(=O)c1cc(Oc2ccc(C(F)(F)F)cc2Cl)ccc1[N+](=O)[O-],1,c1ccc(Oc2ccccc2)cc1
TOX17250,CS(=O)(=O)Nc1ccc([N+](=O)[O-])cc1Oc1ccccc1,1,c1ccc(Oc2ccccc2)cc1
TOX7537,Cc1cccc(Oc2ccccc2)c1,0,c1ccc(Oc2ccccc2)cc1
TOX22,O=C(O)c1cc(Oc2ccc(C(F)(F)F)cc2Cl)ccc1[N+](=O)[O-],0,c1ccc(Oc2ccccc2)cc1
TOX8005,O=Cc1cccc(Oc2ccccc2)c1,0,c1ccc(Oc2ccccc2)cc1
TOX10056,Brc1ccc(Oc2ccc(Br)cc2Br)c(Br)c1,1,c1ccc(Oc2ccccc2)cc1
TOX2127,Oc1ccc(Oc2ccccc2)cc1,1,c1ccc(Oc2ccccc2)cc1
TOX4246,Brc1ccc(Oc2cc(Br)c(Br)cc2Br)c(Br)c1,1,c1ccc(Oc2ccccc2)cc1
TOX18321,O=C(O)c1cccc(Oc2ccccc2)c1,0,c1ccc(Oc2ccccc2)cc1
TOX7756,OCc1cccc(Oc2ccccc2)c1,1,c1ccc(Oc2ccccc2)cc1
TOX3853,O=C([O-])c1cc(Oc2ccc(C(F)(F)F)cc2Cl)ccc1[N+](=O)[O-],0,c1ccc(Oc2ccccc2)cc1
TOX14503,CCCCOC(=O)[C@@H](C)Oc1ccc(Oc2ccc(C#N)cc2F)cc1,0,c1ccc(Oc2ccccc2)cc1
TOX2699,CCCCNc1cc(C(=O)O)cc(S(N)(=O)=O)c1Oc1ccccc1,0,c1ccc(Oc2ccccc2)cc1
TOX28160,O=C(O)Cc1cc(I)c(Oc2cc(I)c(O)c(I)c2)c(I)c1,1,c1ccc(Oc2ccccc2)cc1
TOX275,Nc1ccc(Oc2ccc(Cl)cc2)cc1,0,c1ccc(Oc2ccccc2)cc1
TOX12498,Oc1cc(Cl)ccc1Oc1ccc(Cl)cc1Cl,1,c1ccc(Oc2ccccc2)cc1
TOX3216,N[C@@H](Cc1cc(I)c(Oc2ccc(O)c(I)c2)c(I)c1)C(=O)O,1,c1ccc(Oc2ccccc2)cc1
TOX3214,N[C@@H](Cc1cc(I)c(Oc2cc(I)c(O)c(I)c2)c(I)c1)C(=O)O,0,c1ccc(Oc2ccccc2)cc1
TOX27850,COc1cc(Cl)ccc1Oc1ccc(Cl)cc1Cl,1,c1ccc(Oc2ccccc2)cc1
TOX26647,C[C@]12C[C@H](O)[C@H]3[C@@H](CCC4=CC(=O)CC[C@@]43C)[C@@H]1CC[C@]2(O)C(=O)COP(=O)([O-])[O-],0,O=C1C=C2CCC3C4CCCC4CCC3C2CC1
TOX25254,C[C@]12CC[C@H]3[C@@H](CCC4=CC(=O)CC[C@@]43C)[C@@H]1CC[C@@H]2C(=O)CO,0,O=C1C=C2CCC3C4CCCC4CCC3C2CC1
TOX3061,C[C@]12C[C@H](O)[C@@]3(F)[C@@H](CCC4=CC(=O)CC[C@@]43C)[C@@H]1CC[C@]2(O)C(=O)CO,0,O=C1C=C2CCC3C4CCCC4CCC3C2CC1
TOX26036,CC(C)(C)C(=O)OCC(=O)[C@H]1CC[C@H]2[C@@H]3CCC4=CC(=O)CC[C@]4(C)[C@H]3CC[C@]12C,0,O=C1C=C2CCC3C4CCCC4CCC3C2CC1
TOX1071,C#C[C@]1(OC(C)=O)CC[C@H]2[C@@H]3CCC4=CC(=O)CC[C@@H]4[C@H]3CC[C@@]21C,0,O=C1C=C2CCC3C4CCCC4CCC3C2CC1
TOX13664,C[C@]1(O)CC[C@H]2[C@@H]3CCC4=CC(=O)CC[C@]4(C)[C@H]3CC[C@@]21C,0,O=C1C=C2CCC3C4CCCC4CCC3C2CC1
TOX25371,CC(=O)[C@H]1CC[C@H]2[C@@H]3C[C@H](C)C4=CC(=O)CC[C@]4(C)[C@H]3[C@@H](O)C[C@]12C,0,O=C1C=C2CCC3C4CCCC4CCC3C2CC1
TOX3352,CCCCCCCCCC(=O)O[C@H]1CC[C@H]2[C@@H]3CCC4=CC(=O)CC[C@@H]4[C@H]3CC[C@]12C,0,O=C1C=C2CCC3C4CCCC4CCC3C2CC1
TOX3350,C[C@]12CC[C@@H]3[C@H]4CCC(=O)C=C4CC[C@H]3[C@@H]1CC[C@@H]2O,0,O=C1C=C2CCC3C4CCCC4CCC3C2CC1
TOX23915,CCCCCC(=O)O[C@]1(C(C)=O)CC[C@H]2[C@@H]3CCC4=CC(=O)CC[C@]4(C)[C@H]3CC[C@@]21C,1,O=C1C=C2CCC3C4CCCC4CCC3C2CC1
TOX28612,CC(=O)OCC(=O)[C@@]1(O)CCC2C3CCC4=CC(=O)CC[C@]4(C)C3[C@@H](O)C[C@@]21C,0,O=C1C=C2CCC3C4CCCC4CCC3C2CC1
TOX25642,C[C@]12CC[C@H]3[C@@H](CCC4=CC(=O)CC[C@@]43C)[C@@H]1CC[C@]2(O)C(=O)CO,0,O=C1C=C2CCC3C4CCCC4CCC3C2CC1
TOX26806,CC(C)CCC(=O)O[C@H]1CC[C@H]2[C@@H]3CCC4=CC(=O)CC[C@]4(C)[C@H]3CC[C@]12C,0,O=C1C=C2CCC3C4CCCC4CCC3C2CC1
TOX28590,C#C[C@]1(OC(=O)CCCCCC)CC[C@H]2[C@@H]3CCC4=CC(=O)CC[C@@H]4[C@H]3CC[C@@]21C,1,O=C1C=C2CCC3C4CCCC4CCC3C2CC1
TOX28691,CC(=O)[C@@]1(O)CC[C@H]2[C@@H]3CCC4=CC(=O)CC[C@]4(C)C3(F)[C@@H](O)C[C@@]21C,0,O=C1C=C2CCC3C4CCCC4CCC3C2CC1
TOX3016,C#C[C@]1(O)CC[C@H]2[C@@H]3CCC4=CC(=O)CC[C@]4(C)[C@H]3CC[C@@]21C,0,O=C1C=C2CCC3C4CCCC4CCC3C2CC1
TOX16508,CC(=O)[C@@]1(O)CC[C@H]2[C@@H]3C[C@H](C)C4=CC(=O)CC[C@]4(C)[C@H]3CC[C@@]21C,0,O=C1C=C2CCC3C4CCCC4CCC3C2CC1
TOX3380,C#C[C@]1(O)CC[C@H]2[C@@H]3CCC4=CC(=O)CC[C@@H]4[C@H]3CC[C@@]21C,0,O=C1C=C2CCC3C4CCCC4CCC3C2CC1
TOX714,C[C@]12C[C@H](O)[C@H]3[C@@H](CCC4=CC(=O)CC[C@@]43C)[C@@H]1CC[C@]2(O)C(=O)CO,0,O=C1C=C2CCC3C4CCCC4CCC3C2CC1
TOX16496,C#C[C@]1(O)CC[C@H]2[C@@H]3CCC4=CC(=O)CC[C@@H]4[C@H]3CC[C@@]21CC,0,O=C1C=C2CCC3C4CCCC4CCC3C2CC1
TOX26210,CC(=O)O[C@]1(C(C)=O)CC[C@H]2[C@@H]3CCC4=CC(=O)CC[C@]4(C)[C@@]3(F)[C@@H](O)C[C@@]21C,0,O=C1C=C2CCC3C4CCCC4CCC3C2CC1
TOX20747,CC(=O)[C@@]1(O)CC[C@H]2[C@@H]3CCC4=CC(=O)CC[C@]4(C)[C@H]3CC[C@@]21C,0,O=C1C=C2CCC3C4CCCC4CCC3C2CC1
TOX28740,CC[C@H]1C[C@H]2[C@@H]3CCC4=CC(=O)CC[C@@H]4[C@H]3CC[C@]2(C)[C@H]1O,0,O=C1C=C2CCC3C4CCCC4CCC3C2CC1
TOX2894,CC(=O)OCC(=O)[C@H]1CC[C@H]2[C@@H]3CCC4=CC(=O)CC[C@]4(C)[C@H]3CC[C@]12C,0,O=C1C=C2CCC3C4CCCC4CCC3C2CC1
TOX2329,C[C@]12CC[C@H]3[C@@H](CCC4=CC(=O)CC[C@@]43C)[C@@H]1CC[C@H]2O,0,O=C1C=C2CCC3C4CCCC4CCC3C2CC1
TOX28529,CCCC(=O)O[C@]1(C(=O)COC(=O)CC)CC[C@H]2[C@@H]3CCC4=CC(=O)CC[C@]4(C)[C@H]3[C@@H](O)C[C@@]21C,0,O=C1C=C2CCC3C4CCCC4CCC3C2CC1
TOX26198,CCCCCCCCCC(=O)O[C@H]1CC[C@H]2[C@@H]3CCC4=CC(=O)CC[C@]4(C)[C@H]3CC[C@]12C,0,O=C1C=C2CCC3C4CCCC4CCC3C2CC1
TOX2474,C[C@]12C[C@H](O)[C@H]3[C@@H](CCC4=CC(=O)CC[C@@]43C)[C@@H]1CC[C@@H]2C(=O)CO,0,O=C1C=C2CCC3C4CCCC4CCC3C2CC1
TOX16515,CCC(=O)O[C@H]1CC[C@H]2[C@@H]3CCC4=CC(=O)CC[C@]4(C)[C@H]3CC[C@]12C,0,O=C1C=C2CCC3C4CCCC4CCC3C2CC1
TOX13512,C[C@]1(O)CC[C@H]2[C@@H]3CCC4=CC(=O)CC[C@]4(C)[C@@]3(F)[C@@H](O)C[C@@]21C,0,O=C1C=C2CCC3C4CCCC4CCC3C2CC1
TOX25633,CCCCC(=O)O[C@]1(C(=O)CO)CC[C@H]2[C@@H]3CCC4=CC(=O)CC[C@]4(C)[C@H]3[C@@H](O)C[C@@]21C,0,O=C1C=C2CCC3C4CCCC4CCC3C2CC1
TOX2371,C[C@]12CC[C@H]3[C@@H](CCC4=CC(=O)CC[C@@]43C)[C@@H]1CC[C@@H]2O,0,O=C1C=C2CCC3C4CCCC4CCC3C2CC1
TOX27072,CC1=CC(O)CC(C)(C)C1,0,C1=CCCCC1
TOX27078,C=C(C)[C@@H]1CC=C(C)CC1,0,C1=CCCCC1
TOX27088,CC1=C(CC=O)C(C)(C)CCC1,0,C1=CCCCC1
TOX1769,CC(=O)/C=C/C1=C(C)CCCC1(C)C,0,C1=CCCCC1
TOX6240,CCC(=O)/C=C/C1C(C)=CCCC1(C)C,0,C1=CCCCC1
TOX27142,CC1=C(C=O)C(C)(C)CCC1,0,C1=CCCCC1
TOX27952,CC(=O)C=CC1=C(C)CCCC1(C)C,0,C1=CCCCC1
TOX24833,CCC(=O)OC(C)(C)C1CC=C(C)CC1,0,C1=CCCCC1
TOX15160,CC(=O)/C=C/C1C(C)=CCCC1(C)C,0,C1=CCCCC1
TOX27422,CCC(=O)C1CC(C(C)C)CC=C1C,0,C1=CCCCC1
TOX24600,OCC1CC=CCC1,0,C1=CCCCC1
TOX6496,CC(=O)OC(C)(C)C1CC=C(C)CC1,0,C1=CCCCC1
TOX25954,CCOC(=O)C1=C[C@@H](OC(CC)CC)[C@H](NC(C)=O)[C@@H](N)C1,0,C1=CCCCC1
TOX7047,CC(=O)/C(C)=C/C1C(C)=CCCC1(C)C,0,C1=CCCCC1
TOX5997,CC1=C(/C=C/C(C)=C/C=C/C(C)=C\C=O)C(C)(C)CCC1,1,C1=CCCCC1
TOX27042,CC(=O)/C=C/C1C(C)=CCC(C)C1(C)C,0,C1=CCCCC1
TOX21190,C=C(C)[C@@H]1CC=C(C=O)CC1,0,C1=CCCCC1
TOX24574,CC1=CC(C)C(C=O)CC1,0,C1=CCCCC1
TOX4738,C=C(C)C1CC=C(C)C(OC(C)=O)C1,0,C1=CCCCC1
TOX4736,C=C(C)C1CC=C(C)C(O)C1,0,C1=CCCCC1
TOX3556,CC1=C(/C=C/C(C)=C/C=C/C(C)=C/CO)C(C)(C)CCC1,1,C1=CCCCC1
TOX778,C=C(C)[C@H]1CC=C(C)CC1,0,C1=CCCCC1
TOX6661,O=CC1CC=CCC1,0,C1=CCCCC1
TOX1239,CC1=C(/C=C/C(C)=C/C=C\C(C)=C\C(=O)O)C(C)(C)CCC1,1,C1=CCCCC1
TOX1241,CCCCCCCCCCCCCCCC(=O)OC/C=C(C)/C=C/C=C(C)/C=C/C1=C(C)CCCC1(C)C,0,C1=CCCCC1
TOX1240,CC(=O)OC/C=C(C)/C=C/C=C(C)/C=C/C1=C(C)CCCC1(C)C,0,C1=CCCCC1
TOX24824,CC1=CCC(O)(C(C)C)CC1,0,C1=CCCCC1
TOX27591,C=CCCC(=O)/C=C/C1C(C)=CCCC1(C)C,1,C1=CCCCC1
TOX9612,C=C(C)C1CC=C(C)CC1,0,C1=CCCCC1
TOX6625,CC1=CCC(C(C)(C)O)CC1,0,C1=CCCCC1
TOX24541,CC1=CC(C)C(C=O)C(C)C1,0,C1=CCCCC1
TOX27200,CC(=O)CCC1=C(C)CCCC1(C)C,0,C1=CCCCC1
TOX29089,CCn1cc[n+](C)c1C.O=S(=O)([O-])C(F)(F)F,0,c1c[nH+]c[nH]1
TOX29087,CCCCn1cc[n+](C)c1.F[B-](F)(F)F,0,c1c[nH+]c[nH]1
TOX29085,CCCCCCCCCCCCCCn1cc[n+](C)c1,1,c1c[nH+]c[nH]1
TOX29300,CCn1cc[n+](C)c1,0,c1c[nH+]c[nH]1
TOX29063,CCCn1cc[n+](C)c1,0,c1c[nH+]c[nH]1
TOX29088,CCCCn1cc[n+](C)c1.O=S(=O)([O-])C(F)(F)F,0,c1c[nH+]c[nH]1
TOX29084,CCCCCCCCCCn1cc[n+](C)c1,1,c1c[nH+]c[nH]1
TOX27919,CCCCCCCCn1cc[n+](C)c1.F[B-](F)(F)F,1,c1c[nH+]c[nH]1
TOX29142,C[n+]1ccn(CCO)c1.F[B-](F)(F)F,0,c1c[nH+]c[nH]1
TOX11461,CCCCn1cc[n+](C)c1,0,c1c[nH+]c[nH]1
TOX27907,CCCCn1cc[n+](C)c1C,0,c1c[nH+]c[nH]1
TOX29109,CCCCCCCCCCCCn1cc[n+](C)c1.F[B-](F)(F)F,1,c1c[nH+]c[nH]1
TOX29108,CCCCCCn1cc[n+](C)c1.F[B-](F)(F)F,0,c1c[nH+]c[nH]1
TOX29107,CCCn1cc[n+](C)c1.F[B-](F)(F)F,0,c1c[nH+]c[nH]1
TOX29289,CCCCCCCCCCCCn1cc[n+](C)c1,1,c1c[nH+]c[nH]1
TOX29311,CCCCCCCCCCn1cc[n+](CCCCCCCCCC)c1C,1,c1c[nH+]c[nH]1
TOX27848,C[n+]1ccn(CCO)c1,0,c1c[nH+]c[nH]1
TOX27849,CCCCCCCCn1cc[n+](C)c1,1,c1c[nH+]c[nH]1
TOX27860,CCn1cc[n+](C)c1.N#C[S-],0,c1c[nH+]c[nH]1
TOX29315,CCCCn1cc[n+](C)c1C.O=S(=O)([O-])C(F)(F)F,0,c1c[nH+]c[nH]1
TOX27941,CCn1cc[n+](C)c1.O=S(=O)([O-])C(F)(F)F,0,c1c[nH+]c[nH]1
TOX27940,CCn1cc[n+](C)c1.N#CN=C=[N-],0,c1c[nH+]c[nH]1
TOX27946,COP(=O)([O-])OC.Cn1cc[n+](C)c1,0,c1c[nH+]c[nH]1
TOX29074,CCn1cc[n+](C)c1.F[B-](F)(F)F,0,c1c[nH+]c[nH]1
TOX27922,CCCCCCCCn1cc[n+](C)c1.O=S(=O)([O-])C(F)(F)F,1,c1c[nH+]c[nH]1
TOX27904,C=CCn1cc[n+](C)c1,0,c1c[nH+]c[nH]1
TOX29110,CCCCCCCCCCCCCCCCn1cc[n+](C)c1.F[B-](F)(F)F,1,c1c[nH+]c[nH]1
TOX27892,CCCCCCCCCCn1cc[n+](C)c1.O=S(=O)([O-])C(F)(F)F,1,c1c[nH+]c[nH]1
TOX29130,CCOS(=O)(=O)[O-].CCn1cc[n+](C)c1,0,c1c[nH+]c[nH]1
TOX29138,CCCCn1cc[n+](C)c1.Cl[Fe-](Cl)(Cl)Cl,0,c1c[nH+]c[nH]1
TOX29155,CCCCCCCCCCCCn1cc[n+](C)c1.O=S(=O)([O-])C(F)(F)F,1,c1c[nH+]c[nH]1
TOX27870,O=C(c1ccccc1)c1cc(Cl)ccc1O,1,O=C(c1ccccc1)c1ccccc1
TOX894,CN(C)c1ccc(C(=O)c2ccc(N(C)C)cc2)cc1,1,O=C(c1ccccc1)c1ccccc1
TOX28584,Nc1c(CC(=O)[O-])cccc1C(=O)c1ccccc1,0,O=C(c1ccccc1)c1ccccc1
TOX17741,Cc1ccc(C(=O)c2ccccc2)cc1,0,O=C(c1ccccc1)c1ccccc1
TOX26242,COc1ccc(C(=O)c2ccc(C)cc2)c(O)c1,0,O=C(c1ccccc1)c1ccccc1
TOX24836,O=C(c1ccc(O)cc1)c1ccc(O)cc1O,1,O=C(c1ccccc1)c1ccccc1
TOX27950,O=C(c1ccc(O)c(O)c1)c1ccc(O)cc1O,1,O=C(c1ccccc1)c1ccccc1
TOX18875,COc1ccc(C(=O)c2ccc(OC)cc2O)c(O)c1,1,O=C(c1ccccc1)c1ccccc1
TOX17626,O=C(c1ccc(Cl)cc1)c1ccc(Cl)cc1,0,O=C(c1ccccc1)c1ccccc1
TOX27932,O=C(c1ccc(O)cc1)c1ccc(O)c(O)c1O,1,O=C(c1ccccc1)c1ccccc1
TOX22436,COc1cc(O)c(C(=O)c2ccccc2)cc1S(=O)(=O)O,0,O=C(c1ccccc1)c1ccccc1
TOX17728,O=C(c1ccccc1)c1ccc(O)c(O)c1O,1,O=C(c1ccccc1)c1ccccc1
TOX1961,O=C(c1ccccc1)c1ccccc1,0,O=C(c1ccccc1)c1ccccc1
TOX7604,CCN(CC)c1ccc(C(=O)c2ccccc2C(=O)O)c(O)c1,0,O=C(c1ccccc1)c1ccccc1
TOX2403,COc1ccc(C(=O)c2ccccc2O)c(O)c1,1,O=C(c1ccccc1)c1ccccc1
TOX2404,O=C(c1ccccc1O)c1ccccc1O,1,O=C(c1ccccc1)c1ccccc1
TOX2405,COc1ccc(C(=O)c2ccccc2)c(O)c1,0,O=C(c1ccccc1)c1ccccc1
TOX27862,COc1ccc(C(=O)c2cccc(O)c2)c(OC)c1,1,O=C(c1ccccc1)c1ccccc1
TOX9874,CC(C)OC(=O)C(C)(C)Oc1ccc(C(=O)c2ccc(Cl)cc2)cc1,0,O=C(c1ccccc1)c1ccccc1
TOX771,CC(C(=O)O)c1cccc(C(=O)c2ccccc2)c1,0,O=C(c1ccccc1)c1ccccc1
TOX16684,O=C(c1ccccc1)c1ccc(O)cc1,1,O=C(c1ccccc1)c1ccccc1
TOX9762,CCCCN(CCCC)c1ccc(C(=O)c2ccccc2C(=O)O)c(O)c1,1,O=C(c1ccccc1)c1ccccc1
TOX28564,NC(=O)Cc1cccc(C(=O)c2ccccc2)c1N,0,O=C(c1ccccc1)c1ccccc1
TOX3685,Cc1ccc(C(=O)c2cc(O)c(O)c([N+](=O)[O-])c2)cc1,1,O=C(c1ccccc1)c1ccccc1
TOX24950,O=C(c1cc(O)c(O)c(O)c1)c1ccc(O)c(O)c1O,1,O=C(c1ccccc1)c1ccccc1
TOX7441,CCCCCCCCOc1ccc(C(=O)c2ccccc2)c(O)c1,0,O=C(c1ccccc1)c1ccccc1
TOX21306,O=C(c1ccc(O)cc1O)c1ccc(O)cc1O,1,O=C(c1ccccc1)c1ccccc1
TOX27856,O=C(c1ccccc1)c1cccc(O)c1,1,O=C(c1ccccc1)c1ccccc1
TOX27855,O=C(c1ccccc1)c1ccccc1O,0,O=C(c1ccccc1)c1ccccc1
TOX26521,CCOc1ccc(S(=O)(=O)O)c2cccnc12,0,c1ccc2ncccc2c1
TOX26235,Cc1ccc2c(Br)cc(Br)c(O)c2n1,1,c1ccc2ncccc2c1
TOX2801,Oc1c(Cl)cc(Cl)c2cccnc12,1,c1ccc2ncccc2c1
TOX28924,Cc1ccc2c(Cl)cc(Cl)c(O)c2n1,1,c1ccc2ncccc2c1
TOX25849,Oc1c(Br)cc(Br)c2cccnc12,0,c1ccc2ncccc2c1
TOX24317,O=S(=O)(O)c1ccc(O)c2ncccc12,0,c1ccc2ncccc2c1
TOX26136,O=S(=O)(O)c1cc(I)c(O)c2ncccc12,0,c1ccc2ncccc2c1
TOX26284,O=[N+]([O-])c1ccc(O)c2ncccc12,1,c1ccc2ncccc2c1
TOX24681,CCN(CC)CCCC(C)Nc1ccnc2cc(Cl)ccc12,0,c1ccc2ncccc2c1
TOX25973,Oc1ccc(Cl)c2cccnc12,1,c1ccc2ncccc2c1
TOX12641,O=C(O)c1c(Cl)ccc2cc(Cl)cnc12,0,c1ccc2ncccc2c1
TOX20271,Cc1ccc2ccccc2n1,0,c1ccc2ncccc2c1
TOX984,O=[N+]([O-])c1ccc2ncccc2c1,1,c1ccc2ncccc2c1
TOX985,O=[N+]([O-])c1cccc2cccnc12,0,c1ccc2ncccc2c1
TOX25248,COc1cc(NC(C)CCCN)c2ncccc2c1,0,c1ccc2ncccc2c1
TOX5657,Cc1ccc2cccnc2c1,0,c1ccc2ncccc2c1
TOX2837,Oc1c(I)cc(Cl)c2cccnc12,1,c1ccc2ncccc2c1
TOX730,Oc1cccc2cccnc12,0,c1ccc2ncccc2c1
TOX1798,c1ccc2ncccc2c1,0,c1ccc2ncccc2c1
TOX21794,CCCCCC(C)OC(=O)COc1ccc(Cl)c2cccnc12,0,c1ccc2ncccc2c1
TOX888,Cc1cccc2cccnc12,0,c1ccc2ncccc2c1
TOX887,Cc1ccc2ncccc2c1,0,c1ccc2ncccc2c1
TOX26401,Cc1ccc(O)c2ncccc12,0,c1ccc2ncccc2c1
TOX3155,Oc1c(I)cc(I)c2cccnc12,0,c1ccc2ncccc2c1
TOX26851,CCCCCCCCCCOc1cc2c(O)c(C(=O)OCC)cnc2cc1OCC,0,c1ccc2ncccc2c1
TOX21689,CCOC(=O)c1cnc2cc(OCC(C)C)c(OCC(C)C)cc2c1O,0,c1ccc2ncccc2c1
TOX161,c1ccc(-c2ccccc2)cc1,0,c1ccc(-c2ccccc2)cc1
TOX137,Nc1ccc(-c2ccc(N)cc2)cc1,1,c1ccc(-c2ccccc2)cc1
TOX10189,Nc1ccccc1-c1ccccc1,0,c1ccc(-c2ccccc2)cc1
TOX511,Cc1cc(-c2ccc(N)c(C)c2)ccc1N,0,c1ccc(-c2ccccc2)cc1
TOX27177,Cc1ccc(-c2ccccc2)cc1,0,c1ccc(-c2ccccc2)cc1
TOX72,Nc1ccc(-c2ccccc2)cc1,0,c1ccc(-c2ccccc2)cc1
TOX5404,CCCCCCc1ccc(-c2ccc(C#N)cc2)cc1,1,c1ccc(-c2ccccc2)cc1
TOX5746,O=[N+]([O-])c1ccccc1-c1ccccc1,0,c1ccc(-c2ccccc2)cc1
TOX1151,Oc1ccccc1-c1ccccc1,1,c1ccc(-c2ccccc2)cc1
TOX5091,COc1cc(-c2ccc(N)c(OC)c2)ccc1N,1,c1ccc(-c2ccccc2)cc1
TOX4640,Brc1ccc(-c2ccccc2)cc1,0,c1ccc(-c2ccccc2)cc1
TOX27728,Fc1ccccc1-c1ccccc1,0,c1ccc(-c2ccccc2)cc1
TOX484,COc1cc(-c2ccc(N=C=O)c(OC)c2)ccc1N=C=O,0,c1ccc(-c2ccccc2)cc1
TOX24533,Clc1ccccc1-c1ccccc1Cl,1,c1ccc(-c2ccccc2)cc1
TOX1314,Nc1cc(Cl)c(-c2cc(Cl)c(N)cc2Cl)cc1Cl,1,c1ccc(-c2ccccc2)cc1
TOX1312,Nc1ccc(-c2ccc(N)c(N)c2)cc1N,1,c1ccc(-c2ccccc2)cc1
TOX9120,Oc1ccc(-c2ccc(O)cc2)cc1,1,c1ccc(-c2ccccc2)cc1
TOX17231,CC(C(=O)O)c1ccc(-c2ccccc2)c(F)c1,0,c1ccc(-c2ccccc2)cc1
TOX26160,CCOC(=O)Cc1ccc(-c2ccccc2)cc1,0,c1ccc(-c2ccccc2)cc1
TOX4638,Brc1ccccc1-c1ccccc1,0,c1ccc(-c2ccccc2)cc1
TOX25389,O=C(O)Cc1ccc(-c2ccccc2)cc1,0,c1ccc(-c2ccccc2)cc1
TOX26565,O=C(O)c1ccccc1-c1ccc(C(F)(F)F)cc1,0,c1ccc(-c2ccccc2)cc1
TOX20794,[O-]c1ccccc1-c1ccccc1,1,c1ccc(-c2ccccc2)cc1
TOX2353,Oc1ccc(-c2ccccc2)c(Cl)c1,1,c1ccc(-c2ccccc2)cc1
TOX28526,CC(=O)OC(C)OC(=O)C(C)c1ccc(-c2ccccc2)c(F)c1,0,c1ccc(-c2ccccc2)cc1
TOX4873,Oc1nc(O)nc(O)n1,0,c1ncncn1
TOX7520,COCN(COC)c1nc(N(COC)COC)nc(N(COC)COC)n1,0,c1ncncn1
TOX17754,C=CCOc1nc(OCC=C)nc(OCC=C)n1,0,c1ncncn1
TOX4318,CCNc1nc(NC(C)(C)C)nc(SC)n1,1,c1ncncn1
TOX9186,Cc1nc(N)nc(N)n1,0,c1ncncn1
TOX4272,CSc1nc(NC(C)C)nc(NC(C)C)n1,0,c1ncncn1
TOX21615,CSc1nc(N=[N+]=[N-])nc(NC(C)C)n1,0,c1ncncn1
TOX3869,CCNc1nc(NC(C)C)nc(SC)n1,0,c1ncncn1
TOX17806,Nc1nc(N)nc(Cl)n1,0,c1ncncn1
TOX2341,COc1nc(NC(C)C)nc(NC(C)C)n1,0,c1ncncn1
TOX1196,CC(C)Nc1nc(Cl)nc(NC(C)C)n1,0,c1ncncn1
TOX17594,CCNc1nc(NC(C)CC)nc(OC)n1,0,c1ncncn1
TOX17596,CCNc1nc(NCC)nc(SC)n1,0,c1ncncn1
TOX802,Nc1nc(N)nc(N)n1,0,c1ncncn1
TOX6799,Clc1nc(Cl)nc(Cl)n1,0,c1ncncn1
TOX1268,CCNc1nc(Cl)nc(NCC)n1,0,c1ncncn1
TOX17494,CC(C)Nc1nc(N)nc(Cl)n1,0,c1ncncn1
TOX17495,CCNc1nc(N)nc(Cl)n1,0,c1ncncn1
TOX21873,CCNc1nc(NC(C)C(C)C)nc(SC)n1,1,c1ncncn1
TOX112,CCNc1nc(Cl)nc(NC(C)C)n1,0,c1ncncn1
TOX2579,CN(C)c1nc(N(C)C)nc(N(C)C)n1,0,c1ncncn1
TOX3990,CCNc1nc(Cl)nc(NC(C)(C)C#N)n1,0,c1ncncn1
TOX26568,O=C([O-])c1nc(O)nc(O)n1,0,c1ncncn1
TOX27679,CCCCCc1ccco1,1,c1ccoc1
TOX27665,CC(C)SCc1ccco1,0,c1ccoc1
TOX27157,CCCC(=O)C(CC)Sc1ccoc1C,0,c1ccoc1
TOX647,O=Cc1ccco1,0,c1ccoc1
TOX646,c1ccoc1,0,c1ccoc1
TOX21420,O=C(O)c1ccco1,0,c1ccoc1
TOX27118,Cc1occc1S,0,c1ccoc1
TOX27702,CSSc1ccoc1C,0,c1ccoc1
TOX13096,O=C(O)CNC(=O)c1ccc(CO)o1,0,c1ccoc1
TOX2093,Cc1ccc(C)o1,0,c1ccoc1
TOX5346,CC(=O)OCc1ccco1,0,c1ccoc1
TOX5347,OCc1ccco1,0,c1ccoc1
TOX25191,CN/C(=C\[N+](=O)[O-])NCCSCc1ccc(CN(C)C)o1,0,c1ccoc1
TOX10317,CC(=O)c1cc(C)oc1C,0,c1ccoc1
TOX27661,CC(=O)SCc1ccco1,0,c1ccoc1
TOX10428,O=Cc1ccc(CO)o1,0,c1ccoc1
TOX5611,Cc1ccco1,0,c1ccoc1
TOX5345,CC(=O)C=Cc1ccco1,0,c1ccoc1
TOX1627,Cc1ccc(C(=O)O)o1,0,c1ccoc1
TOX944,NC(=O)N/N=C/c1ccc([N+](=O)[O-])o1,1,c1ccoc1
TOX29151,O=C/C=C/c1ccco1,0,c1ccoc1
TOX13098,O=C(O)c1ccc(CO)o1,0,c1ccoc1
TOX3540,CN(C)C(=O)Oc1ccc[n+](C)c1,0,c1cc[nH+]cc1
TOX22390,[O-][n+]1ccccc1[S-],1,c1cc[nH+]cc1
TOX22459,CCCCCCCCCCCCCC[n+]1ccccc1,1,c1cc[nH+]cc1
TOX29113,CCCC[n+]1cccc(C)c1,0,c1cc[nH+]cc1
TOX3495,C[n+]1ccccc1/C=N/O,0,c1cc[nH+]cc1
TOX29302,CCCC[n+]1ccc(C)cc1,1,c1cc[nH+]cc1
TOX29323,CC[n+]1ccccc1,0,c1cc[nH+]cc1
TOX29097,CCCC[n+]1ccccc1.F[B-](F)(F)F,0,c1cc[nH+]cc1
TOX29147,CC[n+]1ccccc1.O=S(=O)([O-])C(F)(F)F,0,c1cc[nH+]cc1
TOX29148,CCCC[n+]1ccccc1.O=S(=O)([O-])C(F)(F)F,0,c1cc[nH+]cc1
TOX29161,CCCCCC[n+]1ccccc1.F[B-](F)(F)F,0,c1cc[nH+]cc1
TOX29292,CCCCCC[n+]1ccccc1.O=S(=O)([O-])C(F)(F)F,0,c1cc[nH+]cc1
TOX29325,CCCC[n+]1ccccc1,0,c1cc[nH+]cc1
TOX21524,O=[N+]([O-])c1cc[n+]([O-])cc1,0,c1cc[nH+]cc1
TOX29070,CCCC[n+]1ccccc1C,0,c1cc[nH+]cc1
TOX29281,CCCC[n+]1cccc(C)c1.F[B-](F)(F)F,0,c1cc[nH+]cc1
TOX26834,CCCCCCCCCCCCCC[n+]1ccc(C)cc1,1,c1cc[nH+]cc1
TOX29327,CCCC[n+]1ccc(C)cc1.O=S(=O)([O-])C(F)(F)F,0,c1cc[nH+]cc1
TOX29322,CCCC[n+]1cccc(C)c1.O=S(=O)([O-])C(F)(F)F,0,c1cc[nH+]cc1
TOX29131,CCCC[n+]1ccc(C)cc1.F[B-](F)(F)F,0,c1cc[nH+]cc1
TOX29135,CC[n+]1ccccc1.F[B-](F)(F)F,0,c1cc[nH+]cc1
TOX26569,[O-][n+]1cccc(CO)c1,0,c1cc[nH+]cc1
TOX1030,O=NN(c1ccccc1)c1ccccc1,0,c1ccc(Nc2ccccc2)cc1
TOX1031,O=Nc1ccc(Nc2ccccc2)cc1,1,c1ccc(Nc2ccccc2)cc1
TOX5593,CNC(=O)N(c1ccccc1)c1ccccc1,0,c1ccc(Nc2ccccc2)cc1
TOX5895,Nc1ccc(Nc2ccccc2)cc1,0,c1ccc(Nc2ccccc2)cc1
TOX7323,O=[N+]([O-])c1ccc(Nc2ccccc2)cc1,1,c1ccc(Nc2ccccc2)cc1
TOX17739,Oc1ccc(Nc2ccccc2)cc1,1,c1ccc(Nc2ccccc2)cc1
TOX5749,O=[N+]([O-])c1ccccc1Nc1ccccc1,0,c1ccc(Nc2ccccc2)cc1
TOX25409,Cc1c(Cl)cccc1Nc1ccccc1C(=O)O,1,c1ccc(Nc2ccccc2)cc1
TOX28614,Cc1cc(Nc2ccccc2C(=O)O)ccc1Cl,1,c1ccc(Nc2ccccc2)cc1
TOX5431,Oc1cccc(Nc2ccccc2)c1,1,c1ccc(Nc2ccccc2)cc1
TOX25448,O=C(OCCOCCO)c1ccccc1Nc1cccc(C(F)(F)F)c1,0,c1ccc(Nc2ccccc2)cc1
TOX9310,CC(C)(C)CC(C)(C)c1ccc(Nc2ccc(C(C)(C)CC(C)(C)C)cc2)cc1,0,c1ccc(Nc2ccccc2)cc1
TOX3063,O=C(O)c1ccccc1Nc1cccc(C(F)(F)F)c1,1,c1ccc(Nc2ccccc2)cc1
TOX24966,CC(C)CC(C)N(c1ccccc1)c1ccc(N)cc1,1,c1ccc(Nc2ccccc2)cc1
TOX25567,Cc1ccc(Cl)c(Nc2ccccc2C(=O)[O-])c1Cl,0,c1ccc(Nc2ccccc2)cc1
TOX28532,O=C([O-])c1ccccc1Nc1cc(Cl)ccc1C(=O)[O-],0,c1ccc(Nc2ccccc2)cc1
TOX9364,COc1ccc(Nc2ccccc2)c(C)c1,1,c1ccc(Nc2ccccc2)cc1
TOX1975,c1ccc(Nc2ccccc2)cc1,1,c1ccc(Nc2ccccc2)cc1
TOX7771,CCCCCCC(C)Nc1ccc(Nc2ccccc2)cc1,1,c1ccc(Nc2ccccc2)cc1
TOX24790,Cc1cccc(Nc2ccccc2)c1,1,c1ccc(Nc2ccccc2)cc1
TOX17208,O=C([O-])Cc1ccccc1Nc1c(Cl)cccc1Cl,0,c1ccc(Nc2ccccc2)cc1
TOX5076,O=C1c2c(O)ccc([N+](=O)[O-])c2C(=O)c2c([N+](=O)[O-])ccc(O)c21,1,O=C1c2ccccc2C(=O)c2ccccc21
TOX10695,O=C1c2cccc(O)c2C(=O)c2c(O)cc(CO)cc21,1,O=C1c2ccccc2C(=O)c2ccccc21
TOX24994,CCc1ccc2c(c1)C(=O)c1ccccc1C2=O,1,O=C1c2ccccc2C(=O)c2ccccc21
TOX29283,O=C1c2ccccc2C(=O)c2cc(O)ccc21,1,O=C1c2ccccc2C(=O)c2ccccc21
TOX57,Cc1ccc2c(c1N)C(=O)c1ccccc1C2=O,1,O=C1c2ccccc2C(=O)c2ccccc21
TOX52,Nc1c(Br)cc(Br)c2c1C(=O)c1ccccc1C2=O,1,O=C1c2ccccc2C(=O)c2ccccc21
TOX328,O=C1c2cccc(O)c2C(=O)c2c(O)cccc21,1,O=C1c2ccccc2C(=O)c2ccccc21
TOX21252,Nc1ccc(N)c2c1C(=O)c1ccccc1C2=O,1,O=C1c2ccccc2C(=O)c2ccccc21
TOX29069,O=C1c2ccccc2C(=O)c2cc(Cl)ccc21,0,O=C1c2ccccc2C(=O)c2ccccc21
TOX1214,O=C1c2ccccc2C(=O)c2c(O)c(O)cc(O)c21,1,O=C1c2ccccc2C(=O)c2ccccc21
TOX95,O=C1c2ccccc2C(=O)c2ccccc21,1,O=C1c2ccccc2C(=O)c2ccccc21
TOX25636,CC(=O)Oc1cccc2c1C(=O)c1c(OC(C)=O)cc(C(=O)O)cc1C2=O,1,O=C1c2ccccc2C(=O)c2ccccc21
TOX24535,O=C1c2ccccc2C(=O)c2cc(S(=O)(=O)[O-])ccc21,0,O=C1c2ccccc2C(=O)c2ccccc21
TOX6000,O=C(O)c1cc(O)c2c(c1)C(=O)c1cccc(O)c1C2=O,1,O=C1c2ccccc2C(=O)c2ccccc21
TOX847,Cc1ccc2c(c1[N+](=O)[O-])C(=O)c1ccccc1C2=O,1,O=C1c2ccccc2C(=O)c2ccccc21
TOX68,Nc1ccc2c(c1)C(=O)c1ccccc1C2=O,1,O=C1c2ccccc2C(=O)c2ccccc21
TOX5231,Cc1cc(O)c2c(c1)C(=O)c1cc(O)cc(O)c1C2=O,1,O=C1c2ccccc2C(=O)c2ccccc21
TOX25173,O=C1c2c(O)ccc(O)c2C(=O)c2c(NCCNCCO)ccc(NCCNCCO)c21,0,O=C1c2ccccc2C(=O)c2ccccc21
TOX24464,O=C1c2ccccc2C(=O)c2c(O)ccc(O)c21,1,O=C1c2ccccc2C(=O)c2ccccc21
TOX21439,Cc1ccc2c(c1)C(=O)c1ccccc1C2=O,1,O=C1c2ccccc2C(=O)c2ccccc21
TOX25960,O=C1c2ccccc2C(=O)c2c1ccc(O)c2O,1,O=C1c2ccccc2C(=O)c2ccccc21
TOX24638,CCO[Si](C)(CCCOCC1CO1)OCC,0,C1CO1
TOX666,OCC1CO1,0,C1CO1
TOX9474,CCCCCCCCCOCC1CO1,0,C1CO1
TOX5249,CCCCCCCCCCCCC1CO1,0,C1CO1
TOX5240,C=CC1CO1,0,C1CO1
TOX5301,CCCCC(CC)COCC1CO1,0,C1CO1
TOX5480,CC(C)OCC1CO1,0,C1CO1
TOX5242,CCCCCCCCC1CO1,0,C1CO1
TOX5245,CCCCCCCCCCCCCCC1CO1,0,C1CO1
TOX5361,C=C(C)C(=O)OCC1CO1,0,C1CO1
TOX25873,C[C@@H]1O[C@@H]1P(=O)([O-])[O-],0,C1CO1
TOX4692,CC(C)(C)OCC1CO1,0,C1CO1
TOX4691,CCCCOCC1CO1,0,C1CO1
TOX46,C=CCOCC1CO1,0,C1CO1
TOX7489,CO[Si](CCCOCC1CO1)(OC)OC,0,C1CO1
TOX5243,CCCCCCCCCCC1CO1,0,C1CO1
TOX24643,C[N+](C)(C)CC1CO1,0,C1CO1
TOX5494,CCCCCCCCCCCCOCC1CO1,0,C1CO1
TOX569,CCC1CO1,0,C1CO1
TOX566,ClCC1CO1,0,C1CO1
TOX28967,CC(C)OC(=O)c1cc2c(OCC(O)CNC(C)(C)C)cccc2[nH]1,0,c1ccc2[nH]ccc2c1
TOX28822,CN(C)CCc1c[nH]c2ccccc12,0,c1ccc2[nH]ccc2c1
TOX28826,COc1ccc2[nH]cc(CCN(C(C)C)C(C)C)c2c1,0,c1ccc2[nH]ccc2c1
TOX28824,CN(C)CCc1c[nH]c2cccc(OP(=O)(O)O)c12,0,c1ccc2[nH]ccc2c1
TOX26989,N[C@H](Cc1c[nH]c2ccccc12)C(=O)O,0,c1ccc2[nH]ccc2c1
TOX26289,CCOC(=O)c1c(C)n(C)c2ccc(O)cc12,1,c1ccc2[nH]ccc2c1
TOX3476,CC(C)NCC(O)COc1cccc2[nH]ccc12,0,c1ccc2[nH]ccc2c1
TOX26353,CNC(=O)[C@H](Cc1c[nH]c2ccccc12)NC(=O)[C@@H](CC(=O)NO)CC(C)C,0,c1ccc2[nH]ccc2c1
TOX2421,COc1ccc2[nH]cc(CCNC(C)=O)c2c1,0,c1ccc2[nH]ccc2c1
TOX1775,Cc1c[nH]c2ccccc12,0,c1ccc2[nH]ccc2c1
TOX738,O=C(O)Cc1c[nH]c2ccccc12,0,c1ccc2[nH]ccc2c1
TOX737,c1ccc2[nH]ccc2c1,0,c1ccc2[nH]ccc2c1
TOX22053,O=C(O)C(=O)Cc1c[nH]c2ccccc12,1,c1ccc2[nH]ccc2c1
TOX1418,NC(Cc1c[nH]c2ccccc12)C(=O)O,0,c1ccc2[nH]ccc2c1
TOX1419,N[C@@H](Cc1c[nH]c2ccccc12)C(=O)O,0,c1ccc2[nH]ccc2c1
TOX26306,COC(=O)C(CN)c1c[nH]c2ccc(OC)cc12,0,c1ccc2[nH]ccc2c1
TOX12623,O=C(O)CCCc1c[nH]c2ccccc12,0,c1ccc2[nH]ccc2c1
TOX11458,OCc1c[nH]c2ccccc12,1,c1ccc2[nH]ccc2c1
TOX2107,Cc1ncc[nH]1,0,c1c[nH]cn1
TOX892,Cc1ncc([N+](=O)[O-])n1CCO,0,c1c[nH]cn1
TOX700,N[C@@H](Cc1cnc[nH]1)C(=O)O,0,c1c[nH]cn1
TOX3125,NCCc1cnc[nH]1,0,c1c[nH]cn1
TOX329,CN/C(=N\C#N)NCCSCc1nc[nH]c1C,0,c1c[nH]cn1
TOX25420,Cc1ncc([N+](=O)[O-])n1CC(O)CCl,0,c1c[nH]cn1
TOX369,CN(C)N=Nc1nc[nH]c1C(N)=O,0,c1c[nH]cn1
TOX3676,CCS(=O)(=O)CCn1c([N+](=O)[O-])cnc1C,0,c1c[nH]cn1
TOX21148,O=C(O)/C=C/c1c[nH]cn1,0,c1c[nH]cn1
TOX25934,Cc1ncc([N+](=O)[O-])n1CC(C)O,0,c1c[nH]cn1
TOX24744,CCc1nc(C)c[nH]1,0,c1c[nH]cn1
TOX5617,Cc1c[nH]cn1,0,c1c[nH]cn1
TOX25400,Cn1c([N+](=O)[O-])cnc1COC(N)=O,0,c1c[nH]cn1
TOX28743,O=[N+]([O-])c1nccn1CO[C@@H](CO)[C@H](O)CO,0,c1c[nH]cn1
TOX497,Cc1ncc([N+](=O)[O-])n1C,0,c1c[nH]cn1
TOX9616,c1c[nH]cn1,0,c1c[nH]cn1
TOX26839,CC(C)c1ncc([N+](=O)[O-])n1C,0,c1c[nH]cn1
TOX3021,CCOc1ccc2nc(S(N)(=O)=O)sc2c1,0,c1ccc2scnc2c1
TOX29064,Cc1nc2ccccc2s1,0,c1ccc2scnc2c1
TOX26182,CCN(CC)CCOc1ccc2nc(N(C)C)sc2c1,0,c1ccc2scnc2c1
TOX4470,Nc1nc2c(Cl)cccc2s1,1,c1ccc2scnc2c1
TOX17570,CNC(=O)N(C)c1nc2ccccc2s1,0,c1ccc2scnc2c1
TOX4491,Nc1nc2ccc([N+](=O)[O-])cc2s1,1,c1ccc2scnc2c1
TOX12647,N#CSCSc1nc2ccccc2s1,1,c1ccc2scnc2c1
TOX25192,Nc1nc2ccc(OC(F)(F)F)cc2s1,0,c1ccc2scnc2c1
TOX807,Sc1nc2ccccc2s1,1,c1ccc2scnc2c1
TOX6035,[S-]c1nc2ccccc2s1,1,c1ccc2scnc2c1
TOX4586,c1ccc2scnc2c1,0,c1ccc2scnc2c1
TOX4467,Nc1nc2ccccc2s1,0,c1ccc2scnc2c1
TOX1498,Brc1nc2ccccc2s1,0,c1ccc2scnc2c1
TOX4484,COc1cccc2sc(N)nc12,1,c1ccc2scnc2c1
TOX4485,COc1ccc2nc(N)sc2c1,0,c1ccc2scnc2c1
TOX26178,CCCOc1ccc2nc(NC(=O)OC)sc2c1,1,c1ccc2scnc2c1
TOX6572,CC(C)(C)NSc1nc2ccccc2s1,1,c1ccc2scnc2c1
TOX27873,OC[C@]1(O)OC[C@@H](O)[C@H](O)[C@@H]1O,0,C1CCOCC1
TOX26261,NC(=O)[C@H]1O[C@@H](O)[C@H](O)[C@@H](O)[C@@H]1O,0,C1CCOCC1
TOX26013,OC[C@H]1OC(S[Au])[C@H](O)[C@@H](O)[C@@H]1O,0,C1CCOCC1
TOX26829,OCCO[C@H]1[C@@H](O)O[C@H](CO)[C@@H](O)[C@@H]1O,0,C1CCOCC1
TOX17236,N[C@H]1C(O)O[C@H](CO)[C@@H](O)[C@@H]1O,0,C1CCOCC1
TOX753,OC[C@H]1O[C@H](OC[C@@H](O)[C@@H](O)[C@H](O)[C@H](O)CO)[C@H](O)[C@@H](O)[C@@H]1O,0,C1CCOCC1
TOX6605,CO[C@H]1O[C@H](CO)[C@@H](O)[C@H](O)[C@H]1O,0,C1CCOCC1
TOX24247,OC[C@H](O)[C@@H](O)[C@H](O[C@@H]1O[C@H](CO)[C@H](O)[C@H](O)[C@H]1O)[C@H](O)CO,0,C1CCOCC1
TOX1282,CN(N=O)C(=O)N[C@H]1[C@@H](O)O[C@H](CO)[C@@H](O)[C@@H]1O,0,C1CCOCC1
TOX11356,N[C@H]1C(O)O[C@H](CO)[C@H](O)[C@@H]1O,0,C1CCOCC1
TOX2910,OC[C@H]1OC(O)[C@H](O)[C@@H](O)[C@@H]1O,0,C1CCOCC1
TOX21208,CCCCCCCCCCO[C@@H]1O[C@H](CO)[C@@H](O)[C@H](O)[C@H]1O,0,C1CCOCC1
TOX26540,OC1OC[C@@H](O)[C@H](O)[C@@H]1O,0,C1CCOCC1
TOX26819,CCN(CC)CCOC[C@H]1O[C@@H](O)[C@H](OCCN(CC)CC)[C@@H](O)[C@@H]1O,0,C1CCOCC1
TOX25855,CC(=O)N[C@H]1C(O)O[C@H](CO)[C@@H](O)[C@@H]1O,0,C1CCOCC1
TOX3745,OC1OC[C@@H](O)[C@H](O)[C@H]1O,0,C1CCOCC1
TOX767,CC=Cc1ccc2c(c1)OCO2,0,c1ccc2c(c1)OCO2
TOX28943,CC(N)Cc1ccc2c(c1)OCO2,0,c1ccc2c(c1)OCO2
TOX1254,C=CCc1ccc2c(c1)OCO2,0,c1ccc2c(c1)OCO2
TOX5693,C=CCc1cc(OC)c2c(c1)OCO2,0,c1ccc2c(c1)OCO2
TOX12327,CNC(=O)Oc1cccc2c1OC(C)(C)O2,0,c1ccc2c(c1)OCO2
TOX27161,CC(=O)CCc1ccc2c(c1)OCO2,0,c1ccc2c(c1)OCO2
TOX1267,Oc1ccc2c(c1)OCO2,0,c1ccc2c(c1)OCO2
TOX28816,COc1cc(CC(C)N)cc2c1OCO2,0,c1ccc2c(c1)OCO2
TOX28817,CC(Cc1ccc2c(c1)OCO2)NO,0,c1ccc2c(c1)OCO2
TOX28818,CCNC(C)Cc1ccc2c(c1)OCO2,0,c1ccc2c(c1)OCO2
TOX28819,CNC(C)Cc1ccc2c(c1)OCO2,0,c1ccc2c(c1)OCO2
TOX23908,CC(C=O)Cc1ccc2c(c1)OCO2,0,c1ccc2c(c1)OCO2
TOX1168,CCCCCCCCS(=O)C(C)Cc1ccc2c(c1)OCO2,0,c1ccc2c(c1)OCO2
TOX5926,CC(=O)C=Cc1ccc2c(c1)OCO2,0,c1ccc2c(c1)OCO2
TOX5924,O=Cc1ccc2c(c1)OCO2,0,c1ccc2c(c1)OCO2
TOX5925,CC(=O)OCc1ccc2c(c1)OCO2,0,c1ccc2c(c1)OCO2
TOX27672,Cc1cc(C(F)(C(F)(F)F)C(F)(F)F)ccc1NC(=O)c1cccc(I)c1C(=O)NC(C)(C)CS(C)(=O)=O,1,O=C(Nc1ccccc1)c1ccccc1
TOX20362,O=C(Nc1ccc([N+](=O)[O-])cc1Cl)c1cc(Cl)ccc1O,1,O=C(Nc1ccccc1)c1ccccc1
TOX1784,O=C(Nc1ccccc1)c1ccccc1O,1,O=C(Nc1ccccc1)c1ccccc1
TOX400,Nc1ccc(NC(=O)c2ccc(N)cc2)cc1,1,O=C(Nc1ccccc1)c1ccccc1
TOX17565,Cc1ccccc1C(=O)Nc1cccc(OC(C)C)c1,1,O=C(Nc1ccccc1)c1ccccc1
TOX6181,O=C(Nc1ccc(Br)cc1)c1cc(Br)cc(Br)c1O,1,O=C(Nc1ccccc1)c1ccccc1
TOX21985,O=C(Nc1cccc(C(F)(F)F)c1)c1cc(Br)cc(Br)c1O,1,O=C(Nc1ccccc1)c1ccccc1
TOX26253,CNC(=O)Oc1ccccc1C(=O)Nc1ccccc1,1,O=C(Nc1ccccc1)c1ccccc1
TOX20767,O=C(Nc1ccc(Cl)c(Cl)c1)c1cc(Cl)cc(Cl)c1O,1,O=C(Nc1ccccc1)c1ccccc1
TOX26406,O=C(Nc1ccc(C(=O)O)c(O)c1)c1ccccc1,0,O=C(Nc1ccccc1)c1ccccc1
TOX22244,O=C(Nc1ccc(O)cc1)c1ccccc1O,1,O=C(Nc1ccccc1)c1ccccc1
TOX5558,COc1ccc(C(=O)Nc2ccccc2)cc1[N+](=O)[O-],1,O=C(Nc1ccccc1)c1ccccc1
TOX26114,Nc1ccc(C(=O)Nc2ccccc2N)cc1,1,O=C(Nc1ccccc1)c1ccccc1
TOX26300,Cc1cccc(C)c1NC(=O)c1ccccc1C(=O)O,0,O=C(Nc1ccccc1)c1ccccc1
TOX3744,Cc1cccc(C)c1NC(=O)c1cc(S(N)(=O)=O)c(Cl)cc1O,0,O=C(Nc1ccccc1)c1ccccc1
TOX6132,Cn1cnc2c1c(=O)[nH]c(=O)n2C,0,O=c1[nH]c(=O)c2[nH]cnc2[nH]1
TOX2975,Cn1c(=O)c2c(ncn2CC(O)CO)n(C)c1=O,0,O=c1[nH]c(=O)c2[nH]cnc2[nH]1
TOX26343,CC(O)CCCCn1c(=O)c2c(ncn2C)n(C)c1=O,0,O=c1[nH]c(=O)c2[nH]cnc2[nH]1
TOX24768,Cn1c(=O)c2[nH]c(Br)nc2n(C)c1=O,0,O=c1[nH]c(=O)c2[nH]cnc2[nH]1
TOX1336,Cn1c(=O)c2[nH]cnc2n(C)c1=O,0,O=c1[nH]c(=O)c2[nH]cnc2[nH]1
TOX3437,CC(=O)CCCCn1c(=O)c2c(ncn2C)n(C)c1=O,0,O=c1[nH]c(=O)c2[nH]cnc2[nH]1
TOX3031,Cn1c(=O)c2c(ncn2CCO)n(C)c1=O,0,O=c1[nH]c(=O)c2[nH]cnc2[nH]1
TOX3536,CC(O)Cn1cnc2c1c(=O)n(C)c(=O)n2C,0,O=c1[nH]c(=O)c2[nH]cnc2[nH]1
TOX26938,Cn1c(=O)c2c(ncn2C)n(C)c1=O.O=C(O)CC(O)(CC(=O)O)C(=O)O,0,O=c1[nH]c(=O)c2[nH]cnc2[nH]1
TOX26767,CC(C)Cn1cnc2c1c(=O)n(C)c(=O)n2C,0,O=c1[nH]c(=O)c2[nH]cnc2[nH]1
TOX232,Cn1c(=O)c2c(ncn2C)n(C)c1=O,0,O=c1[nH]c(=O)c2[nH]cnc2[nH]1
TOX25189,CCCn1cnc2c1c(=O)n(CCCCC(C)=O)c(=O)n2C,0,O=c1[nH]c(=O)c2[nH]cnc2[nH]1
TOX25186,CCCn1c(=O)[nH]c(=O)c2[nH]cnc21,0,O=c1[nH]c(=O)c2[nH]cnc2[nH]1
TOX14227,CCC(C)OC(=O)N1CCCCC1CCO,0,C1CCNCC1
TOX3323,OCCN1C[C@H](O)[C@@H](O)[C@H](O)[C@H]1CO,0,C1CCNCC1
TOX9655,CC1(C)CC(O)CC(C)(C)N1,0,C1CCNCC1
TOX24926,CCCCNC1CC(C)(C)NC(C)(C)C1,0,C1CCNCC1
TOX24411,CN1C(C)(C)CC(O)CC1(C)C,0,C1CCNCC1
TOX21280,CC1(C)CC(O)CC(C)(C)N1[O],0,C1CCNCC1
TOX1060,O=NN1CCCCC1,0,C1CCNCC1
TOX9195,CC1CCCNC1,0,C1CCNCC1
TOX1165,C1CCNCC1,0,C1CCNCC1
TOX25386,C[C@H]1CCC[C@@H](C)N1,0,C1CCNCC1
TOX23941,O=CN1CCCCC1,0,C1CCNCC1
TOX25618,CCCCN1C[C@H](O)[C@@H](O)[C@H](O)[C@H]1CO,0,C1CCNCC1
TOX25229,CN1C(C)(C)CCCC1(C)C,0,C1CCNCC1
TOX29380,Nc1nc(Cl)cc(Cl)n1,0,c1cncnc1
TOX28719,CCOC(=O)OCC/C(SC(=O)OCC)=C(\C)N(C=O)Cc1cnc(C)nc1N,0,c1cncnc1
TOX407,CCOP(=S)(OCC)Oc1cc(C)nc(C(C)C)n1,0,c1cncnc1
TOX26633,CCCSSC(CCO)=C(C)N(C=O)Cc1cnc(C)nc1N,0,c1cncnc1
TOX29143,Clc1cc(Cl)nc(Cl)n1,0,c1cncnc1
TOX21964,CCOc1cc(OP(=S)(OC)OC)nc(CC)n1,0,c1cncnc1
TOX12482,CCOP(=S)(Oc1cnc(C(C)(C)C)nc1)OC(C)C,0,c1cncnc1
TOX21927,CCCCc1c(C)nc(NCC)nc1O,0,c1cncnc1
TOX5814,O=C(O)c1cc(O)nc(O)n1,0,c1cncnc1
TOX25179,Cc1ncc(CNC(=O)N(CCCl)N=O)c(N)n1,0,c1cncnc1
TOX12569,Cc1nc(N(C)C)nc(OC(=O)N(C)C)c1C,0,c1cncnc1
TOX17523,CCOP(=O)(OCC)Oc1cc(C)nc(C(C)C)n1,0,c1cncnc1
TOX17023,Nc1nc(N)c(N)c(N)n1,1,c1cncnc1
TOX14229,CCCCCC1CCC(=O)O1,0,O=C1CCCO1
TOX27611,CCCC1CCC(=O)O1,0,O=C1CCCO1
TOX27618,CC1CCC(=O)O1,0,O=C1CCCO1
TOX224,O=C1CCCO1,0,O=C1CCCO1
TOX27190,CCCCCCCCC1CCC(=O)O1,0,O=C1CCCO1
TOX24436,CC(=O)C1CCOC1=O,0,O=C1CCCO1
TOX27609,CCCCC1CCC(=O)O1,0,O=C1CCCO1
TOX21298,CCC1CCC(=O)O1,0,O=C1CCCO1
TOX27437,CCCCCCC1CCOC1=O,0,O=C1CCCO1
TOX2109,CCCCCCC1CCC(=O)O1,0,O=C1CCCO1
TOX14287,CCCCCCCC1CCC(=O)O1,0,O=C1CCCO1
TOX25238,O=c1[nH]c(=O)n([C@H]2C[C@H](O)[C@@H](CO)O2)cc1I,0,O=c1ccn(C2CCCO2)c(=O)[nH]1
TOX2967,C[C@H]1O[C@@H](n2cc(F)c(=O)[nH]c2=O)[C@H](O)[C@@H]1O,0,O=c1ccn(C2CCCO2)c(=O)[nH]1
TOX25755,O=c1[nH]c(=O)n([C@H]2C[C@H](O)[C@@H](CO)O2)cc1/C=C/Br,0,O=c1ccn(C2CCCO2)c(=O)[nH]1
TOX26579,Cc1cn([C@H]2C[C@H](F)[C@@H](CO)O2)c(=O)[nH]c1=O,0,O=c1ccn(C2CCCO2)c(=O)[nH]1
TOX3057,O=c1[nH]c(=O)n([C@H]2C[C@H](O)[C@@H](CO)O2)cc1F,0,O=c1ccn(C2CCCO2)c(=O)[nH]1
TOX25890,CCc1cn([C@H]2C[C@H](O)[C@@H](CO)O2)c(=O)[nH]c1=O,0,O=c1ccn(C2CCCO2)c(=O)[nH]1
TOX127,Cc1cn([C@H]2C[C@H](N=[N+]=[N-])[C@@H](CO)O2)c(=O)[nH]c1=O,0,O=c1ccn(C2CCCO2)c(=O)[nH]1
TOX13105,O=c1[nH]c(=O)n([C@H]2C[C@H](O)[C@@H](CO)O2)cc1Br,0,O=c1ccn(C2CCCO2)c(=O)[nH]1
TOX26602,O=c1[nH]c(=O)n([C@H]2C[C@H](O)[C@@H](CO)O2)cc1C(F)(F)F,0,O=c1ccn(C2CCCO2)c(=O)[nH]1
TOX3661,Cc1cn([C@H]2C[C@H](O)[C@@H](CO)O2)c(=O)[nH]c1=O,0,O=c1ccn(C2CCCO2)c(=O)[nH]1
TOX1305,O=c1[nH]c(=O)n(C2CCCO2)cc1F,0,O=c1ccn(C2CCCO2)c(=O)[nH]1
TOX25086,C[C@]12CC[C@@H]3c4ccc(O)cc4CC[C@H]3[C@@H]1CC[C@@H]2OP(=O)(O)O,0,c1ccc2c(c1)CCC1C2CCC2CCCC21
TOX28593,C[C@]12CC[C@@H]3c4ccc(OC(=O)N(CCCl)CCCl)cc4CC[C@H]3[C@@H]1CC[C@@H]2OP(=O)(O)O,0,c1ccc2c(c1)CCC1C2CCC2CCCC21
TOX25867,CC(=O)Oc1ccc2c(c1)CC[C@@H]1[C@@H]2CC[C@]2(C)[C@@H](O)CC[C@@H]12,1,c1ccc2c(c1)CCC1C2CCC2CCCC21
TOX814,C#C[C@]1(O)CC[C@H]2[C@@H]3CCc4cc(OC)ccc4[C@H]3CC[C@@]21C,0,c1ccc2c(c1)CCC1C2CCC2CCCC21
TOX2366,C[C@]12CC[C@@H]3c4ccc(O)cc4CC[C@H]3[C@@H]1C[C@@H](O)[C@@H]2O,0,c1ccc2c(c1)CCC1C2CCC2CCCC21
TOX2369,C[C@]12CC[C@@H]3c4ccc(O)cc4C[C@@H](CCCCCCCCCS(=O)CCCC(F)(F)C(F)(F)F)[C@H]3[C@@H]1CC[C@@H]2O,1,c1ccc2c(c1)CCC1C2CCC2CCCC21
TOX573,C[C@]12CC[C@@H]3c4ccc(O)cc4CC[C@H]3[C@@H]1CC[C@@H]2O,1,c1ccc2c(c1)CCC1C2CCC2CCCC21
TOX576,C#C[C@]1(O)CC[C@H]2[C@@H]3CCc4cc(O)ccc4[C@H]3CC[C@@]21C,1,c1ccc2c(c1)CCC1C2CCC2CCCC21
TOX28879,C[C@]12CC[C@@H]3c4ccc(OC(=O)N(CCCl)CCCl)cc4CC[C@H]3[C@@H]1CC[C@@H]2OP(=O)([O-])[O-],0,c1ccc2c(c1)CCC1C2CCC2CCCC21
TOX3000,CCC(=O)Oc1ccc2c(c1)CC[C@@H]1[C@@H]2CC[C@]2(C)[C@@H](OC(=O)CC)CC[C@@H]12,0,c1ccc2c(c1)CCC1C2CCC2CCCC21
TOX2377,C[C@]12CC[C@@H]3c4ccc(O)cc4CC[C@H]3[C@@H]1CC[C@H]2O,1,c1ccc2c(c1)CCC1C2CCC2CCCC21
TOX24394,CC(C)(C)C1CCC(=O)CC1,0,O=C1CCCCC1
TOX27195,CC1CCC(C(C)(C)S)C(=O)C1,0,O=C1CCCCC1
TOX28173,CCCC1CCC(=O)CC1,0,O=C1CCCCC1
TOX24475,CC(C)[C@H]1CC[C@@H](C)CC1=O,0,O=C1CCCCC1
TOX27081,CC(C)(C)C1CCCCC1=O,0,O=C1CCCCC1
TOX21818,CCC(C)C1CCCCC1=O,0,O=C1CCCCC1
TOX27127,CCC(C)(C)C1CCC(=O)CC1,0,O=C1CCCCC1
TOX359,O=C1CCCCC1,0,O=C1CCCCC1
TOX24384,CC(C)[C@@H]1CC[C@@H](C)CC1=O,0,O=C1CCCCC1
TOX29324,CC(=O)C1CCCCC1=O,0,O=C1CCCCC1
TOX1530,O=C1CCCCC1Cl,0,O=C1CCCCC1
TOX2842,Cc1ncsc1CCCl,0,c1cscn1
TOX3376,CNC(=C[N+](=O)[O-])NCCSCc1csc(CN(C)C)n1,0,c1cscn1
TOX14465,CN/C(=N\[N+](=O)[O-])NCc1cnc(Cl)s1,0,c1cscn1
TOX3039,NC(N)=Nc1nc(CSCC/C(N)=N\S(N)(=O)=O)cs1,0,c1cscn1
TOX5653,CC(C)Cc1nccs1,0,c1cscn1
TOX4509,Nc1nc(CC(=O)O)cs1,0,c1cscn1
TOX10162,CC(=O)c1nccs1,0,c1cscn1
TOX66,Nc1ncc([N+](=O)[O-])s1,1,c1cscn1
TOX26341,CN/C(=N\C#N)NCCSCc1csc(N=C(N)N)n1,0,c1cscn1
TOX24382,Cc1ncsc1CCO,0,c1cscn1
TOX27680,CC(=O)c1sc(C)nc1C,0,c1cscn1
TOX17248,COCCc1ccc(OCC(O)CNC(C)C)cc1.COCCc1ccc(OCC(O)CNC(C)C)cc1,0,c1ccccc1.c1ccccc1
TOX28550,O=C([O-])c1ccccc1O.O=C([O-])c1ccccc1O.[Zn+2],0,c1ccccc1.c1ccccc1
TOX28652,COCCc1ccc(OCC(O)CNC(C)C)cc1.COCCc1ccc(OCC(O)CNC(C)C)cc1.O=C(O)CCC(=O)O,0,c1ccccc1.c1ccccc1
TOX28674,C/N=C(\NC)NCc1ccccc1.C/N=C(\NC)NCc1ccccc1,0,c1ccccc1.c1ccccc1
TOX27760,CNC(C)(C)Cc1ccccc1.CNC(C)(C)Cc1ccccc1,0,c1ccccc1.c1ccccc1
TOX5565,CNc1ccc(O)cc1.CNc1ccc(O)cc1,1,c1ccccc1.c1ccccc1
TOX27823,[2H]C([2H])([2H])[C@H](N)Cc1ccccc1.[2H]C([2H])([2H])[C@H](N)Cc1ccccc1,0,c1ccccc1.c1ccccc1
TOX863,C[C@](N)(Cc1ccc(O)c(O)c1)C(=O)O.C[C@](N)(Cc1ccc(O)c(O)c1)C(=O)O,0,c1ccccc1.c1ccccc1
TOX25437,CC(C)(C)NCC(O)c1cc(O)cc(O)c1.CC(C)(C)NCC(O)c1cc(O)cc(O)c1,0,c1ccccc1.c1ccccc1
TOX25794,CC(C)NCC(O)COc1ccc(COCCOC(C)C)cc1.CC(C)NCC(O)COc1ccc(COCCOC(C)C)cc1,0,c1ccccc1.c1ccccc1
TOX25773,N=C(N)NCc1cccc(I)c1.N=C(N)NCc1cccc(I)c1,0,c1ccccc1.c1ccccc1
TOX24427,O=CN1CCOCC1,0,C1COCCN1
TOX1056,O=NN1CCOCC1,0,C1COCCN1
TOX25376,N=C(N)NC(=N)N1CCOCC1,0,C1COCCN1
TOX24371,O=S(=O)(O)CCCN1CCOCC1,0,C1COCCN1
TOX9146,CN1CCOCC1,0,C1COCCN1
TOX21376,CCCCCCCCCCCCCN1CC(C)OC(C)C1,0,C1COCCN1
TOX24947,C=CC(=O)N1CCOCC1,0,C1COCCN1
TOX24408,NCCN1CCOCC1,0,C1COCCN1
TOX21521,NCCCN1CCOCC1,0,C1COCCN1
TOX5312,CCN1CCOCC1,0,C1COCCN1
TOX5688,C1COCCN1,0,C1COCCN1
TOX6137,Oc1ccc(Cl)cc1Sc1cc(Cl)ccc1O,1,c1ccc(Sc2ccccc2)cc1
TOX1270,[O-]c1c(Cl)cc(Cl)cc1Sc1cc(Cl)cc(Cl)c1[O-],1,c1ccc(Sc2ccccc2)cc1
TOX1344,Nc1ccc(Sc2ccc(N)cc2)cc1,0,c1ccc(Sc2ccccc2)cc1
TOX1341,Cc1cc(O)c(C(C)(C)C)cc1Sc1cc(C(C)(C)C)c(O)cc1C,1,c1ccc(Sc2ccccc2)cc1
TOX27936,Oc1ccc(Sc2ccc(O)cc2)cc1,1,c1ccc(Sc2ccccc2)cc1
TOX1342,Oc1c(Cl)cc(Cl)cc1Sc1cc(Cl)cc(Cl)c1O,1,c1ccc(Sc2ccccc2)cc1
TOX314,Clc1ccc(Sc2cc(Cl)c(Cl)cc2Cl)cc1,1,c1ccc(Sc2ccccc2)cc1
TOX24383,c1ccc(Sc2ccccc2)cc1,0,c1ccc(Sc2ccccc2)cc1
TOX26561,NCc1ccccc1Sc1ccccc1CO,0,c1ccc(Sc2ccccc2)cc1
TOX26898,COCC(=O)Nc1cc(Sc2ccccc2)ccc1N=C(NC(=O)OC)NC(=O)OC,0,c1ccc(Sc2ccccc2)cc1
TOX7246,O=C1CCCN1,0,O=C1CCCN1
TOX26260,O=C1CC[C@@H](C(=O)O)N1,0,O=C1CCCN1
TOX856,CN1CCCC1=O,0,O=C1CCCN1
TOX1440,C=CN1CCCC1=O,0,O=C1CCCN1
TOX24491,NC(=O)CN1CCCC1=O,0,O=C1CCCN1
TOX24413,CCN1CCCC1=O,0,O=C1CCCN1
TOX24922,O=C1CCCN1CCO,0,O=C1CCCN1
TOX26510,CCC(C(N)=O)N1CCCC1=O,0,O=C1CCCN1
TOX16435,CCCCCCCCN1CCCC1=O,0,O=C1CCCN1
TOX25180,NC(=O)CN1CC(O)CC1=O,0,O=C1CCCN1
TOX4465,Nc1nc2ccccc2[nH]1,0,c1ccc2[nH]cnc2c1
TOX2563,CCCSc1ccc2[nH]c(NC(=O)OC)nc2c1,1,c1ccc2[nH]cnc2c1
TOX4573,c1ccc2[nH]cnc2c1,0,c1ccc2[nH]cnc2c1
TOX4787,Cc1nc2ccc(Cl)cc2[nH]1,0,c1ccc2[nH]cnc2c1
TOX25625,CCCOc1ccc2[nH]c(NC(=O)OC)nc2c1,0,c1ccc2[nH]cnc2c1
TOX26888,Cn1c(CCCC(=O)O)nc2cc(N(CCCl)CCCl)ccc21,0,c1ccc2[nH]cnc2c1
TOX25093,O=C(O)CCc1nc2ccccc2[nH]1,0,c1ccc2[nH]cnc2c1
TOX965,O=[N+]([O-])c1ccc2[nH]cnc2c1,1,c1ccc2[nH]cnc2c1
TOX25410,CCCCc1ccc2[nH]c(NC(=O)OC)nc2c1,1,c1ccc2[nH]cnc2c1
TOX4729,COC(=O)Nc1nc2ccccc2[nH]1,0,c1ccc2[nH]cnc2c1
TOX22061,CC(=O)O[C@@H]1C[C@H]2CC[C@]1(C)C2(C)C,0,C1CC2CCC1C2
TOX22060,CC1(C)[C@@H]2CC[C@@]1(C)[C@H](O)C2,0,C1CC2CCC1C2
TOX22062,CCC(=O)O[C@@H]1C[C@H]2CC[C@]1(C)C2(C)C,0,C1CC2CCC1C2
TOX27197,CC(=O)OC1C2(C)CCC(C2)C1(C)C,0,C1CC2CCC1C2
TOX3240,CNC1(C)C2CCC(C2)C1(C)C,0,C1CC2CCC1C2
TOX21675,CC(=O)O[C@@H]1CC2CCC1(C)C2(C)C,0,C1CC2CCC1C2
TOX2035,CC1(C)[C@H]2CC[C@]1(C)[C@H](O)C2,0,C1CC2CCC1C2
TOX24307,CC1(C)[C@H]2CC[C@](C)(C2)[C@H]1O,0,C1CC2CCC1C2
TOX7653,C=C(C)C(=O)O[C@@H]1C[C@H]2CC[C@]1(C)C2(C)C,0,C1CC2CCC1C2
TOX21970,CC12CCC(C1)C(C)(C)C2O,0,C1CC2CCC1C2
TOX9128,OCC1CCCO1,0,C1CCOC1
TOX2191,C=C(C)C(=O)OCC1CCCO1,0,C1CCOC1
TOX7397,CCCCCCCC/C=C\CCCCCCCC(=O)OC[C@@H](O)[C@H]1OC[C@H](O)[C@H]1O,0,C1CCOC1
TOX3081,OC[C@H]1O[C@](O)(CO)[C@@H](O)[C@@H]1O,0,C1CCOC1
TOX26601,O=P([O-])([O-])OC[C@@]1(O)O[C@H](COP(=O)([O-])O)[C@@H](O)[C@@H]1O,0,C1CCOC1
TOX24884,C=CC(=O)OCC1CCCO1,0,C1CCOC1
TOX1328,C1CCOC1,0,C1CCOC1
TOX9300,CCCCCCCCCCCC(=O)OC[C@@H](O)[C@H]1OC[C@H](OCCO)[C@H]1OCCO,0,C1CCOC1
TOX14549,CN/C(=N/[N+](=O)[O-])NCC1CCOC1,0,C1CCOC1
TOX1164,C1CNCCN1,0,C1CNCCN1
TOX1059,O=NN1CCNCC1,0,C1CNCCN1
TOX24458,O=S(=O)([O-])CCN1CCN(CCO)CC1,0,C1CNCCN1
TOX2246,NCCCN1CCN(CCCN)CC1,0,C1CNCCN1
TOX1997,NCCN1CCNCC1,0,C1CNCCN1
TOX1853,OCCN1CCNCC1,0,C1CNCCN1
TOX9158,OCCN1CCN(CCO)CC1,0,C1CNCCN1
TOX25555,CCN(CC)C(=O)N1CCN(C)CC1.O=C(O)CC(O)(CC(=O)O)C(=O)O,0,C1CNCCN1
TOX527,O=NN1CCN(N=O)CC1,0,C1CNCCN1
TOX27070,Cc1nc(C)c(C)nc1C,0,c1cnccn1
TOX27075,Cc1cnc(C)c(C)n1,0,c1cnccn1
TOX27464,CCc1nccnc1C,0,c1cnccn1
TOX1215,NC(=O)c1cnccn1,0,c1cnccn1
TOX4452,N=C(N)NC(=O)c1nc(Cl)c(N)nc1N,0,c1cnccn1
TOX27082,CCC(C)c1nccnc1OC,0,c1cnccn1
TOX27101,CCc1nccnc1CC,0,c1cnccn1
TOX27491,CSc1cnccn1,0,c1cnccn1
TOX27085,CC(=O)c1cnccn1,0,c1cnccn1
TOX7542,O=[N+]([O-])c1ccc(C=Cc2ccc([N+](=O)[O-])cc2S(=O)(=O)[O-])c(S(=O)(=O)[O-])c1,0,C(=Cc1ccccc1)c1ccccc1
TOX26906,CC/C(=C(/CC)c1ccc(OP(=O)(O)O)cc1)c1ccc(OP(=O)(O)O)cc1,0,C(=Cc1ccccc1)c1ccccc1
TOX20770,CCC(=C(CC)c1ccc(O)cc1)c1ccc(O)cc1,1,C(=Cc1ccccc1)c1ccccc1
TOX465,CC/C(=C(/CC)c1ccc(O)cc1)c1ccc(O)cc1,1,C(=Cc1ccccc1)c1ccccc1
TOX25781,CC[N+](CC)(CC)CCOc1ccc(/C=C/c2ccccc2)cc1,0,C(=Cc1ccccc1)c1ccccc1
TOX6049,C(=C\c1ccccc1)\c1ccccc1,0,C(=Cc1ccccc1)c1ccccc1
TOX27146,CCC(=O)Oc1ccc(/C(CC)=C(\CC)c2ccc(OC(=O)CC)cc2)cc1,1,C(=Cc1ccccc1)c1ccccc1
TOX29159,CN(C)c1ccc(/C=C/c2ccc([N+](=O)[O-])cc2)cc1,0,C(=Cc1ccccc1)c1ccccc1
TOX11980,Oc1ccc(/C=C/c2cc(O)cc(O)c2)cc1,1,C(=Cc1ccccc1)c1ccccc1
TOX6514,O=C1NC(=O)c2ccccc21,0,O=C1NC(=O)c2ccccc21
TOX7198,CN1C(=O)c2ccccc2C1=O,0,O=C1NC(=O)c2ccccc21
TOX6954,O=C1c2ccccc2C(=O)N1CO,0,O=C1NC(=O)c2ccccc21
TOX24591,CCCCN1C(=O)c2ccccc2C1=O,0,O=C1NC(=O)c2ccccc21
TOX5776,O=C1NC(=O)c2cc([N+](=O)[O-])ccc21,0,O=C1NC(=O)c2ccccc21
TOX1385,O=C1c2ccccc2C(=O)N1SC(Cl)(Cl)Cl,1,O=C1NC(=O)c2ccccc21
TOX4261,COP(=S)(OC)SCN1C(=O)c2ccccc2C1=O,0,O=C1NC(=O)c2ccccc21
TOX24644,CC(C)N1C(=O)c2ccccc2C1=O,0,O=C1NC(=O)c2ccccc21
TOX7790,O=C1c2ccccc2C(=O)N1CCl,0,O=C1NC(=O)c2ccccc21
TOX13979,C[C@H](CCC(=O)[O-])[C@H]1CC[C@H]2[C@H]3[C@H](C[C@H](O)[C@@]21C)[C@@]1(C)CC[C@@H](O)C[C@H]1C[C@H]3O,0,C1CCC2C(C1)CCC1C3CCCC3CCC21
TOX26503,CC(=O)[C@H]1CC[C@H]2[C@@H]3CC[C@H]4C[C@](C)(O)CC[C@]4(C)[C@H]3CC[C@]12C,0,C1CCC2C(C1)CCC1C3CCCC3CCC21
TOX779,C[C@H](CCC(=O)O)[C@H]1CC[C@H]2[C@@H]3CC[C@@H]4C[C@H](O)CC[C@]4(C)[C@H]3CC[C@@]21C,1,C1CCC2C(C1)CCC1C3CCCC3CCC21
TOX26700,CC(C)CCC[C@@H](C)[C@H]1CC[C@H]2[C@@H]3CC[C@@H]4C[C@H](O)CC[C@]4(C)[C@H]3CC[C@@]21C,0,C1CCC2C(C1)CCC1C3CCCC3CCC21
TOX26218,CC(O)[C@H]1CC[C@H]2[C@@H]3CC[C@@H]4C[C@@H](O)CC[C@]4(C)[C@H]3CC[C@]12C,0,C1CCC2C(C1)CCC1C3CCCC3CCC21
TOX26342,CC(=O)[C@H]1CC[C@H]2[C@@H]3CC[C@H]4C[C@H](O)CC[C@]4(C)[C@H]3CC[C@]12C,0,C1CCC2C(C1)CCC1C3CCCC3CCC21
TOX27436,C[C@H](CCC(=O)NCC(=O)O)[C@H]1CC[C@H]2[C@H]3[C@H](C[C@H](O)[C@@]21C)[C@@]1(C)CC[C@@H](O)C[C@H]1C[C@H]3O,0,C1CCC2C(C1)CCC1C3CCCC3CCC21
TOX16514,C[C@@]12CCC[C@H]1[C@@H]1CC[C@H]3C[C@@H](O)CC[C@]3(C)[C@H]1CC2,0,C1CCC2C(C1)CCC1C3CCCC3CCC21
TOX9559,O=C1C(N(CO)C(=O)NCO)N(CO)C(=O)N1CO,0,O=C1CNC(=O)N1
TOX12591,CC1(C)C(=O)N(Cl)C(=O)N1Br,0,O=C1CNC(=O)N1
TOX1754,CC1(C)NC(=O)NC1=O,0,O=C1CNC(=O)N1
TOX15341,CC1(C)C(=O)N(Br)C(=O)N1Br,0,O=C1CNC(=O)N1
TOX4985,CC1(C)C(=O)N(Cl)C(=O)N1Cl,0,O=C1CNC(=O)N1
TOX43,NC(=O)NC1NC(=O)NC1=O,0,O=C1CNC(=O)N1
TOX15152,CC1(C)C(=O)NC(=O)N1CO,0,O=C1CNC(=O)N1
TOX21368,CCC1(C)NC(=O)NC1=O,0,O=C1CNC(=O)N1
TOX28597,Cc1cc(O)c2c(O)c3c(O)cccc3cc2c1,1,c1ccc2cc3ccccc3cc2c1
TOX29387,O=C(O)c1c2ccccc2cc2ccccc12,0,c1ccc2cc3ccccc3cc2c1
TOX4458,Nc1ccc2cc3ccccc3cc2c1,1,c1ccc2cc3ccccc3cc2c1
TOX29065,N#Cc1c2ccccc2cc2ccccc12,1,c1ccc2cc3ccccc3cc2c1
TOX28473,O=Cc1c2ccccc2c(Cl)c2ccccc12,1,c1ccc2cc3ccccc3cc2c1
TOX6231,Oc1cccc2cc3cccc(O)c3c(O)c12,1,c1ccc2cc3ccccc3cc2c1
TOX29077,OCc1c2ccccc2cc2ccccc12,1,c1ccc2cc3ccccc3cc2c1
TOX3878,c1ccc2cc3ccccc3cc2c1,1,c1ccc2cc3ccccc3cc2c1
TOX29331,CC[N+]1(C)CCCC1.O=S(=O)([O-])C(F)(F)F,0,C1CC[NH2+]C1
TOX29270,CCC[N+]1(C)CCCC1,0,C1CC[NH2+]C1
TOX29306,CC[N+]1(C)CCCC1,0,C1CC[NH2+]C1
TOX11460,CCCC[N+]1(C)CCCC1,0,C1CC[NH2+]C1
TOX27915,CCCC[N+]1(C)CCCC1.N#CN=C=[N-],0,C1CC[NH2+]C1
TOX28477,CC[N+]1(C)CCCC1.F[B-](F)(F)F,0,C1CC[NH2+]C1
TOX29349,CCC[N+]1(C)CCCC1.O=S(=O)([O-])C(F)(F)F,0,C1CC[NH2+]C1
TOX29132,CCCC[N+]1(C)CCCC1.F[B-](F)(F)F,0,C1CC[NH2+]C1
TOX27426,C=C(C)C1CC=C(C)C(=O)C1,0,O=C1C=CCCC1
TOX759,CC1=CC(=O)CC(C)(C)C1,0,O=C1C=CCCC1
TOX4304,CCCC(=NOCC)C1=C(O)CC(CC(C)SCC)CC1=O,0,O=C1C=CCCC1
TOX10604,CC1=CC(=O)CC(C)(C)C1(O)/C=C/C(C)=C\C(=O)O,0,O=C1C=CCCC1
TOX21413,C=C(C)[C@@H]1CC=C(C)C(=O)C1,0,O=C1C=CCCC1
TOX4881,O=C1C=CCCC1,0,O=C1C=CCCC1
TOX256,C=C(C)[C@H]1CC=C(C)C(=O)C1,0,O=C1C=CCCC1
TOX15186,CC1=CC(=O)CCC1,0,O=C1C=CCCC1
TOX838,Cc1cccc(/N=N/c2ccc(N(C)C)cc2)c1,1,c1ccc(N=Nc2ccccc2)cc1
TOX26223,CCOc1ccc(N=Nc2ccc(N)cc2N)cc1,1,c1ccc(N=Nc2ccccc2)cc1
TOX4559,Nc1ccc(/N=N\c2ccccc2)c(N)c1,1,c1ccc(N=Nc2ccccc2)cc1
TOX123,c1ccc(N=Nc2ccccc2)cc1,0,c1ccc(N=Nc2ccccc2)cc1
TOX24642,CC(=O)OCCN(CCOC(C)=O)c1ccc(/N=N/c2ccc([N+](=O)[O-])cc2C#N)cc1,1,c1ccc(N=Nc2ccccc2)cc1
TOX2160,Oc1ccc(/N=N/c2ccccc2)cc1,1,c1ccc(N=Nc2ccccc2)cc1
TOX399,Nc1ccc(/N=N/c2ccc(N)cc2)cc1,1,c1ccc(N=Nc2ccccc2)cc1
TOX3529,Cc1c(C(C)C)c(=O)n(-c2ccccc2)n1C,0,O=c1cc[nH]n1-c1ccccc1
TOX543,Cc1c(N(C)CS(=O)(=O)[O-])c(=O)n(-c2ccccc2)n1C,0,O=c1cc[nH]n1-c1ccccc1
TOX1117,Cc1cc(=O)n(-c2ccccc2)n1C,0,O=c1cc[nH]n1-c1ccccc1
TOX26047,Cc1c(I)c(=O)n(-c2ccccc2)n1C,0,O=c1cc[nH]n1-c1ccccc1
TOX28786,Cc1c(N)c(=O)n(-c2ccccc2)n1C,0,O=c1cc[nH]n1-c1ccccc1
TOX25906,Cc1c(NC(C)C)c(=O)n(-c2ccccc2)n1C,0,O=c1cc[nH]n1-c1ccccc1
TOX504,Cc1c(N(C)C)c(=O)n(-c2ccccc2)n1C,0,O=c1cc[nH]n1-c1ccccc1
TOX2828,Nc1nc(Cl)nc2c1ncn2[C@H]1C[C@H](O)[C@@H](CO)O1,0,c1ncc2ncn(C3CCCO3)c2n1
TOX26437,Nc1nc(Cl)nc2c1ncn2[C@@H]1O[C@H](CO)[C@@H](O)[C@@H]1F,0,c1ncc2ncn(C3CCCO3)c2n1
TOX3771,Nc1ncnc2c1ncn2[C@H]1CC[C@@H](CO)O1,0,c1ncc2ncn(C3CCCO3)c2n1
TOX25993,OC[C@H]1O[C@@H](n2cnc3c(O)ncnc32)[C@H](O)[C@@H]1O,0,c1ncc2ncn(C3CCCO3)c2n1
TOX26729,CC(C)(COP(=O)([O-])OP(=O)([O-])OC[C@H]1O[C@@H](n2cnc3c(N)ncnc32)[C@H](O)[C@@H]1OP(=O)([O-])O)C(O)C(=O)NCCC(=O)NCCS,0,c1ncc2ncn(C3CCCO3)c2n1
TOX19657,Nc1nc(F)nc2c1ncn2[C@@H]1O[C@H](CO)[C@@H](O)[C@@H]1O,0,c1ncc2ncn(C3CCCO3)c2n1
TOX2558,Nc1ncnc2c1ncn2[C@@H]1O[C@H](CO)[C@@H](O)[C@H]1O,0,c1ncc2ncn(C3CCCO3)c2n1
TOX29337,CCCC[N+]1(C)CCCCC1,0,C1CC[NH2+]CC1
TOX28872,CCCCCCCCCCCCCCCCCCOP(=O)([O-])OC1CC[N+](C)(C)CC1,0,C1CC[NH2+]CC1
TOX29343,CCCC[N+]1(C)CCCCC1.O=S(=O)([O-])C(F)(F)F,0,C1CC[NH2+]CC1
TOX29326,CCC[N+]1(C)CCCCC1.F[B-](F)(F)F,0,C1CC[NH2+]CC1
TOX29329,CCC[N+]1(C)CCCCC1,0,C1CC[NH2+]CC1
TOX29328,CCCC[N+]1(C)CCCCC1.F[B-](F)(F)F,0,C1CC[NH2+]CC1
TOX4170,C[N+]1(C)CCCCC1,0,C1CC[NH2+]CC1
TOX5939,CN1C(CSCC(F)(F)F)Nc2cc(Cl)c(S(N)(=O)=O)cc2S1(=O)=O,0,O=S1(=O)NCNc2ccccc21
TOX3699,NS(=O)(=O)c1cc2c(cc1Cl)NC(C(Cl)Cl)NS2(=O)=O,0,O=S1(=O)NCNc2ccccc21
TOX713,NS(=O)(=O)c1cc2c(cc1Cl)NCNS2(=O)=O,0,O=S1(=O)NCNc2ccccc21
TOX3132,NS(=O)(=O)c1cc2c(cc1C(F)(F)F)NCNS2(=O)=O,0,O=S1(=O)NCNc2ccccc21
TOX26215,CCC1Nc2cc(Cl)c(S(N)(=O)=O)cc2S(=O)(=O)N1,0,O=S1(=O)NCNc2ccccc21
TOX28741,CCCCCC1Nc2cc(C(F)(F)F)c(S(N)(=O)=O)cc2S(=O)(=O)N1,0,O=S1(=O)NCNc2ccccc21
TOX25857,C=CCSCC1Nc2cc(Cl)c(S(N)(=O)=O)cc2S(=O)(=O)N1,0,O=S1(=O)NCNc2ccccc21
TOX5078,Cc1cc(=O)oc2cc(O)cc(O)c12,1,O=c1ccc2ccccc2o1
TOX26221,Cc1c(Cl)c(=O)oc2cc(OP(=O)(OCCCl)OCCCl)ccc12,0,O=c1ccc2ccccc2o1
TOX348,O=c1ccc2ccccc2o1,0,O=c1ccc2ccccc2o1
TOX347,CCOP(=S)(OCC)Oc1ccc2c(C)c(Cl)c(=O)oc2c1,0,O=c1ccc2ccccc2o1
TOX5670,Cc1cc(=O)oc2cc(O)ccc12,0,O=c1ccc2ccccc2o1
TOX25699,C#CCOc1ccc2c(C)cc(=O)oc2c1,0,O=c1ccc2ccccc2o1
TOX5588,Cc1ccc2oc(=O)ccc2c1,0,O=c1ccc2ccccc2o1
TOX20751,CC(C)C[C@H](NC(=O)OCC1c2ccccc2-c2ccccc21)C(=O)O,0,c1ccc2c(c1)Cc1ccccc1-2
TOX18,CC(=O)Nc1ccc2c(c1)Cc1ccccc1-2,1,c1ccc2c(c1)Cc1ccccc1-2
TOX14729,COC(=O)C1(O)c2ccccc2-c2ccccc21,0,c1ccc2c(c1)Cc1ccccc1-2
TOX27540,Oc1ccc2c(c1)-c1ccccc1C2,1,c1ccc2c(c1)Cc1ccccc1-2
TOX4105,c1ccc2c(c1)Cc1ccccc1-2,0,c1ccc2c(c1)Cc1ccccc1-2
TOX1479,CC(=O)Nc1ccc2c(c1)Cc1cc(NC(C)=O)ccc1-2,0,c1ccc2c(c1)Cc1ccccc1-2
TOX971,O=[N+]([O-])c1ccc2c(c1)Cc1ccccc1-2,1,c1ccc2c(c1)Cc1ccccc1-2
TOX28574,C=C1/C(=C\C=C2/CCC[C@]3(C)[C@@H]([C@H](C)OCCC(C)(C)O)CC[C@@H]23)C[C@@H](O)C[C@@H]1O,0,C=C1CCCCC1=CC=C1CCCC2CCCC12
TOX2721,C=C1CC[C@H](O)C/C1=C/C=C1\CCC[C@@]2(C)[C@H]1CC[C@@H]2[C@H](C)CCCC(C)(C)O,1,C=C1CCCCC1=CC=C1CCCC2CCCC12
TOX2722,C=C1/C(=C\C=C2/CCC[C@@]3(C)[C@H]2CC[C@@H]3[C@H](C)CCCC(C)(C)O)C[C@@H](O)C[C@@H]1O,1,C=C1CCCCC1=CC=C1CCCC2CCCC12
TOX14214,C=C1/C(=C\C=C2/CCC[C@@]3(C)[C@H]2CC[C@@H]3[C@H](C)/C=C/[C@H](C)C(C)C)C[C@@H](O)C[C@@H]1O,0,C=C1CCCCC1=CC=C1CCCC2CCCC12
TOX1260,C=C1CC[C@H](O)C/C1=C/C=C1\CCC[C@@]2(C)[C@H]1CC[C@@H]2[C@H](C)CC[C@@H](O)C(C)(C)O,1,C=C1CCCCC1=CC=C1CCCC2CCCC12
TOX6294,C=C1CC[C@H](O)C/C1=C/C=C1\CCC[C@@]2(C)[C@H]1CC[C@@H]2[C@H](C)CCCC(C)C,0,C=C1CCCCC1=CC=C1CCCC2CCCC12
TOX233,C=C1CC[C@H](O)C/C1=C/C=C1\CCC[C@@]2(C)[C@H]1CC[C@@H]2[C@H](C)/C=C/[C@H](C)C(C)C,0,C=C1CCCCC1=CC=C1CCCC2CCCC12
TOX27508,Cc1ccc(OC(=O)c2ccccc2O)cc1,0,O=C(Oc1ccccc1)c1ccccc1
TOX3572,O=C(Oc1ccccc1C(=O)O)c1ccccc1O,0,O=C(Oc1ccccc1)c1ccccc1
TOX17745,CC(C)(C)c1ccc(OC(=O)c2ccccc2O)cc1,1,O=C(Oc1ccccc1)c1ccccc1
TOX1957,O=C(Oc1ccccc1)c1ccccc1O,0,O=C(Oc1ccccc1)c1ccccc1
TOX238,CN(C)C(=O)COC(=O)Cc1ccc(OC(=O)c2ccc(NC(=N)N)cc2)cc1,0,O=C(Oc1ccccc1)c1ccccc1
TOX28185,O=C(Oc1ccccc1)c1ccccc1,0,O=C(Oc1ccccc1)c1ccccc1
TOX1316,O=S(=O)(c1ccc(Cl)cc1)c1cc(Cl)c(Cl)cc1Cl,1,O=S(=O)(c1ccccc1)c1ccccc1
TOX24941,Nc1ccccc1S(=O)(=O)c1ccccc1,0,O=S(=O)(c1ccccc1)c1ccccc1
TOX4986,O=S(=O)(c1ccc(Cl)cc1)c1ccc(Cl)cc1,1,O=S(=O)(c1ccccc1)c1ccccc1
TOX27598,C=CCc1cc(S(=O)(=O)c2ccc(O)c(CC=C)c2)ccc1O,1,O=S(=O)(c1ccccc1)c1ccccc1
TOX3623,O=S([O-])CNc1ccc(S(=O)(=O)c2ccc(NCS(=O)[O-])cc2)cc1,0,O=S(=O)(c1ccccc1)c1ccccc1
TOX371,Nc1ccc(S(=O)(=O)c2ccc(N)cc2)cc1,0,O=S(=O)(c1ccccc1)c1ccccc1
TOX26921,CNC(=O)C[C@@H](N)C(=O)N[C@@H](C(=O)N[C@@H]1C(=O)N2[C@@H](C(=O)O)C(C)(C)S[C@H]12)c1ccc(O)cc1,0,O=C(Cc1ccccc1)NC1C(=O)N2CCSC12
TOX25466,CCOC(=O)OC(C)OC(=O)[C@@H]1N2C(=O)[C@@H](NC(=O)[C@H](N)c3ccccc3)[C@H]2SC1(C)C,0,O=C(Cc1ccccc1)NC1C(=O)N2CCSC12
TOX17044,CC1(C)S[C@@H]2[C@H](NC(=O)[C@H](N)c3ccc(O)cc3)C(=O)N2[C@H]1C(=O)O,0,O=C(Cc1ccccc1)NC1C(=O)N2CCSC12
TOX83,CC1(C)S[C@@H]2[C@H](NC(=O)[C@H](N)c3ccccc3)C(=O)N2[C@H]1C(=O)O,0,O=C(Cc1ccccc1)NC1C(=O)N2CCSC12
TOX28544,CC1(C)S[C@@H]2[C@H](NC(=O)[C@@H](c3ccccc3)S(=O)(=O)[O-])C(=O)N2[C@H]1C(=O)[O-],0,O=C(Cc1ccccc1)NC1C(=O)N2CCSC12
TOX25459,CC(C)(C)C(=O)OCOC(=O)[C@@H]1N2C(=O)[C@@H](NC(=O)[C@H](N)c3ccccc3)[C@H]2SC1(C)C,0,O=C(Cc1ccccc1)NC1C(=O)N2CCSC12
TOX27674,CC1=C(O)C(=O)OC1C,0,O=C1C=CCO1
TOX21611,CCCCCCCCCCCCCCCC(=O)OC[C@H](O)[C@H]1OC(=O)C(O)=C1O,0,O=C1C=CCO1
TOX6537,O=C1O[C@H]([C@H](O)CO)C(O)=C1O,0,O=C1C=CCO1
TOX570,O=C1O[C@H]([C@H](O)CO)C([O-])=C1O,0,O=C1C=CCO1
TOX105,O=C1O[C@H]([C@@H](O)CO)C([O-])=C1O,0,O=C1C=CCO1
TOX106,O=C1O[C@H]([C@@H](O)CO)C(O)=C1O,0,O=C1C=CCO1
TOX24999,CC1=NN(c2ccc(S(=O)(=O)O)cc2)C(=O)C1,0,O=C1CC=NN1c1ccccc1
TOX21273,O=C(O)C1=NN(c2ccc(S(=O)(=O)O)cc2)C(=O)C1,0,O=C1CC=NN1c1ccccc1
TOX1130,CC1=NN(c2ccccc2)C(=O)C1,1,O=C1CC=NN1c1ccccc1
TOX24684,O=C([O-])C1=NN(c2ccc(S(=O)(=O)O)cc2)C(=O)C1,0,O=C1CC=NN1c1ccccc1
TOX24785,CC1=NN(c2cccc(S(=O)(=O)O)c2)C(=O)C1,0,O=C1CC=NN1c1ccccc1
TOX24963,CC1=NN(c2ccc(C(=O)O)cc2)C(=O)C1,0,O=C1CC=NN1c1ccccc1
TOX1159,O=C1OC(=O)c2ccccc21,0,O=C1OC(=O)c2ccccc21
TOX6102,O=C1OC(=O)c2c(Cl)c(Cl)c(Cl)c(Cl)c21,0,O=C1OC(=O)c2ccccc21
TOX6084,O=C1OC(=O)c2c(Br)c(Br)c(Br)c(Br)c21,0,O=C1OC(=O)c2ccccc21
TOX7805,Cc1ccc2c(c1)C(=O)OC2=O,0,O=C1OC(=O)c2ccccc21
TOX6235,O=C(O)c1ccc2c(c1)C(=O)OC2=O,0,O=C1OC(=O)c2ccccc21
TOX5775,O=C1OC(=O)c2cc([N+](=O)[O-])ccc21,0,O=C1OC(=O)c2ccccc21
TOX22613,CCN1CCCC1CNC(=O)c1cc(S(=O)(=O)CC)c(N)cc1OC,0,O=C(NCC1CCCN1)c1ccccc1
TOX26268,C=CCN1CCCC1CNC(=O)c1cc(S(N)(=O)=O)cc(OC)c1OC,0,O=C(NCC1CCCN1)c1ccccc1
TOX25687,CCN1CCC[C@H]1CNC(=O)c1c(O)c(Cl)cc(Cl)c1OC,0,O=C(NCC1CCCN1)c1ccccc1
TOX25668,CCN1CCC[C@H]1CNC(=O)c1c(OC)ccc(Br)c1OC,0,O=C(NCC1CCCN1)c1ccccc1
TOX28996,CCN1CCCC1CNC(=O)c1cc(S(=O)(=O)CC)ccc1OC,1,O=C(NCC1CCCN1)c1ccccc1
TOX22583,CCN1CCC[C@H]1CNC(=O)c1cc(S(N)(=O)=O)ccc1OC,0,O=C(NCC1CCCN1)c1ccccc1
TOX28799,C=CCC1([C@H](C)CCC)C(=O)NC(=O)NC1=O,0,O=C1CC(=O)NC(=O)N1
TOX28800,C=CCC1([C@@H](C)CCC)C(=O)NC(=O)NC1=O,0,O=C1CC(=O)NC(=O)N1
TOX2643,CCC1(CC)C(=O)NC(=O)NC1=O,0,O=C1CC(=O)NC(=O)N1
TOX3280,CCC1(CC)C(=O)NC(=O)N(C)C1=O,0,O=C1CC(=O)NC(=O)N1
TOX81,CCC1(CCC(C)C)C(=O)NC(=O)NC1=O,0,O=C1CC(=O)NC(=O)N1
TOX509,CC1(C)C(=O)NC(=O)NC1=O,0,O=C1CC(=O)NC(=O)N1
TOX2946,CCCCC[C@H](O)/C=C/[C@H]1[C@H](O)C[C@H](O)[C@@H]1C/C=C\CCCC(=O)O,0,C1CCCC1
TOX7394,CCC1CCC(CCC(=O)O)C1,0,C1CCCC1
TOX13371,OC1CCCC1,0,C1CCCC1
TOX25582,CCCCC[C@H](O)/C=C/[C@H]1[C@H](O)C[C@H](O)[C@@H]1C/C=C\CCCC(=O)O.COC(N)(CO)CO,0,C1CCCC1
TOX27108,SC1CCCC1,0,C1CCCC1
TOX4886,C1CCCC1,0,C1CCCC1
TOX28926,O=C1CN=C(c2ccccc2)c2cc(Cl)ccc2N1,0,O=C1CN=C(c2ccccc2)c2ccccc2N1
TOX406,CN1C(=O)CN=C(c2ccccc2)c2cc(Cl)ccc21,0,O=C1CN=C(c2ccccc2)c2ccccc2N1
TOX3372,O=C1CN=C(c2ccccc2)c2cc([N+](=O)[O-])ccc2N1,0,O=C1CN=C(c2ccccc2)c2ccccc2N1
TOX3225,O=C1Nc2ccc(Cl)cc2C(c2ccccc2Cl)=NC1O,0,O=C1CN=C(c2ccccc2)c2ccccc2N1
TOX1087,O=C1Nc2ccc(Cl)cc2C(c2ccccc2)=NC1O,0,O=C1CN=C(c2ccccc2)c2ccccc2N1
TOX1309,CN1C(=O)C(O)N=C(c2ccccc2)c2cc(Cl)ccc21,0,O=C1CN=C(c2ccccc2)c2ccccc2N1
TOX6266,O=c1n(CCO)c(=O)n(CCO)c(=O)n1CCO,0,O=c1[nH]c(=O)[nH]c(=O)[nH]1
TOX24936,C=CC(=O)OCCn1c(=O)n(CCOC(=O)C=C)c(=O)n(CCOC(=O)C=C)c1=O,0,O=c1[nH]c(=O)[nH]c(=O)[nH]1
TOX4993,O=c1[nH]c(=O)n(Cl)c(=O)n1Cl,0,O=c1[nH]c(=O)[nH]c(=O)[nH]1
TOX24896,CO[Si](CCCn1c(=O)n(CCC[Si](OC)(OC)OC)c(=O)n(CCC[Si](OC)(OC)OC)c1=O)(OC)OC,0,O=c1[nH]c(=O)[nH]c(=O)[nH]1
TOX6523,O=c1n(Cl)c(=O)n(Cl)c(=O)n1Cl,0,O=c1[nH]c(=O)[nH]c(=O)[nH]1
TOX6175,C=CCn1c(=O)n(CC=C)c(=O)n(CC=C)c1=O,0,O=c1[nH]c(=O)[nH]c(=O)[nH]1
TOX25536,CC(C)N(CCC(C(N)=O)(c1ccccc1)c1ccccn1)C(C)C,0,c1ccc(Cc2ccccn2)cc1
TOX28962,CN(C)CC[C@@H](c1ccc(Cl)cc1)c1ccccn1,0,c1ccc(Cc2ccccn2)cc1
TOX321,C[NH+](C)CCC(c1ccc(Cl)cc1)c1ccccn1,0,c1ccc(Cc2ccccn2)cc1
TOX27805,CN(C)CCOC(c1ccc(Cl)cc1)c1ccccn1,0,c1ccc(Cc2ccccn2)cc1
TOX552,CN(C)CCOC(C)(c1ccccc1)c1ccccn1.O=C(O)CCC(=O)O,0,c1ccc(Cc2ccccn2)cc1
TOX27795,CN(C)CC[C@@H](c1ccc(Br)cc1)c1ccccn1,0,c1ccc(Cc2ccccn2)cc1
TOX29098,CC(C)(C)OC(=O)N1C[C@@H](F)C[C@H]1C(=O)O,0,C1CCNC1
TOX22210,CN1CCCC1,0,C1CCNC1
TOX21104,O=C(O)C1CCCN1,0,C1CCNC1
TOX20526,C=C(C)[C@H]1CN[C@H](C(=O)O)[C@H]1CC(=O)O,0,C1CCNC1
TOX26410,CC(=O)N1C[C@H](O)C[C@H]1C(=O)O,0,C1CCNC1
TOX1062,O=NN1CCCC1,0,C1CCNC1
TOX381,CC1(C)[C@@H](C=C(Br)Br)[C@H]1C(=O)O[C@H](C#N)c1cccc(Oc2ccccc2)c1,1,O=C(OCc1cccc(Oc2ccccc2)c1)C1CC1
TOX12559,CC1(C)[C@@H](/C=C(\Cl)C(F)(F)F)[C@H]1C(=O)O[C@H](C#N)c1cccc(Oc2ccccc2)c1,1,O=C(OCc1cccc(Oc2ccccc2)c1)C1CC1
TOX2292,CC1(C)C(C=C(Cl)Cl)C1C(=O)OCc1cccc(Oc2ccccc2)c1,0,O=C(OCc1cccc(Oc2ccccc2)c1)C1CC1
TOX3997,CC1(C)[C@H](/C=C(\Cl)C(F)(F)F)[C@@H]1C(=O)O[C@H](C#N)c1cccc(Oc2ccccc2)c1,1,O=C(OCc1cccc(Oc2ccccc2)c1)C1CC1
TOX3998,CC1(C)C(C=C(Cl)Cl)C1C(=O)OC(C#N)c1cccc(Oc2ccccc2)c1,0,O=C(OCc1cccc(Oc2ccccc2)c1)C1CC1
TOX12688,CC(C)=CC1C(C(=O)OCc2cccc(Oc3ccccc3)c2)C1(C)C,0,O=C(OCc1cccc(Oc2ccccc2)c1)C1CC1
TOX2020,CCC(C)n1c(=O)[nH]c(C)c(Br)c1=O,0,O=c1cc[nH]c(=O)[nH]1
TOX4317,Cc1[nH]c(=O)n(C(C)(C)C)c(=O)c1Cl,0,O=c1cc[nH]c(=O)[nH]1
TOX1424,O=c1cc[nH]c(=O)[nH]1,0,O=c1cc[nH]c(=O)[nH]1
TOX634,O=c1[nH]cc(F)c(=O)[nH]1,0,O=c1cc[nH]c(=O)[nH]1
TOX9280,Cn1c(N)c(N=O)c(=O)n(C)c1=O,0,O=c1cc[nH]c(=O)[nH]1
TOX341,COc1ccc2c3c1O[C@H]1[C@@H](O)C=C[C@H]4[C@@H](C2)N(C)CC[C@]314,0,C1=CC2C3Cc4cccc5c4C2(CCN3)C(C1)O5
TOX27825,C=CCN1CC[C@]23c4c5ccc(O)c4O[C@H]2[C@@H](O)C=C[C@H]3[C@H]1C5,0,C1=CC2C3Cc4cccc5c4C2(CCN3)C(C1)O5
TOX26760,CCOc1ccc2c3c1O[C@H]1[C@@H](O)C=C[C@H]4[C@@H](C2)N(C)CC[C@]314,0,C1=CC2C3Cc4cccc5c4C2(CCN3)C(C1)O5
TOX28835,CC(=O)Oc1ccc2c3c1O[C@H]1[C@@H](OC(C)=O)C=C[C@H]4[C@@H](C2)N(C)CC[C@]314,0,C1=CC2C3Cc4cccc5c4C2(CCN3)C(C1)O5
TOX26327,COc1ccc2c3c1O[C@H]1[C@@H](O)C=C[C@H]4[C@@H](C2)NCC[C@]314,0,C1=CC2C3Cc4cccc5c4C2(CCN3)C(C1)O5
TOX27524,NC[C@H]1O[C@H](O[C@@H]2[C@@H](N)C[C@@H](N)[C@H](O[C@H]3O[C@H](CO)[C@@H](O)[C@H](N)[C@H]3O)[C@H]2O)[C@H](O)[C@@H](O)[C@@H]1O,0,C1CCC(OC2CCCC(OC3CCCCO3)C2)OC1
TOX2586,NCC[C@H](O)C(=O)N[C@@H]1C[C@H](N)[C@@H](O[C@H]2O[C@H](CN)[C@@H](O)[C@H](O)[C@H]2O)[C@H](O)[C@H]1O[C@H]1O[C@H](CO)[C@@H](O)[C@H](N)[C@H]1O,0,C1CCC(OC2CCCC(OC3CCCCO3)C2)OC1
TOX2915,NC[C@@H]1CC[C@@H](N)[C@@H](O[C@@H]2[C@@H](N)C[C@@H](N)[C@H](O[C@H]3O[C@H](CO)[C@@H](O)[C@H](N)[C@H]3O)[C@H]2O)O1,0,C1CCC(OC2CCCC(OC3CCCCO3)C2)OC1
TOX26462,CN[C@@H]1[C@@H](O)[C@@H](O[C@@H]2[C@@H](O)[C@H](O[C@H]3O[C@H](CN)[C@@H](O)[C@H](O)[C@H]3O)[C@@H](N)C[C@H]2NC(=O)C(O)CN)OC[C@]1(C)O,0,C1CCC(OC2CCCC(OC3CCCCO3)C2)OC1
TOX3680,NC[C@H]1O[C@H](O[C@@H]2[C@@H](N)C[C@@H](N)[C@H](O[C@H]3O[C@H](CO)[C@@H](O)[C@H](N)[C@H]3O)[C@H]2O)[C@H](N)C[C@@H]1O,0,C1CCC(OC2CCCC(OC3CCCCO3)C2)OC1
TOX25351,COc1cc(NS(=O)(=O)c2ccc(N)cc2)ncn1,0,O=S(=O)(Nc1ccncn1)c1ccccc1
TOX3616,COc1cc(NS(=O)(=O)c2ccc(N)cc2)nc(C)n1,0,O=S(=O)(Nc1ccncn1)c1ccccc1
TOX26390,Cc1cc(NS(=O)(=O)c2ccc(N)cc2)nc(C)n1,0,O=S(=O)(Nc1ccncn1)c1ccccc1
TOX3607,COc1cc(NS(=O)(=O)c2ccc(N)cc2)nc(OC)n1,0,O=S(=O)(Nc1ccncn1)c1ccccc1
TOX3608,COc1ncnc(NS(=O)(=O)c2ccc(N)cc2)c1OC,0,O=S(=O)(Nc1ccncn1)c1ccccc1
TOX21880,Cc1cc(OC(=O)N(C)C)nn1C(=O)N(C)C,0,c1cn[nH]c1
TOX12513,Cc1cc(C)n(CO)n1,0,c1cn[nH]c1
TOX27769,NCCc1cc[nH]n1,0,c1cn[nH]c1
TOX26517,N=C(N)n1cccn1,0,c1cn[nH]c1
TOX25776,Cc1cn[nH]c1,0,c1cn[nH]c1
TOX3368,O=C(O)c1cccnc1Nc1cccc(C(F)(F)F)c1,1,c1ccc(Nc2ccccn2)cc1
TOX25584,CNC[C@H](O)[C@@H](O)[C@@H](O)[C@H](O)CO.Cc1c(Nc2ncccc2C(=O)O)cccc1C(F)(F)F,1,c1ccc(Nc2ccccn2)cc1
TOX25694,Cc1cccc(Nc2ncccc2C(=O)O)c1C,0,c1ccc(Nc2ccccn2)cc1
TOX25693,Cc1cccc(C)c1Nc1ncccc1C(=O)O,1,c1ccc(Nc2ccccn2)cc1
TOX26121,Cc1c(Cl)cccc1Nc1ncccc1C(=O)O,1,c1ccc(Nc2ccccn2)cc1
TOX22451,Clc1sc(Cl)c(Cl)c1Cl,0,c1ccsc1
TOX24490,COC(=O)c1sccc1S(N)(=O)=O,0,c1ccsc1
TOX25444,CCCNC(C)C(=O)Nc1c(C)csc1C(=O)OC,0,c1ccsc1
TOX6145,c1ccsc1,0,c1ccsc1
TOX27169,Cc1ccc(C=O)s1,0,c1ccsc1
TOX23761,O=C(Nc1ccc([N+](=O)[O-])cc1)Nc1ccc([N+](=O)[O-])cc1,1,O=C(Nc1ccccc1)Nc1ccccc1
TOX28610,O=C(Nc1ccc(Cl)cc1)Nc1ccc(Cl)c(C(F)(F)F)c1,1,O=C(Nc1ccccc1)Nc1ccccc1
TOX5040,CCN(C(=O)N(CC)c1ccccc1)c1ccccc1,1,O=C(Nc1ccccc1)Nc1ccccc1
TOX6214,O=C(Nc1ccc(Cl)cc1)Nc1ccc(Cl)c(Cl)c1,1,O=C(Nc1ccccc1)Nc1ccccc1
TOX5183,O=C(Nc1ccccc1)Nc1ccccc1,1,O=C(Nc1ccccc1)Nc1ccccc1
TOX768,O=c1c(O)c(-c2ccc(O)cc2)oc2cc(O)cc(O)c12,1,O=c1cc(-c2ccccc2)oc2ccccc12
TOX2396,O=c1cc(-c2ccccc2)oc2cc(O)cc(O)c12,1,O=c1cc(-c2ccccc2)oc2ccccc12
TOX2391,O=c1cc(-c2ccc(O)cc2)oc2cc(O)cc(O)c12,1,O=c1cc(-c2ccccc2)oc2ccccc12
TOX1219,O=c1c(O)c(-c2ccc(O)c(O)c2)oc2cc(O)cc(O)c12,1,O=c1cc(-c2ccccc2)oc2ccccc12
TOX26841,COc1ccc2c(=O)c(C)c(-c3ccccc3)oc2c1CN(C)C,0,O=c1cc(-c2ccccc2)oc2ccccc12
TOX4049,O=C(NC(=O)c1c(F)cccc1F)Nc1ccc(Cl)cc1,0,O=C(NC(=O)c1ccccc1)Nc1ccccc1
TOX14357,O=C(NC(=O)c1c(F)cccc1F)Nc1cc(Cl)c(OC(F)(F)C(F)C(F)(F)F)cc1Cl,1,O=C(NC(=O)c1ccccc1)Nc1ccccc1
TOX14355,O=C(NC(=O)c1ccccc1Cl)Nc1ccc(OC(F)(F)F)cc1,0,O=C(NC(=O)c1ccccc1)Nc1ccccc1
TOX22440,O=C(NC(=O)c1c(F)cccc1F)Nc1cc(Cl)c(F)c(Cl)c1F,0,O=C(NC(=O)c1ccccc1)Nc1ccccc1
TOX14773,O=C(NC(=O)c1c(F)cccc1F)Nc1ccc(OC(F)(F)C(F)OC(F)(F)F)c(Cl)c1,0,O=C(NC(=O)c1ccccc1)Nc1ccccc1
TOX26756,CC1(C)O[C@@H]2C[C@H]3[C@@H]4CCC5=CC(=O)C=C[C@]5(C)[C@H]4[C@@H](O)C[C@]3(C)[C@]2(C(=O)CO)O1,0,O=C1C=CC2C(=C1)CCC1C2CCC2C1CC1OCOC12
TOX20674,CC1(C)O[C@@H]2C[C@H]3[C@@H]4C[C@H](F)C5=CC(=O)C=C[C@]5(C)[C@@]4(F)[C@@H](O)C[C@]3(C)[C@]2(C(=O)CO)O1,0,O=C1C=CC2C(=C1)CCC1C2CCC2C1CC1OCOC12
TOX1371,CC1(C)O[C@@H]2C[C@H]3[C@@H]4CCC5=CC(=O)C=C[C@]5(C)[C@@]4(F)[C@@H](O)C[C@]3(C)[C@]2(C(=O)CO)O1,0,O=C1C=CC2C(=C1)CCC1C2CCC2C1CC1OCOC12
TOX202,CCC[C@@H]1O[C@@H]2C[C@H]3[C@@H]4CCC5=CC(=O)C=C[C@]5(C)[C@H]4[C@@H](O)C[C@]3(C)[C@]2(C(=O)CO)O1,0,O=C1C=CC2C(=C1)CCC1C2CCC2C1CC1OCOC12
TOX25307,CC(=O)OCC(=O)[C@@]12OC(C)(C)O[C@@H]1C[C@H]1[C@@H]3C[C@H](F)C4=CC(=O)C=C[C@]4(C)[C@@]3(F)[C@@H](O)C[C@@]12C,0,O=C1C=CC2C(=C1)CCC1C2CCC2C1CC1OCOC12
TOX26864,N=C(N)NCCC[C@H](NC(=O)[C@@H]1CCCN1C(=O)[C@@H]1CSSCCC(=O)N[C@@H](Cc2ccc(O)cc2)C(=O)N[C@@H](Cc2ccccc2)C(=O)N[C@@H](CCC(N)=O)C(=O)N[C@@H](CC(N)=O)C(=O)N1)C(=O)NCC(N)=O,0,O=C1CNC(=O)C(Cc2ccccc2)NC(=O)C(Cc2ccccc2)NC(=O)CCSSCC(C(=O)N2CCCC2)NC(=O)CN1
TOX28525,NCCCC[C@H](NC(=O)[C@@H]1CCCN1C(=O)[C@@H]1CSSC[C@H](N)C(=O)N[C@@H](Cc2ccccc2)C(=O)N[C@@H](Cc2ccccc2)C(=O)N[C@@H](CCC(N)=O)C(=O)N[C@@H](CC(N)=O)C(=O)N1)C(=O)NCC(N)=O,0,O=C1CNC(=O)C(Cc2ccccc2)NC(=O)C(Cc2ccccc2)NC(=O)CCSSCC(C(=O)N2CCCC2)NC(=O)CN1
TOX26597,N=C(N)NCCC[C@H](NC(=O)[C@@H]1CCCN1C(=O)[C@@H]1CSSC[C@H](N)C(=O)N[C@@H](Cc2ccc(O)cc2)C(=O)N[C@@H](Cc2ccccc2)C(=O)N[C@@H](CCC(N)=O)C(=O)N[C@@H](CC(N)=O)C(=O)N1)C(=O)NCC(N)=O,0,O=C1CNC(=O)C(Cc2ccccc2)NC(=O)C(Cc2ccccc2)NC(=O)CCSSCC(C(=O)N2CCCC2)NC(=O)CN1
TOX28501,NCCCC[C@H](NC(=O)[C@@H]1CCCN1C(=O)[C@@H]1CSSC[C@H](N)C(=O)N[C@@H](Cc2ccc(O)cc2)C(=O)N[C@@H](Cc2ccccc2)C(=O)N[C@@H](CCC(N)=O)C(=O)N[C@@H](CC(N)=O)C(=O)N1)C(=O)NCC(N)=O,0,O=C1CNC(=O)C(Cc2ccccc2)NC(=O)C(Cc2ccccc2)NC(=O)CCSSCC(C(=O)N2CCCC2)NC(=O)CN1
TOX28878,NCCCC[C@H](NC(=O)[C@@H]1CCCN1C(=O)[C@@H]1CSSC[C@H](NC(=O)CNC(=O)CNC(=O)CN)C(=O)N[C@@H](Cc2ccc(O)cc2)C(=O)N[C@@H](Cc2ccccc2)C(=O)N[C@@H](CCC(N)=O)C(=O)N[C@@H](CC(N)=O)C(=O)N1)C(=O)NCC(N)=O,0,O=C1CNC(=O)C(Cc2ccccc2)NC(=O)C(Cc2ccccc2)NC(=O)CCSSCC(C(=O)N2CCCC2)NC(=O)CN1
TOX28516,CO/N=C(/C(=O)N[C@@H]1C(=O)N2C(C(=O)OCOC(=O)C(C)(C)C)=C(C)CS[C@H]12)c1csc(N)n1,0,N=C(C(=O)NC1C(=O)N2C=CCSC12)c1cscn1
TOX26084,C=CC1=C(C(=O)O)N2C(=O)[C@@H](NC(=O)/C(=N/O)c3csc(N)n3)[C@H]2SC1,0,N=C(C(=O)NC1C(=O)N2C=CCSC12)c1cscn1
TOX2754,C=CC1=C(C(=O)O)N2C(=O)[C@@H](NC(=O)/C(=N/OCC(=O)O)c3csc(N)n3)[C@H]2SC1,0,N=C(C(=O)NC1C(=O)N2C=CCSC12)c1cscn1
TOX26991,CO/N=C(/C(=O)N[C@@H]1C(=O)N2C(C(=O)[O-])=C(COC(C)=O)CS[C@H]12)c1csc(N)n1,0,N=C(C(=O)NC1C(=O)N2C=CCSC12)c1cscn1
TOX26643,CO/N=C(\C(=O)N[C@@H]1C(=O)N2C(C(=O)[O-])=CCS[C@H]12)c1csc(N)n1,0,N=C(C(=O)NC1C(=O)N2C=CCSC12)c1cscn1
TOX3049,CCC(=O)N(c1ccccc1)C1CCN(CCc2ccccc2)CC1,0,c1ccc(CCN2CCC(Nc3ccccc3)CC2)cc1
TOX28860,CCC(=O)N(c1ccccc1)C1CCN(CC(O)c2ccccc2)CC1,0,c1ccc(CCN2CCC(Nc3ccccc3)CC2)cc1
TOX28856,CCC(=O)N(c1ccccc1)[C@@H]1CCN(CCc2ccccc2)C[C@@H]1C,0,c1ccc(CCN2CCC(Nc3ccccc3)CC2)cc1
TOX28857,CCC(=O)N(c1ccccc1)[C@H]1CCN(CCc2ccccc2)C[C@@H]1C,0,c1ccc(CCN2CCC(Nc3ccccc3)CC2)cc1
TOX28855,CCC(=O)N(c1ccc(F)cc1)C1CCN(CCc2ccccc2)CC1,0,c1ccc(CCN2CCC(Nc3ccccc3)CC2)cc1
TOX26054,COC1=C(OC)C(=O)C(C/C=C(\C)CC/C=C(\C)CC/C=C(\C)CC/C=C(\C)CC/C=C(\C)CC/C=C(\C)CC/C=C(\C)CC/C=C(\C)CC/C=C(\C)CCC=C(C)C)=C(C)C1=O,0,O=C1C=CC(=O)C=C1
TOX266,O=C1C(Cl)=C(Cl)C(=O)C(Cl)=C1Cl,1,O=C1C=CC(=O)C=C1
TOX1493,CC(C)(C)C1=CC(=O)C=C(C(C)(C)C)C1=O,1,O=C1C=CC(=O)C=C1
TOX145,O=C1C=CC(=O)C=C1,0,O=C1C=CC(=O)C=C1
TOX25897,O=C1C(O)=C(O)C(=O)C(O)=C1O,0,O=C1C=CC(=O)C=C1
TOX26451,CCCCCOC(=O)Nc1nc(=O)n([C@@H]2O[C@H](C)[C@@H](O)[C@H]2O)cc1F,0,O=c1ncccn1C1CCCO1
TOX2877,Nc1ccn([C@@H]2O[C@H](CO)[C@@H](O)[C@@H]2O)c(=O)n1,0,O=c1ncccn1C1CCCO1
TOX27827,Nc1ccn([C@@H]2O[C@H](CO)[C@@H](O)C2(F)F)c(=O)n1,0,O=c1ncccn1C1CCCO1
TOX26682,CCCCCCCCCCCCCCCCCCCCCC(=O)Nc1ccn([C@@H]2O[C@H](CO)[C@@H](O)[C@@H]2O)c(=O)n1,0,O=c1ncccn1C1CCCO1
TOX3747,Nc1ccn([C@H]2CC[C@@H](CO)O2)c(=O)n1,0,O=c1ncccn1C1CCCO1
TOX7174,OC1CCCc2ccccc21,0,c1ccc2c(c1)CCCC2
TOX21544,CC(=O)c1cc2c(cc1C)C(C)(C)C(C)CC2(C)C,1,c1ccc2c(c1)CCCC2
TOX27163,CC(=O)c1ccc2c(c1)CCCC2,0,c1ccc2c(c1)CCCC2
TOX3342,CC(C)(C)NCC(O)COc1cccc2c1C[C@H](O)[C@H](O)C2,0,c1ccc2c(c1)CCCC2
TOX6118,c1ccc2c(c1)CCCC2,0,c1ccc2c(c1)CCCC2
TOX2883,COc1cccc2c1C(=O)c1c(O)c3c(c(O)c1C2=O)C[C@@](O)(C(C)=O)C[C@@H]3O[C@H]1C[C@H](N)[C@H](O)[C@H](C)O1,1,O=C1c2ccccc2C(=O)c2cc3c(cc21)CCCC3OC1CCCCO1
TOX2742,CC(=O)[C@]1(O)Cc2c(O)c3c(c(O)c2[C@@H](O[C@H]2C[C@H](N)[C@H](O)[C@H](C)O2)C1)C(=O)c1c(O)cccc1C3=O,1,O=C1c2ccccc2C(=O)c2cc3c(cc21)CCCC3OC1CCCCO1
TOX10636,COc1cccc2c1C(=O)c1c(O)c3c(c(O)c1C2=O)C[C@@](O)(C(=O)CO)C[C@@H]3O[C@H]1C[C@H](N)[C@H](O)[C@H](C)O1,1,O=C1c2ccccc2C(=O)c2cc3c(cc21)CCCC3OC1CCCCO1
TOX26497,CCCCC(=O)OCC(=O)[C@]1(O)Cc2c(O)c3c(c(O)c2[C@@H](O[C@H]2C[C@H](NC(=O)C(F)(F)F)[C@H](O)[C@H](C)O2)C1)C(=O)c1c(OC)cccc1C3=O,1,O=C1c2ccccc2C(=O)c2cc3c(cc21)CCCC3OC1CCCCO1
TOX27775,CC(=O)[C@]1(O)Cc2c(O)c3c(c(O)c2[C@@H](O[C@H]2C[C@H](N)[C@H](O)[C@H](C)O2)C1)C(=O)c1ccccc1C3=O,1,O=C1c2ccccc2C(=O)c2cc3c(cc21)CCCC3OC1CCCCO1
TOX1290,Cc1cc(C)nc(NS(=O)(=O)c2ccc(N)cc2)n1,0,O=S(=O)(Nc1ncccn1)c1ccccc1
TOX3612,Cc1ccnc(NS(=O)(=O)c2ccc(N)cc2)n1,0,O=S(=O)(Nc1ncccn1)c1ccccc1
TOX3613,COc1cnc(NS(=O)(=O)c2ccc(N)cc2)nc1,0,O=S(=O)(Nc1ncccn1)c1ccccc1
TOX24130,Nc1ccc(S(=O)(=O)Nc2ncccn2)cc1,0,O=S(=O)(Nc1ncccn1)c1ccccc1
TOX26857,Cc1nc(NS(=O)(=O)c2ccc(N)cc2)nc(C)c1Br,0,O=S(=O)(Nc1ncccn1)c1ccccc1
TOX5665,Cc1c[nH]c(=S)[nH]c1=O,0,O=c1cc[nH]c(=S)[nH]1
TOX890,Cc1cc(=O)[nH]c(=S)[nH]1,0,O=c1cc[nH]c(=S)[nH]1
TOX1347,O=c1cc[nH]c(=S)[nH]1,0,O=c1cc[nH]c(=S)[nH]1
TOX1209,CCCc1cc(=O)[nH]c(=S)[nH]1,0,O=c1cc[nH]c(=S)[nH]1
TOX707,NNc1nc(-c2ccccc2)cs1,1,c1ccc(-c2cscn2)cc1
TOX704,NNc1nc(-c2ccc(N)cc2)cs1,1,c1ccc(-c2cscn2)cc1
TOX4503,Nc1nc(-c2ccccc2)cs1,1,c1ccc(-c2cscn2)cc1
TOX65,Nc1nc(-c2ccc([N+](=O)[O-])cc2)cs1,1,c1ccc(-c2cscn2)cc1
TOX28923,CN1CC[C@@]23CCCC[C@@H]2[C@@H]1Cc1ccc(O)cc13,0,c1ccc2c(c1)CC1NCCC23CCCCC13
TOX3205,C=CCN1CC[C@]23CCCC[C@H]2[C@H]1Cc1ccc(O)cc13,0,c1ccc2c(c1)CC1NCCC23CCCCC13
TOX25569,COc1ccc2c(c1)[C@@]13CCCCC1[C@@H](C2)N(C)CC3,0,c1ccc2c(c1)CC1NCCC23CCCCC13
TOX28649,Cc1ccc2c(c1)[C@]13CCCC[C@@H]1[C@H](C2)N(C)CC3,0,c1ccc2c(c1)CC1NCCC23CCCCC13
TOX26263,Cc1cc(O)cc2c1O[C@](C)(CCC[C@H](C)CCC[C@H](C)CCCC(C)C)CC2,0,c1ccc2c(c1)CCCO2
TOX1356,CC(=O)Oc1c(C)c(C)c2c(c1C)CC[C@@](C)(CCC[C@H](C)CCC[C@H](C)CCCC(C)C)O2,0,c1ccc2c(c1)CCCO2
TOX6339,Cc1c(C)c2c(c(C)c1O)CC[C@@](C)(CCC[C@H](C)CCC[C@H](C)CCCC(C)C)O2,0,c1ccc2c(c1)CCCO2
TOX28549,Cc1c(C)c2c(c(C)c1OC(=O)CCC(=O)OCCO)CC[C@@](C)(CCC[C@H](C)CCC[C@H](C)CCCC(C)C)O2,0,c1ccc2c(c1)CCCO2
TOX24496,CCCCCC1CCCC(=O)O1,0,O=C1CCCCO1
TOX24438,O=C1CCCCO1,0,O=C1CCCCO1
TOX27164,CCCC1CCCC(=O)O1,0,O=C1CCCCO1
TOX6549,O=C1O[C@H](CO)[C@@H](O)[C@H](O)[C@H]1O,0,O=C1CCCCO1
TOX14192,C[C@]12C=CC3=C4CCC(=O)C=C4CC[C@H]3[C@@H]1CC[C@@H]2O,0,O=C1C=C2CCC3C(=C2CC1)C=CC1CCCC13
TOX3094,C#C[C@]1(O)CC[C@H]2[C@@H]3CCC4=CC(=O)CCC4=C3C=C[C@@]21CC,0,O=C1C=C2CCC3C(=C2CC1)C=CC1CCCC13
TOX28789,C=CC[C@]1(O)CC[C@H]2[C@@H]3CCC4=CC(=O)CCC4=C3C=C[C@@]21C,0,O=C1C=C2CCC3C(=C2CC1)C=CC1CCCC13
TOX26626,CC(=O)O[C@H]1CC[C@H]2[C@@H]3CCC4=CC(=O)CCC4=C3C=C[C@]12C,0,O=C1C=C2CCC3C(=C2CC1)C=CC1CCCC13
TOX7870,CCCCCCCCCCC=CC1CC(=O)OC1=O,0,O=C1CCC(=O)O1
TOX1287,O=C1CCC(=O)O1,0,O=C1CCC(=O)O1
TOX5217,CCCCCCCCC/C=C/CC1CC(=O)OC1=O,0,O=C1CCC(=O)O1
TOX7905,C/C(=C\C(C)CC(C)CC(C)C)C1CC(=O)OC1=O,0,O=C1CCC(=O)O1
TOX3435,CCCC(C)C1(CC)C(=O)N=C(O)NC1=O,0,O=C1CC(=O)NC=N1
TOX128,CCC1(CC)C(=O)N=C([O-])NC1=O,0,O=C1CC(=O)NC=N1
TOX1744,CCCC(C)C1(CC)C(=O)N=C([S-])NC1=O,0,O=C1CC(=O)NC=N1
TOX25988,C=CCC1(C(C)CCC)C(=O)N=C([S-])NC1=O,0,O=C1CC(=O)NC=N1
TOX2947,CCCCC[C@H](O)/C=C/[C@H]1[C@H](O)CC(=O)[C@@H]1C/C=C\CCCC(=O)O,0,O=C1CCCC1
TOX2578,CCCCC[C@H](O)/C=C/[C@H]1[C@H](O)CC(=O)[C@@H]1CCCCCCC(=O)O,0,O=C1CCCC1
TOX9154,O=C1CCCC1,0,O=C1CCCC1
TOX9325,CCCCCC1C(=O)CCC1CC(=O)OC,0,O=C1CCCC1
TOX147,c1ccc2[nH]nnc2c1,0,c1ccc2[nH]nnc2c1
TOX24627,On1nnc2ccccc21,0,c1ccc2[nH]nnc2c1
TOX27450,Clc1ccc2[nH]nnc2c1,0,c1ccc2[nH]nnc2c1
TOX6171,Cc1cccc2[nH]nnc12,0,c1ccc2[nH]nnc2c1
TOX29367,c1ccc2cnncc2c1,0,c1ccc2cnncc2c1
TOX4504,Nc1cccc2c(O)nnc(O)c12,0,c1ccc2cnncc2c1
TOX24645,NNc1nncc2ccccc12,0,c1ccc2cnncc2c1
TOX24664,CCOC(=O)NNc1nncc2ccccc12,0,c1ccc2cnncc2c1
TOX1097,CN(C)[C@@H]1C(O)=C(C(N)=O)C(=O)[C@@]2(O)C(O)=C3C(=O)c4c(O)cccc4[C@@](C)(O)[C@H]3[C@H](O)[C@@H]12,0,O=C1C2=CC3C(=O)C=CCC3CC2Cc2ccccc21
TOX25405,C[C@H]1c2cccc(O)c2C(=O)C2=C(O)[C@]3(O)C(=O)C(C(N)=O)=C(O)[C@@H](N(C)C)[C@@H]3[C@@H](O)[C@@H]21,0,O=C1C2=CC3C(=O)C=CCC3CC2Cc2ccccc21
TOX25344,CN(C)[C@@H]1C(O)=C(C(=O)NCN[C@@H](CCCCN)C(=O)O)C(=O)[C@@]2(O)C(O)=C3C(=O)c4c(O)cccc4[C@@](C)(O)C3C[C@@H]12,0,O=C1C2=CC3C(=O)C=CCC3CC2Cc2ccccc21
TOX24545,CN(C)c1ccc(O)c2c1C[C@H]1C[C@H]3[C@H](N(C)C)C(O)=C(C(N)=O)C(=O)[C@@]3(O)C(O)=C1C2=O,0,O=C1C2=CC3C(=O)C=CCC3CC2Cc2ccccc21
TOX857,CNc1ncnc2[nH]cnc12,1,c1ncc2nc[nH]c2n1
TOX3038,CC(=O)OCC(CCn1cnc2cnc(N)nc21)COC(C)=O,0,c1ncc2nc[nH]c2n1
TOX2557,Nc1ncnc2[nH]cnc12,0,c1ncc2nc[nH]c2n1
TOX29808,CC(C)OC(=O)OCOP(=O)(CO[C@H](C)Cn1cnc2c(N)ncnc21)OCOC(=O)OC(C)C,0,c1ncc2nc[nH]c2n1
TOX14855,CCCCOC(=O)[C@@H](C)Oc1ccc(Oc2ccc(C(F)(F)F)cn2)cc1,0,c1ccc(Oc2ccccn2)cc1
TOX4123,COC(=O)C(C)Oc1ccc(Oc2ncc(C(F)(F)F)cc2Cl)cc1,0,c1ccc(Oc2ccccn2)cc1
TOX14612,CCCCOC(=O)C(C)Oc1ccc(Oc2ccc(C(F)(F)F)cn2)cc1,0,c1ccc(Oc2ccccn2)cc1
TOX12354,C#CCOC(=O)[C@@H](C)Oc1ccc(Oc2ncc(Cl)cc2F)cc1,0,c1ccc(Oc2ccccn2)cc1
TOX26224,OC[C@H]1O[C@H](O[C@@]2(CO)O[C@@H](O)[C@H](O)[C@@H]2O)[C@H](O)[C@@H](O)[C@@H]1O,0,C1CCC(OC2CCCO2)OC1
TOX22423,CC(=O)OC[C@H]1O[C@H](O[C@]2(COC(C)=O)O[C@H](COC(C)=O)[C@@H](OC(C)=O)[C@@H]2OC(C)=O)[C@H](OC(C)=O)[C@@H](OC(C)=O)[C@@H]1OC(C)=O,0,C1CCC(OC2CCCO2)OC1
TOX1288,OC[C@H]1O[C@H](O[C@]2(CO)O[C@H](CO)[C@@H](O)[C@@H]2O)[C@H](O)[C@@H](O)[C@@H]1O,0,C1CCC(OC2CCCO2)OC1
TOX20245,OC[C@H]1O[C@H](O[C@]2(CCl)O[C@H](CCl)[C@@H](O)[C@@H]2O)[C@H](O)[C@@H](O)[C@H]1Cl,0,C1CCC(OC2CCCO2)OC1
TOX20745,CCCc1c(OCCCOc2ccc(OCC(=O)O)cc2)ccc(C(C)=O)c1O,0,c1ccc(OCCCOc2ccccc2)cc1
TOX28600,N=C(N)c1ccc(OCCCOc2ccc(C(=N)N)cc2)cc1,0,c1ccc(OCCCOc2ccccc2)cc1
TOX26585,O=C(O)c1ccc(OCCCOc2ccc(C(=O)O)cc2)cc1,0,c1ccc(OCCCOc2ccccc2)cc1
TOX28980,N=C(N)c1ccc(OCCCOc2ccc(C(=N)N)cc2Br)c(Br)c1,0,c1ccc(OCCCOc2ccccc2)cc1
TOX25428,CCC[C@@H]1C[C@@H](C(=O)N[C@H]([C@H](C)Cl)[C@H]2O[C@H](SC)[C@H](O)[C@@H](O)[C@H]2O)N(C)C1,0,O=C(NCC1CCCCO1)C1CCCN1
TOX27780,CCC[C@@H]1C[C@@H](C(=O)N[C@H]([C@@H](C)O)[C@H]2O[C@H](SC)[C@H](O)[C@@H](O)[C@H]2O)N(C)C1,0,O=C(NCC1CCCCO1)C1CCCN1
TOX28660,CCCCCCCCCCCCCCCC(=O)O[C@@H]1[C@@H](O)[C@@H](O)[C@@H]([C@H](NC(=O)[C@@H]2C[C@@H](CCC)CN2C)[C@H](C)Cl)O[C@@H]1SC,0,O=C(NCC1CCCCO1)C1CCCN1
TOX28603,CCC[C@@H]1C[C@@H](C(=O)N[C@H]([C@H](C)Cl)[C@H]2O[C@H](SC)[C@H](OP(=O)(O)O)[C@@H](O)[C@H]2O)N(C)C1,0,O=C(NCC1CCCCO1)C1CCCN1
TOX17715,COC(OC)(C(=O)c1ccccc1)c1ccccc1,0,O=C(Cc1ccccc1)c1ccccc1
TOX24430,O=C(Cc1ccccc1)c1ccccc1,0,O=C(Cc1ccccc1)c1ccccc1
TOX144,O=C(c1ccccc1)C(O)c1ccccc1,0,O=C(Cc1ccccc1)c1ccccc1
TOX4580,CC(=O)OC(C(=O)c1ccccc1)c1ccccc1,0,O=C(Cc1ccccc1)c1ccccc1
TOX2897,C[C@H]1O[C@@H](O[C@H]2[C@@H](O)C[C@H](O[C@H]3CC[C@]4(C)[C@H]5C[C@@H](O)[C@]6(C)[C@@H](C7=CC(=O)OC7)CC[C@]6(O)[C@@H]5CC[C@@H]4C3)O[C@@H]2C)C[C@H](O)[C@@H]1O[C@H]1C[C@H](O)[C@H](O[C@@H]2O[C@H](CO)[C@@H](O)[C@H](O)[C@H]2O)[C@@H](C)O1,1,O=C1C=C(C2CCC3C2CCC2C4CCC(OC5CCC(OC6CCC(OC7CCC(OC8CCCCO8)CO7)CO6)CO5)CC4CCC23)CO1
TOX3198,CC(=O)O[C@H]1C[C@H](O[C@H]2[C@@H](O)C[C@H](O[C@H]3[C@@H](O)C[C@H](O[C@H]4CC[C@]5(C)[C@H]6C[C@@H](O)[C@]7(C)[C@@H](C8=CC(=O)OC8)CC[C@]7(O)[C@@H]6CC[C@@H]5C4)O[C@@H]3C)O[C@@H]2C)O[C@H](C)[C@H]1O[C@@H]1O[C@H](CO)[C@@H](O)[C@H](O)[C@H]1O,1,O=C1C=C(C2CCC3C2CCC2C4CCC(OC5CCC(OC6CCC(OC7CCC(OC8CCCCO8)CO7)CO6)CO5)CC4CCC23)CO1
TOX3196,CC(=O)O[C@H]1C[C@H](O[C@H]2[C@@H](O)C[C@H](O[C@H]3[C@@H](O)C[C@H](OC4CC[C@]5(C)[C@H]6CC[C@]7(C)[C@@H](C8=CC(=O)OC8)CC[C@]7(O)[C@@H]6CC[C@@H]5C4)O[C@@H]3C)O[C@@H]2C)O[C@H](C)[C@H]1O[C@@H]1O[C@H](CO)[C@@H](O)[C@H](O)[C@H]1O,1,O=C1C=C(C2CCC3C2CCC2C4CCC(OC5CCC(OC6CCC(OC7CCC(OC8CCCCO8)CO7)CO6)CO5)CC4CCC23)CO1
TOX3197,CC(=O)O[C@H]1C[C@H](O[C@H]2[C@@H](O)C[C@H](O[C@H]3[C@@H](O)C[C@H](OC4CC[C@@]5(C)C(CC[C@@H]6[C@@H]5CC[C@]5(C)[C@@H](C7=CC(=O)OC7)[C@@H](O)C[C@]65O)C4)O[C@@H]3C)O[C@@H]2C)O[C@H](C)[C@H]1O[C@@H]1O[C@H](CO)[C@@H](O)[C@H](O)[C@H]1O,1,O=C1C=C(C2CCC3C2CCC2C4CCC(OC5CCC(OC6CCC(OC7CCC(OC8CCCCO8)CO7)CO6)CO5)CC4CCC23)CO1
TOX6513,O=C1NC(=O)C2CC=CCC12,0,O=C1NC(=O)C2CC=CCC12
TOX243,O=C1C2CC=CCC2C(=O)N1SC(Cl)(Cl)Cl,1,O=C1NC(=O)C2CC=CCC12
TOX242,O=C1C2CC=CCC2C(=O)N1SC(Cl)(Cl)C(Cl)Cl,1,O=C1NC(=O)C2CC=CCC12
TOX21220,O=C1NC(=O)[C@@H]2CC=CC[C@H]12,0,O=C1NC(=O)C2CC=CCC12
TOX26201,C[C@H]1CN(c2c(F)c(F)c3c(=O)c(C(=O)O)cn(C4CC4)c3c2F)C[C@@H](C)N1,0,O=c1ccn(C2CC2)c2cc(N3CCNCC3)ccc12
TOX27768,O=C(O)c1cn(C2CC2)c2cc(N3CCNCC3)c(F)cc2c1=O,0,O=c1ccn(C2CC2)c2cc(N3CCNCC3)ccc12
TOX3590,C[C@H]1CN(c2c(F)c(N)c3c(=O)c(C(=O)O)cn(C4CC4)c3c2F)C[C@@H](C)N1,0,O=c1ccn(C2CC2)c2cc(N3CCNCC3)ccc12
TOX25704,COc1c(N2CCNC(C)C2)c(F)cc2c(=O)c(C(=O)O)cn(C3CC3)c12,0,O=c1ccn(C2CC2)c2cc(N3CCNCC3)ccc12
TOX7414,CC1(C)Cc2cccc(O)c2O1,0,c1ccc2c(c1)CCO2
TOX249,CNC(=O)Oc1cccc2c1OC(C)(C)C2,0,c1ccc2c(c1)CCO2
TOX14580,CCOC1Oc2ccc(OS(C)(=O)=O)cc2C1(C)C,0,c1ccc2c(c1)CCO2
TOX24715,CC1(C)Cc2cccc(N)c2O1,0,c1ccc2c(c1)CCO2
TOX26904,CCN(CC)CCO[C@H]1CC[C@@]2(C)C(=CC[C@H]3[C@@H]4CCC(=O)[C@@]4(C)CC[C@@H]32)C1,0,O=C1CCC2C1CCC1C3CCCCC3=CCC21
TOX380,CC(=O)O[C@H]1CC[C@@]2(C)C(=CC[C@H]3[C@@H]4CCC(=O)[C@@]4(C)CC[C@@H]32)C1,1,O=C1CCC2C1CCC1C3CCCCC3=CCC21
TOX25764,C[C@]12CC[C@H]3[C@@H](CC=C4C[C@@H](OS(=O)(=O)[O-])CC[C@@]43C)[C@@H]1CCC2=O,0,O=C1CCC2C1CCC1C3CCCCC3=CCC21
TOX379,C[C@]12CC[C@H]3[C@@H](CC=C4C[C@@H](O)CC[C@@]43C)[C@@H]1CCC2=O,0,O=C1CCC2C1CCC1C3CCCCC3=CCC21
TOX26200,COc1ccc(Cc2cnc(N)nc2N)cc1OC,0,c1ccc(Cc2cncnc2)cc1
TOX4108,CC(C)C(O)(c1ccc(OC(F)(F)F)cc1)c1cncnc1,0,c1ccc(Cc2cncnc2)cc1
TOX3712,COc1cc(Cc2cnc(N)nc2N)cc(OC)c1OC,0,c1ccc(Cc2cncnc2)cc1
TOX26689,COc1cc(C)c(Cc2cnc(N)nc2N)cc1OC,0,c1ccc(Cc2cncnc2)cc1
TOX3283,CC[C@@H](CO)NC(=O)[C@@H]1C=C2c3cccc4[nH]cc(c34)C[C@H]2N(C)C1,0,C1=C2c3cccc4[nH]cc(c34)CC2NCC1
TOX3307,CC[C@@H](CO)NC(=O)[C@@H]1C=C2c3cccc4c3c(cn4C)C[C@H]2N(C)C1,0,C1=C2c3cccc4[nH]cc(c34)CC2NCC1
TOX3231,CCN(CC)C(=O)[C@@H]1C=C2c3cccc4[nH]cc(c34)C[C@H]2N(C)C1,1,C1=C2c3cccc4[nH]cc(c34)CC2NCC1
TOX26320,CCN(CC)C(=O)N[C@@H]1C=C2c3cccc4[nH]cc(c34)C[C@@H]2N(C)C1,1,C1=C2c3cccc4[nH]cc(c34)CC2NCC1
TOX22618,Cc1cc(C)cc(C(=O)OC2C[C@@H]3CC[C@H](C2)N3C)c1,0,O=C(OC1CC2CCC(C1)N2)c1ccccc1
TOX26758,CN1[C@H]2CC[C@@H]1[C@@H](C(=O)O)[C@@H](OC(=O)c1ccccc1)C2,0,O=C(OC1CC2CCC(C1)N2)c1ccccc1
TOX28829,COC(=O)[C@H]1[C@@H](OC(=O)c2ccccc2)C[C@@H]2CC[C@H]1N2C,0,O=C(OC1CC2CCC(C1)N2)c1ccccc1
TOX26063,COC(=O)[C@H]1[C@H](OC(=O)c2ccccc2)C[C@@H]2CC[C@H]1N2C,0,O=C(OC1CC2CCC(C1)N2)c1ccccc1
TOX17262,CC(=O)[C@H]1[C@H](C#N)C[C@H]2[C@@H]3CC=C4C[C@@H](O)CC[C@]4(C)[C@H]3CC[C@@]21C,0,C1=C2CCCCC2C2CCC3CCCC3C2C1
TOX28868,CC(=O)O[C@H]1CC[C@@]2(C)C(=CC[C@H]3[C@@H]4CC[C@H](C(C)=O)[C@@]4(C)CC[C@@H]32)C1,0,C1=C2CCCCC2C2CCC3CCCC3C2C1
TOX16541,CC(=O)[C@H]1CC[C@H]2[C@@H]3CC=C4C[C@@H](O)CC[C@]4(C)[C@H]3CC[C@]12C,0,C1=C2CCCCC2C2CCC3CCCC3C2C1
TOX2609,C[C@]12CC[C@H]3[C@@H](CC=C4C[C@@H](O)CC[C@@]43C)[C@@H]1CC[C@@H]2O,0,C1=C2CCCCC2C2CCC3CCCC3C2C1
TOX830,COc1c2occc2cc2ccc(=O)oc12,0,O=c1ccc2cc3ccoc3cc2o1
TOX5560,COc1c2ccoc2cc2oc(=O)ccc12,0,O=c1ccc2cc3ccoc3cc2o1
TOX3716,Cc1cc2cc3c(C)cc(=O)oc3c(C)c2o1,0,O=c1ccc2cc3ccoc3cc2o1
TOX28663,CC(C)=CCOc1c2occc2cc2ccc(=O)oc12,0,O=c1ccc2cc3ccoc3cc2o1
TOX4287,CCc1cnc(C2=NC(C)(C(C)C)C(=O)N2)c(C(=O)O)c1,0,O=C1CN=C(c2ccccn2)N1
TOX14664,COCc1cnc(C2=NC(C)(C(C)C)C(=O)N2)c(C(=O)O)c1,0,O=C1CN=C(c2ccccn2)N1
TOX14665,CC(C)C1(C)N=C(c2ncccc2C(=O)O)NC1=O,0,O=C1CN=C(c2ccccn2)N1
TOX1283,C=C1C(C)(C)[C@@]2(Cl)C(Cl)[C@]1(Cl)C(Cl)(Cl)C2(Cl)Cl,1,C=C1CC2CCC1C2
TOX6488,C=C1C2CCC(C2)C1(C)C,0,C=C1CC2CCC1C2
TOX1368,C=C1C(CCl)(CCl)C2(Cl)C(Cl)C(Cl)C1(Cl)C2(Cl)Cl,1,C=C1CC2CCC1C2
TOX25662,C=CCN1C[C@H](C)N([C@H](c2ccc(C(=O)N(CC)CC)cc2)c2cccc(OC)c2)C[C@H]1C,0,c1ccc(C(c2ccccc2)N2CCNCC2)cc1
TOX27753,CN1CCN(C(c2ccccc2)c2ccccc2)CC1,0,c1ccc(C(c2ccccc2)N2CCNCC2)cc1
TOX24268,O=C(O)COCCN1CCN(C(c2ccccc2)c2ccc(Cl)cc2)CC1,0,c1ccc(C(c2ccccc2)N2CCNCC2)cc1
TOX4457,Nc1c2ccccc2nc2ccccc12,1,c1ccc2nc3ccccc3cc2c1
TOX1191,Nc1ccc2cc3ccc(N)cc3nc2c1,1,c1ccc2nc3ccccc3cc2c1
TOX26274,CC(O)C(=O)O.CCOc1ccc2nc3cc(N)ccc3c(N)c2c1,1,c1ccc2nc3ccccc3cc2c1
TOX3416,COc1ccnc(CS(=O)c2nc3cc(OC(F)F)ccc3[nH]2)c1OC,0,O=S(Cc1ccccn1)c1nc2ccccc2[nH]1
TOX3200,Cc1c(OCC(F)(F)F)ccnc1CS(=O)c1nc2ccccc2[nH]1,0,O=S(Cc1ccccn1)c1nc2ccccc2[nH]1
TOX1080,COc1ccc2[nH]c(S(=O)Cc3ncc(C)c(OC)c3C)nc2c1,0,O=S(Cc1ccccn1)c1nc2ccccc2[nH]1
TOX24536,CC(=O)c1cc(C(C)(C)C)cc2c1CCC2(C)C,1,c1ccc2c(c1)CCC2
TOX21774,Oc1ccc(Cl)c2c1CCC2,1,c1ccc2c(c1)CCC2
TOX27826,C#CCN[C@@H]1CCc2ccccc21,0,c1ccc2c(c1)CCC2
TOX3742,CC(=O)CC(c1ccccc1)c1c(O)c2ccccc2oc1=O,1,O=c1oc2ccccc2cc1Cc1ccccc1
TOX2541,CC(=O)CC(c1ccc([N+](=O)[O-])cc1)c1c(O)c2ccccc2oc1=O,1,O=c1oc2ccccc2cc1Cc1ccccc1
TOX22324,CC(=O)CC(c1ccccc1)c1c([O-])c2ccccc2oc1=O,1,O=c1oc2ccccc2cc1Cc1ccccc1
TOX6789,CC1COC(=O)O1,0,O=C1OCCO1
TOX20342,CCC1COC(=O)O1,0,O=C1OCCO1
TOX6600,O=C1OCCO1,0,O=C1OCCO1
TOX1135,Oc1ccc2ccccc2c1/N=N/c1ccccc1,1,c1ccc(N=Nc2cccc3ccccc23)cc1
TOX1231,Cc1cc(C)c(/N=N/c2c(O)c(S(=O)(=O)[O-])cc3cc(S(=O)(=O)[O-])ccc23)cc1C,0,c1ccc(N=Nc2cccc3ccccc23)cc1
TOX24713,Nc1ccc2cc(S(=O)(=O)[O-])cc(O)c2c1/N=N/c1ccccc1C(F)(F)F,0,c1ccc(N=Nc2cccc3ccccc23)cc1
TOX6068,Nc1ccc(S(=O)(=O)Nc2nccs2)cc1,0,O=S(=O)(Nc1nccs1)c1ccccc1
TOX25281,O=C(O)CCC(=O)Nc1ccc(S(=O)(=O)Nc2nccs2)cc1,0,O=S(=O)(Nc1nccs1)c1ccccc1
TOX26116,O=C(O)C=CC(=O)Nc1ccc(S(=O)(=O)Nc2nccs2)cc1,0,O=S(=O)(Nc1nccs1)c1ccccc1
TOX2829,CC[C@H]1OC(=O)[C@H](C)[C@@H](O[C@H]2C[C@@](C)(OC)[C@@H](O)[C@H](C)O2)C(C)[C@@H](O[C@@H]2O[C@H](C)C[C@H](N(C)C)[C@H]2O)[C@](C)(OC)C[C@@H](C)C(=O)[C@H](C)[C@@H](O)[C@]1(C)O,0,O=C1CCCCOC(=O)CC(OC2CCCCO2)CC(OC2CCCCO2)CCC1
TOX2993,CCOC(=O)CCC(=O)O[C@H]1[C@H](O[C@@H]2[C@@H](C)[C@H](O[C@H]3C[C@@](C)(OC)[C@@H](O)[C@H](C)O3)[C@@H](C)C(=O)O[C@H](CC)[C@@](C)(O)[C@H](O)[C@@H](C)C(=O)[C@H](C)C[C@@]2(C)O)O[C@H](C)C[C@@H]1N(C)C,0,O=C1CCCCOC(=O)CC(OC2CCCCO2)CC(OC2CCCCO2)CCC1
TOX2991,CC[C@H]1OC(=O)[C@H](C)[C@@H](O[C@H]2C[C@@](C)(OC)[C@@H](O)[C@H](C)O2)[C@H](C)[C@@H](O[C@@H]2O[C@H](C)C[C@H](N(C)C)[C@H]2O)[C@](C)(O)C[C@@H](C)C(=O)[C@H](C)[C@@H](O)[C@]1(C)O,0,O=C1CCCCOC(=O)CC(OC2CCCCO2)CC(OC2CCCCO2)CCC1
TOX5023,C1=CC2C3C=CC(C3)C2C1,0,C1=CC2C3C=CC(C3)C2C1
TOX679,ClC1=C(Cl)C2(Cl)C3C(Cl)C=CC3C1(Cl)C2(Cl)Cl,1,C1=CC2C3C=CC(C3)C2C1
TOX7902,CC1=CC2C3CC(C=C3C)C2C1,0,C1=CC2C3C=CC(C3)C2C1
TOX29066,O=CC=C(c1ccccc1)c1ccccc1,1,C=C(c1ccccc1)c1ccccc1
TOX2485,Oc1ccc(C(=C(Cl)Cl)c2ccc(O)cc2)cc1,1,C=C(c1ccccc1)c1ccccc1
TOX374,ClC(Cl)=C(c1ccc(Cl)cc1)c1ccc(Cl)cc1,1,C=C(c1ccccc1)c1ccccc1
TOX3294,CO[C@H]1[C@@H](O)C[C@H](O[C@H]2[C@@H](O)C[C@H](O[C@H]3[C@@H](O)C[C@H](O[C@H]4CC[C@]5(C)[C@H]6C[C@@H](O)[C@]7(C)[C@@H](C8=CC(=O)OC8)CC[C@]7(O)[C@@H]6CC[C@@H]5C4)O[C@@H]3C)O[C@@H]2C)O[C@@H]1C,1,O=C1C=C(C2CCC3C2CCC2C4CCC(OC5CCC(OC6CCC(OC7CCCCO7)CO6)CO5)CC4CCC23)CO1
TOX2933,C[C@H]1O[C@@H](O[C@H]2[C@@H](O)C[C@H](O[C@H]3[C@@H](O)C[C@H](O[C@H]4CC[C@]5(C)[C@H]6CC[C@]7(C)[C@@H](C8=CC(=O)OC8)CC[C@]7(O)[C@@H]6CC[C@@H]5C4)O[C@@H]3C)O[C@@H]2C)C[C@H](O)[C@@H]1O,1,O=C1C=C(C2CCC3C2CCC2C4CCC(OC5CCC(OC6CCC(OC7CCCCO7)CO6)CO5)CC4CCC23)CO1
TOX2934,C[C@H]1O[C@@H](O[C@H]2[C@@H](O)C[C@H](O[C@H]3[C@@H](O)C[C@H](O[C@H]4CC[C@]5(C)[C@H]6C[C@@H](O)[C@]7(C)[C@@H](C8=CC(=O)OC8)CC[C@]7(O)[C@@H]6CC[C@@H]5C4)O[C@@H]3C)O[C@@H]2C)C[C@H](O)[C@@H]1O,1,O=C1C=C(C2CCC3C2CCC2C4CCC(OC5CCC(OC6CCC(OC7CCCCO7)CO6)CO5)CC4CCC23)CO1
TOX30037,COc1ccccc1N1CCNCC1,0,c1ccc(N2CCNCC2)cc1
TOX25624,OCC(O)CN1CCN(c2ccccc2)CC1,0,c1ccc(N2CCNCC2)cc1
TOX25138,Clc1cccc(N2CCNCC2)c1,0,c1ccc(N2CCNCC2)cc1
TOX26628,CCOc1ccccc1OCCN[C@H](C)Cc1ccc(OC)c(S(N)(=O)=O)c1,1,c1ccc(CCNCCOc2ccccc2)cc1
TOX25328,CC(COc1ccccc1)NC(C)C(O)c1ccc(O)cc1,0,c1ccc(CCNCCOc2ccccc2)cc1
TOX28968,O=C(O)Cc1ccc(OCCNC[C@H](O)c2ccccc2)cc1,0,c1ccc(CCNCCOc2ccccc2)cc1
TOX25103,C[N+]1(C)[C@H]2CC[C@@H]1C[C@H](OC(=O)C(CO)c1ccccc1)C2,0,O=C(Cc1ccccc1)OC1CC2CCC(C1)[NH2+]2
TOX25384,C[N+]1([O-])[C@H]2CC[C@@H]1C[C@H](OC(=O)C(CO)c1ccccc1)C2,0,O=C(Cc1ccccc1)OC1CC2CCC(C1)[NH2+]2
TOX25772,CC(C)[N+]1(C)C2CCC1CC(OC(=O)C(CO)c1ccccc1)C2,0,O=C(Cc1ccccc1)OC1CC2CCC(C1)[NH2+]2
TOX27243,CC1(C)[C@@H](O[C@H]2O[C@H](C(=O)O)[C@@H](O)[C@H](O)[C@H]2O[C@@H]2O[C@H](C(=O)[O-])[C@@H](O)[C@H](O)[C@H]2O)CC[C@@]2(C)[C@H]1CC[C@]1(C)[C@@H]2C(=O)C=C2[C@@H]3C[C@@](C)(C(=O)O)CC[C@]3(C)CC[C@]21C,0,O=C1C=C2C3CCCCC3CCC2C2CCC3CC(OC4OCCCC4OC4CCCCO4)CCC3C12
TOX27006,CC1(C)[C@@H](O[C@H]2O[C@H](C(=O)O)[C@@H](O)[C@H](O)[C@H]2O[C@@H]2O[C@H](C(=O)O)[C@@H](O)[C@H](O)[C@H]2O)CC[C@@]2(C)[C@H]1CC[C@]1(C)[C@@H]2C(=O)C=C2[C@@H]3C[C@@](C)(C(=O)O)CC[C@]3(C)CC[C@]21C,0,O=C1C=C2C3CCCCC3CCC2C2CCC3CC(OC4OCCCC4OC4CCCCO4)CCC3C12
TOX28951,CC1(C)C2CC[C@]3(C)[C@H](C(=O)C=C4[C@@H]5C[C@@](C)(C(=O)O)CC[C@]5(C)CC[C@]43C)[C@@]2(C)CC[C@@H]1O[C@H]1O[C@H](C(=O)[O-])[C@@H](O)[C@H](O)[C@H]1O[C@@H]1O[C@H](C(=O)O)[C@@H](O)[C@H](O)[C@H]1O,0,O=C1C=C2C3CCCCC3CCC2C2CCC3CC(OC4OCCCC4OC4CCCCO4)CCC3C12
TOX27444,Cc1ccc2c(c1)CCCN2,0,c1ccc2c(c1)CCCN2
TOX22365,CCOc1ccc2c(c1)C(C)CC(C)(C)N2,0,c1ccc2c(c1)CCCN2
TOX3398,CC(C)NCC1CCc2cc(CO)c([N+](=O)[O-])cc2N1,0,c1ccc2c(c1)CCCN2
TOX25101,C[N+]1([O-])[C@H]2C[C@H](OC(=O)[C@H](CO)c3ccccc3)C[C@@H]1[C@H]1O[C@@H]21,0,O=C(Cc1ccccc1)OC1CC2[NH2+]C(C1)C1OC21
TOX20608,C[N+]1(C)[C@H]2C[C@H](OC(=O)[C@H](CO)c3ccccc3)C[C@@H]1[C@H]1O[C@@H]21,0,O=C(Cc1ccccc1)OC1CC2[NH2+]C(C1)C1OC21
TOX2718,CCCC[N+]1(C)[C@H]2C[C@H](OC(=O)[C@H](CO)c3ccccc3)C[C@@H]1[C@H]1O[C@@H]21,0,O=C(Cc1ccccc1)OC1CC2[NH2+]C(C1)C1OC21
TOX7527,BrC1CCC(Br)C(Br)CCC(Br)C(Br)CCC1Br,1,C1CCCCCCCCCCC1
TOX1552,C1CCCCCCCCCCC1,0,C1CCCCCCCCCCC1
TOX7429,OC1CCCCCCCCCCC1,1,C1CCCCCCCCCCC1
TOX421,Cl[C@H]1OCCO[C@@H]1Cl,0,C1COCCO1
TOX533,C1COCCO1,0,C1COCCO1
TOX18824,OC1OCCOC1O,0,C1COCCO1
TOX26846,COC(=O)[C@H]1[C@H]2C[C@@H]3c4[nH]c5cc(OC)ccc5c4CCN3C[C@H]2C[C@H](OC)[C@@H]1OC,0,c1ccc2c3c([nH]c2c1)C1CC2CCCCC2CN1CC3
TOX20130,COC(=O)[C@H]1[C@@H](O)CC[C@H]2CN3CCc4c([nH]c5ccccc45)[C@@H]3C[C@@H]21,0,c1ccc2c3c([nH]c2c1)C1CC2CCCCC2CN1CC3
TOX25608,COC(=O)[C@@H]1[C@@H](O)CC[C@@H]2CN3CCc4c([nH]c5ccccc45)[C@@H]3C[C@@H]21,0,c1ccc2c3c([nH]c2c1)C1CC2CCCCC2CN1CC3
TOX9290,CC1=CC[C@H]2C[C@@H]1C2(C)C,0,C1=CC2CC(C1)C2
TOX21671,CC1=CC[C@@H]2C[C@H]1C2(C)C,0,C1=CC2CC(C1)C2
TOX6501,CC1=CCC2CC1C2(C)C,0,C1=CC2CC(C1)C2
TOX3701,CC[N+](CC)(CC)CCC(O)(c1ccccc1)C1CCCCC1,0,c1ccc(CC2CCCCC2)cc1
TOX3737,COc1ccc(C(CN(C)C)C2(O)CCCCC2)cc1,0,c1ccc(CC2CCCCC2)cc1
TOX25632,CC[N+](C)(CC)CCOC(=O)C(O)(c1ccccc1)C1CCCCC1,0,c1ccc(CC2CCCCC2)cc1
TOX26185,COc1ccc(/C=N\NC(=O)c2ccncc2)c(C(=O)O)c1OC,0,O=C(NN=Cc1ccccc1)c1ccncc1
TOX25002,COc1ccc(/C=N/NC(=O)c2ccncc2)cc1OC,0,O=C(NN=Cc1ccccc1)c1ccncc1
TOX26292,O=C(O)COc1ccccc1/C=N/NC(=O)c1ccncc1,0,O=C(NN=Cc1ccccc1)c1ccncc1
TOX4316,CNC(=O)N(C)c1nnc(C(C)(C)C)s1,0,c1nncs1
TOX2544,CC(=O)Nc1nnc(S(N)(=O)=O)s1,0,c1nncs1
TOX20115,Sc1nnc(S)s1,0,c1nncs1
TOX7522,CC(C)(C)CC(C)(C)c1ccc(O)c(-n2nc3ccccc3n2)c1,1,c1ccc(-n2nc3ccccc3n2)cc1
TOX7886,CCC(C)(C)c1cc(-n2nc3ccccc3n2)c(O)c(C(C)(C)CC)c1,0,c1ccc(-n2nc3ccccc3n2)cc1
TOX16438,Cc1cc(-n2nc3ccc(Cl)cc3n2)c(O)c(C(C)(C)C)c1,0,c1ccc(-n2nc3ccccc3n2)cc1
TOX26196,O[C@H]1CO[C@@H]2[C@H](O)CO[C@H]12,0,C1CC2OCCC2O1
TOX25832,O=[N+]([O-])O[C@H]1CO[C@H]2[C@@H]1OC[C@H]2O[N+](=O)[O-],0,C1CC2OCCC2O1
TOX3176,O=[N+]([O-])O[C@@H]1CO[C@@H]2[C@@H](O)CO[C@H]12,0,C1CC2OCCC2O1
TOX29357,CC1=C(C=O)C(C)(C)CC=C1,0,C1=CCCC=C1
TOX27593,CC1=CCC(C(C)C)C=C1,0,C1=CCCC=C1
TOX27053,CC1=CC[C@H](C(C)C)C=C1,0,C1=CCCC=C1
TOX28849,CC(C)=CCN1CC[C@]2(C)c3cc(O)ccc3C[C@H]1[C@H]2C.O=C(O)CCC(=O)O,0,c1ccc2c(c1)CC1CC2CCN1
TOX28837,C[C@@H]1[C@H]2Cc3ccc(O)cc3[C@]1(C)CCN2C,0,c1ccc2c(c1)CC1CC2CCN1
TOX28850,CC(C)=CCN1CC[C@@]2(C)c3cc(O)ccc3C[C@@H]1[C@@H]2C.O=C(O)CCC(=O)O,0,c1ccc2c(c1)CC1CC2CCN1
TOX5886,CCOC(=O)C1OC1c1ccccc1,0,c1ccc(C2CO2)cc1
TOX1286,c1ccc(C2CO2)cc1,0,c1ccc(C2CO2)cc1
TOX591,CCOC(=O)C1OC1(C)c1ccccc1,0,c1ccc(C2CO2)cc1
TOX1296,CCCCC1(COC(=O)CCC(=O)O)C(=O)N(c2ccccc2)N(c2ccccc2)C1=O,0,O=C1CC(=O)N(c2ccccc2)N1c1ccccc1
TOX25291,CCCCC1C(=O)N(c2ccccc2)N(c2ccc(O)cc2)C1=O,0,O=C1CC(=O)N(c2ccccc2)N1c1ccccc1
TOX1136,CCCCC1C(=O)N(c2ccccc2)N(c2ccccc2)C1=O,1,O=C1CC(=O)N(c2ccccc2)N1c1ccccc1
TOX5654,Cc1ccc2ccc3cccc4ccc1c2c34,1,c1cc2ccc3cccc4ccc(c1)c2c34
TOX983,O=[N+]([O-])c1ccc2ccc3cccc4ccc1c2c34,1,c1cc2ccc3cccc4ccc(c1)c2c34
TOX18298,Oc1ccc2ccc3cccc4ccc1c2c34,1,c1cc2ccc3cccc4ccc(c1)c2c34
TOX14872,Nc1cnn(-c2ccccc2)c(=O)c1Cl,0,O=c1cccnn1-c1ccccc1
TOX4234,CNc1cnn(-c2cccc(C(F)(F)F)c2)c(=O)c1Cl,0,O=c1cccnn1-c1ccccc1
TOX14618,CCOC(=O)COc1cc(-n2ncc(C(F)(F)F)c(C)c2=O)c(F)cc1Cl,0,O=c1cccnn1-c1ccccc1
TOX21446,OC1CCCCC1c1ccccc1,0,c1ccc(C2CCCCC2)cc1
TOX3691,COc1cccc([C@@]2(O)CCCC[C@@H]2CN(C)C)c1,0,c1ccc(C2CCCCC2)cc1
TOX4064,O=[N+]([O-])c1cc(C2CCCCC2)c(O)c([N+](=O)[O-])c1,1,c1ccc(C2CCCCC2)cc1
TOX26768,O=C1C(I)=CC(=C(c2cc(I)c([O-])c(I)c2)c2ccccc2C(=O)[O-])C=C1I,1,O=C1C=CC(=C(c2ccccc2)c2ccccc2)C=C1
TOX28266,O=C1C(I)=CC(=C(c2cc(I)c(O)c(I)c2)c2ccccc2C(=O)O)C=C1I,1,O=C1C=CC(=C(c2ccccc2)c2ccccc2)C=C1
TOX24520,CCOC(=O)c1ccccc1C(=C1C=C(Br)C(=O)C(Br)=C1)c1cc(Br)c(O)c(Br)c1,1,O=C1C=CC(=C(c2ccccc2)c2ccccc2)C=C1
TOX2381,CC[C@H](c1ccc(O)cc1)[C@@H](CC)c1ccc(O)cc1,1,c1ccc(CCc2ccccc2)cc1
TOX21668,c1ccc(CCc2ccccc2)cc1,0,c1ccc(CCc2ccccc2)cc1
TOX26131,O=C(O)C(Cc1cc(I)c(O)c(I)c1)c1ccccc1,0,c1ccc(CCc2ccccc2)cc1
TOX4866,CN(C)c1ccc(C2(c3ccc(N(C)C)cc3)OC(=O)c3cc(N(C)C)ccc32)cc1,1,O=C1OC(c2ccccc2)(c2ccccc2)c2ccccc21
TOX3621,O=C1OC(c2ccc(O)c(S(=O)(=O)[O-])c2)(c2ccc(O)c(S(=O)(=O)[O-])c2)c2c(Br)c(Br)c(Br)c(Br)c21,0,O=C1OC(c2ccccc2)(c2ccccc2)c2ccccc21
TOX1125,O=C1OC(c2ccc(O)cc2)(c2ccc(O)cc2)c2ccccc21,1,O=C1OC(c2ccccc2)(c2ccccc2)c2ccccc21
TOX26262,Cc1ncc(C[n+]2csc(CCOP(=O)(O)OP(=O)(O)O)c2C)c(N)n1,0,c1ncc(C[n+]2ccsc2)cn1
TOX18762,Cc1ncc(C[n+]2csc(CCO)c2C)c(N)n1,0,c1ncc(C[n+]2ccsc2)cn1
TOX26397,Cc1ncc(C[n+]2csc(CCOP(=O)(O)O)c2C)c(N)n1,0,c1ncc(C[n+]2ccsc2)cn1
TOX26471,CC(CCc1ccc(O)cc1)NCC(O)c1ccc(O)cc1,0,c1ccc(CCCNCCc2ccccc2)cc1
TOX3387,CC(CCc1ccccc1)NC(C)C(O)c1ccc(O)cc1,0,c1ccc(CCCNCCc2ccccc2)cc1
TOX24654,CC(CCc1ccccc1)NCC(O)c1ccc(O)c(C(N)=O)c1,0,c1ccc(CCCNCCc2ccccc2)cc1
TOX28901,C[C@H](N[C@H](CCc1ccccc1)C(=O)O)C(=O)N1CCC[C@H]1C(=O)O,0,O=C(CNCCCc1ccccc1)N1CCCC1
TOX25600,NCCCC[C@H](N[C@@H](CCc1ccccc1)C(=O)O)C(=O)N1CCC[C@H]1C(=O)O,0,O=C(CNCCCc1ccccc1)N1CCCC1
TOX2982,CCOC(=O)[C@H](CCc1ccccc1)N[C@@H](C)C(=O)N1CCC[C@H]1C(=O)O,0,O=C(CNCCCc1ccccc1)N1CCCC1
TOX27701,Cc1occc(=O)c1OC(=O)C(C)C,0,O=c1ccocc1
TOX20236,O=c1cc(CO)occ1O,0,O=c1ccocc1
TOX5523,Cc1occc(=O)c1O,0,O=c1ccocc1
TOX25809,CCN(CC)C(=O)N[C@H]1C[C@@H]2c3cccc4[nH]cc(c34)C[C@H]2N(C)C1,0,c1cc2c3c(c[nH]c3c1)CC1NCCCC21
TOX20583,CCCN1C[C@H](CSC)C[C@@H]2c3cccc4[nH]cc(c34)C[C@H]21,0,c1cc2c3c(c[nH]c3c1)CC1NCCCC21
TOX26324,CN1C[C@@H](NS(=O)(=O)N(C)C)C[C@@H]2c3cccc4c3c(cn4C)C[C@H]21,0,c1cc2c3c(c[nH]c3c1)CC1NCCCC21
TOX3611,COc1ccc(NS(=O)(=O)c2ccc(N)cc2)nn1,0,O=S(=O)(Nc1cccnn1)c1ccccc1
TOX25265,Nc1ccc(S(=O)(=O)Nc2ccc(Cl)nn2)cc1,0,O=S(=O)(Nc1cccnn1)c1ccccc1
TOX28622,CCOc1ccc(NS(=O)(=O)c2ccc(N)cc2)nn1,0,O=S(=O)(Nc1cccnn1)c1ccccc1
TOX28552,CCCCOC(=O)C(=O)Nc1cccc(-c2nnn[nH]2)c1,0,c1ccc(-c2nnn[nH]2)cc1
TOX24858,c1ccc(-c2nnn[nH]2)cc1,0,c1ccc(-c2nnn[nH]2)cc1
TOX28658,O=C(O)C(=O)Nc1cccc(-c2nnn[nH]2)c1,0,c1ccc(-c2nnn[nH]2)cc1
TOX25800,COc1ccc(CCNC[C@H](O)c2ccc(O)cc2)cc1OC,0,c1ccc(CCNCCc2ccccc2)cc1
TOX25438,C[C@H](NCCc1ccc(O)cc1)[C@H](O)c1ccc(O)cc1,0,c1ccc(CCNCCc2ccccc2)cc1
TOX25419,CC(Cc1ccc(O)cc1)NCC(O)c1cc(O)cc(O)c1,0,c1ccc(CCNCCc2ccccc2)cc1
TOX1391,Cc1ccc(OP(=O)(Oc2ccc(C)cc2)Oc2ccc(C)cc2)cc1,1,O=P(Oc1ccccc1)(Oc1ccccc1)Oc1ccccc1
TOX4861,Cc1ccc(OP(=O)(Oc2ccccc2)Oc2ccccc2)cc1,1,O=P(Oc1ccccc1)(Oc1ccccc1)Oc1ccccc1
TOX1952,O=P(Oc1ccccc1)(Oc1ccccc1)Oc1ccccc1,1,O=P(Oc1ccccc1)(Oc1ccccc1)Oc1ccccc1
TOX6879,C1CCCNCC1,0,C1CCCNCC1
TOX1040,O=NN1CCCCCC1,0,C1CCCNCC1
TOX4206,CCSC(=O)N1CCCCCC1,0,C1CCCNCC1
TOX2577,Cc1nnc2n1-c1ccc(Cl)cc1C(c1ccccc1)=NC2,0,c1ccc(C2=NCc3nncn3-c3ccccc32)cc1
TOX572,Clc1ccc2c(c1)C(c1ccccc1)=NCc1nncn1-2,0,c1ccc(C2=NCc3nncn3-c3ccccc32)cc1
TOX26763,Cc1nnc2n1-c1ccc(Cl)cc1C(c1ccccc1Cl)=NC2,0,c1ccc(C2=NCc3nncn3-c3ccccc32)cc1
TOX23938,O=C(O)c1ccccc1C(=O)OCc1ccccc1,0,O=C(OCc1ccccc1)c1ccccc1
TOX205,CCCCOC(=O)c1ccccc1C(=O)OCc1ccccc1,0,O=C(OCc1ccccc1)c1ccccc1
TOX9153,O=C(OCc1ccccc1)c1ccccc1,0,O=C(OCc1ccccc1)c1ccccc1
TOX760,O=P1(NCCCl)OCCCN1CCCl,0,O=[PH]1NCCCO1
TOX28984,O=P1(N(CCCl)CCCl)NC(OO)CCO1,0,O=[PH]1NCCCO1
TOX4888,O=P1(N(CCCl)CCCl)NCCCO1,0,O=[PH]1NCCCO1
TOX24412,CC1CN(c2ccccc2)NC1=O,0,O=C1CCN(c2ccccc2)N1
TOX29393,O=C1CCN(c2ccccc2)N1,0,O=C1CCN(c2ccccc2)N1
TOX24794,CC1(CO)CN(c2ccccc2)NC1=O,0,O=C1CCN(c2ccccc2)N1
TOX21032,Nc1nc2c(ncn2COC(CO)CO)c(=O)[nH]1,0,O=c1[nH]cnc2[nH]cnc12
TOX24210,CC(C)[C@H](N)C(=O)OCCOCn1cnc2c(=O)[nH]c(N)nc21,0,O=c1[nH]cnc2[nH]cnc12
TOX2556,Nc1nc2c(ncn2COCCO)c(=O)[nH]1,0,O=c1[nH]cnc2[nH]cnc12
TOX25527,CCn1cc(C(=O)O)c(=O)c2cc(F)c(N3CCNC(C)C3)c(F)c21,0,O=c1cc[nH]c2cc(N3CCNCC3)ccc12
TOX26714,CN1CCN(c2c(F)cc3c(=O)c(C(=O)O)cn(CCF)c3c2F)CC1,0,O=c1cc[nH]c2cc(N3CCNCC3)ccc12
TOX17680,CCn1cc(C(=O)O)c(=O)c2cc(F)c(N3CCNCC3)cc21,0,O=c1cc[nH]c2cc(N3CCNCC3)ccc12
TOX20691,Cc1cc(C(C)(C)C)c(O)c(C)c1CC1=NCCN1,0,c1ccc(CC2=NCCN2)cc1
TOX1718,c1ccc(CC2=NCCN2)cc1,0,c1ccc(CC2=NCCN2)cc1
TOX25223,Cc1cc(C(C)(C)C)cc(C)c1CC1=NCCN1,0,c1ccc(CC2=NCCN2)cc1
TOX25883,CN(C)CCCO[C@H]1[C@@H](C(O)CO)O[C@@H]2OC(C)(C)O[C@H]12,0,C1CC2OCOC2O1
TOX26575,OC[C@@H](O)[C@H]1O[C@@H]2O[C@@H](C(Cl)(Cl)Cl)O[C@@H]2[C@H]1O,0,C1CC2OCOC2O1
TOX88,OC[C@@H](O)[C@H]1O[C@@H]2O[C@H](C(Cl)(Cl)Cl)O[C@@H]2[C@H]1O,0,C1CC2OCOC2O1
TOX4921,NC1CCC(CC2CCC(N)CC2)CC1,0,C1CCC(CC2CCCCC2)CC1
TOX9670,CC1CC(CC2CCC(N)C(C)C2)CCC1N,0,C1CCC(CC2CCCCC2)CC1
TOX7588,O=C=NC1CCC(CC2CCC(N=C=O)CC2)CC1,0,C1CCC(CC2CCCCC2)CC1
TOX3187,CNC1(c2ccccc2Cl)CCCCC1=O,0,O=C1CCCCC1c1ccccc1
TOX28673,CN[C@@]1(c2ccccc2Cl)CCCCC1=O,0,O=C1CCCCC1c1ccccc1
TOX27787,CN[C@]1(c2ccccc2Cl)CCCCC1=O,0,O=C1CCCCC1c1ccccc1
TOX27090,Cc1cccc2nccnc12,0,c1ccc2nccnc2c1
TOX4291,CCOP(=S)(OCC)Oc1cnc2ccccc2n1,0,c1ccc2nccnc2c1
TOX29392,c1ccc2nccnc2c1,0,c1ccc2nccnc2c1
TOX3980,COc1nc(C)nc(NC(=O)NS(=O)(=O)c2ccccc2Cl)n1,0,O=C(Nc1ncncn1)NS(=O)(=O)c1ccccc1
TOX4101,COC(=O)c1ccccc1S(=O)(=O)NC(=O)N(C)c1nc(C)nc(OC)n1,0,O=C(Nc1ncncn1)NS(=O)(=O)c1ccccc1
TOX4345,COc1nc(C)nc(NC(=O)NS(=O)(=O)c2ccccc2OCCCl)n1,0,O=C(Nc1ncncn1)NS(=O)(=O)c1ccccc1
TOX28575,COC(=O)C1=C(C)NC(C)=C(C(=O)OCC(C)=O)C1c1ccccc1[N+](=O)[O-],1,C1=CC(c2ccccc2)C=CN1
TOX3373,CCOC(=O)C1=C(C)NC(C)=C(C(=O)OC)C1c1cccc([N+](=O)[O-])c1,1,C1=CC(c2ccccc2)C=CN1
TOX5715,COC(=O)C1=C(C)NC(C)=C(C(=O)OC)C1c1ccccc1[N+](=O)[O-],0,C1=CC(c2ccccc2)C=CN1
TOX76,Nc1nc[nH]n1,0,c1nc[nH]n1
TOX7131,c1nc[nH]n1,0,c1nc[nH]n1
TOX14676,CCOP(=S)(OCC)Oc1nc(Cl)n(C(C)C)n1,0,c1nc[nH]n1
TOX3103,CC(C)(C)c1nnc(NS(=O)(=O)c2ccccc2)s1,1,O=S(=O)(Nc1nncs1)c1ccccc1
TOX3615,Cc1nnc(NS(=O)(=O)c2ccc(N)cc2)s1,0,O=S(=O)(Nc1nncs1)c1ccccc1
TOX26276,COc1ccc(S(=O)(=O)Nc2nnc(CC(C)C)s2)cc1,0,O=S(=O)(Nc1nncs1)c1ccccc1
TOX1478,C#C[C@@]1(O)CC[C@H]2[C@@H]3CCC4=CCCC[C@@H]4[C@H]3CC[C@@]21C,1,C1=C2CCC3C4CCCC4CCC3C2CCC1
TOX614,C#C[C@]1(OC(C)=O)CC[C@H]2[C@@H]3CCC4=C[C@@H](OC(C)=O)CC[C@@H]4[C@H]3CC[C@@]21C,1,C1=C2CCC3C4CCCC4CCC3C2CCC1
TOX2574,C=CC[C@]1(O)CC[C@H]2[C@@H]3CCC4=CCCC[C@@H]4[C@H]3CC[C@@]21C,1,C1=C2CCC3C4CCCC4CCC3C2CCC1
TOX5930,CC(C)(C)C(=O)C1C(=O)c2ccccc2C1=O,1,O=C1CC(=O)c2ccccc21
TOX22509,CC(C)CC(=O)C1C(=O)c2ccccc2C1=O,1,O=C1CC(=O)c2ccccc21
TOX5716,O=C1c2ccccc2C(=O)C1(O)O,1,O=C1CC(=O)c2ccccc21
TOX25710,CCC1(c2ccccc2)C(=O)N(COC)C(=O)N(COC)C1=O,0,O=C1NC(=O)C(c2ccccc2)C(=O)N1
TOX1122,CCC1(c2ccccc2)C(=O)NC(=O)NC1=O,0,O=C1NC(=O)C(c2ccccc2)C(=O)N1
TOX3258,CCC1(c2ccccc2)C(=O)NC(=O)N(C)C1=O,0,O=C1NC(=O)C(c2ccccc2)C(=O)N1
TOX26644,O=C([O-])COc1nn(Cc2ccccc2)c2ccccc12,0,c1ccc(Cn2ncc3ccccc32)cc1
TOX25293,CN(C)CCCOc1nn(Cc2ccccc2)c2ccccc12,0,c1ccc(Cn2ncc3ccccc32)cc1
TOX782,O=C(O)c1nn(Cc2ccc(Cl)cc2Cl)c2ccccc12,0,c1ccc(Cn2ncc3ccccc32)cc1
TOX17712,CC(c1ccc(O)cc1)(c1ccc(O)cc1)c1ccc(O)cc1,1,c1ccc(C(c2ccccc2)c2ccccc2)cc1
TOX11531,CN(C)c1ccc(C(c2ccccc2)c2ccc(N(C)C)cc2)cc1,1,c1ccc(C(c2ccccc2)c2ccccc2)cc1
TOX2439,O=C(O)c1ccccc1C(c1ccc(O)cc1)c1ccc(O)cc1,0,c1ccc(C(c2ccccc2)c2ccccc2)cc1
TOX717,Oc1ccc(OCc2ccccc2)cc1,1,c1ccc(COc2ccccc2)cc1
TOX25175,CNCCC(Oc1ccccc1OC)c1ccccc1,0,c1ccc(COc2ccccc2)cc1
TOX24266,CNCC[C@@H](Oc1ccccc1C)c1ccccc1,0,c1ccc(COc2ccccc2)cc1
TOX12416,CSc1nc(NC2CC2)nc(NC(C)(C)C)n1,1,c1ncnc(NC2CC2)n1
TOX14844,CC(C)(C#N)Nc1nc(Cl)nc(NC2CC2)n1,0,c1ncnc(NC2CC2)n1
TOX3999,Nc1nc(N)nc(NC2CC2)n1,0,c1ncnc(NC2CC2)n1
TOX29320,CCCN1C=CN(C)C1,0,C1=CNCN1
TOX29340,CCN1C=CN(C)C1C,0,C1=CNCN1
TOX29321,CCCCN1C=CN(C)C1,0,C1=CNCN1
TOX4315,CCCCC(C#N)(Cn1cncn1)c1ccc(Cl)cc1,0,c1ccc(CCn2cncn2)cc1
TOX14653,CCCCC(O)(Cn1cncn1)c1ccc(Cl)cc1Cl,1,c1ccc(CCn2cncn2)cc1
TOX4242,CC(C)(C)C(O)C(Cc1ccc(Cl)cc1)n1cncn1,0,c1ccc(CCn2cncn2)cc1
TOX26287,Nc1ccc(S(=O)(=O)Nc2ccccc2)cc1,0,O=S(=O)(Nc1ccccc1)c1ccccc1
TOX25898,CC(=O)Nc1ccc(S(=O)(=O)Nc2ccc([N+](=O)[O-])cc2)cc1,1,O=S(=O)(Nc1ccccc1)c1ccccc1
TOX26727,CC(C)(C)C(=O)Oc1ccc(S(=O)(=O)Nc2ccccc2C(=O)NCC(=O)[O-])cc1,0,O=S(=O)(Nc1ccccc1)c1ccccc1
TOX25463,CCC(=O)O[C@H]1[C@H](C)O[C@@H](O[C@@H]2[C@@H](C)O[C@@H](O[C@@H]3[C@@H](OC)[C@H](OC(=O)CC)CC(=O)O[C@H](C)CC=CC=C[C@H](O)[C@H](C)C[C@@H]3CC=O)[C@H](O)[C@H]2N(C)C)C[C@@]1(C)O,0,O=C1CCCC(OC2CCC(OC3CCCCO3)CO2)CCCCC=CC=CCCO1
TOX3183,COC1[C@@H](O[C@@H]2O[C@H](C)[C@@H](O[C@H]3C[C@@](C)(O)[C@H](OC(=O)CC(C)C)[C@H](C)O3)[C@H](N(C)C)[C@H]2O)[C@@H](CC=O)C[C@@H](C)[C@@H](O)C=CC=CC[C@@H](C)OC(=O)C[C@H]1OC(C)=O,0,O=C1CCCC(OC2CCC(OC3CCCCO3)CO2)CCCCC=CC=CCCO1
TOX28530,CO[C@@H]1[C@@H](O[C@@H]2O[C@H](C)[C@@H](O[C@H]3C[C@@](C)(O)[C@@H](OC(=O)CC(C)C)[C@H](C)O3)[C@H](N(C)C)[C@H]2O)[C@@H](CC=O)C[C@@H](C)[C@@H](O)C=CC=CC[C@@H](C)OC(=O)C[C@H]1O,0,O=C1CCCC(OC2CCC(OC3CCCCO3)CO2)CCCCC=CC=CCCO1
TOX25868,Cc1ccc(C(=O)C(C)CN2CCCCC2)cc1,0,O=C(CCN1CCCCC1)c1ccccc1
TOX27822,CCc1ccc(C(=O)C(C)CN2CCCCC2)cc1,0,O=C(CCN1CCCCC1)c1ccccc1
TOX25323,CCCCOc1ccc(C(=O)CCN2CCCCC2)cc1,0,O=C(CCN1CCCCC1)c1ccccc1
TOX5326,[Fe+2].c1cc[cH-]c1.c1cc[cH-]c1,0,c1cc[cH-]c1.c1cc[cH-]c1
TOX5709,[Ni+2].c1cc[cH-]c1.c1cc[cH-]c1,0,c1cc[cH-]c1.c1cc[cH-]c1
TOX4615,[Cr+2].c1cc[cH-]c1.c1cc[cH-]c1,0,c1cc[cH-]c1.c1cc[cH-]c1
TOX425,O=C1C(Cl)=C(Cl)C(=O)c2ccccc21,1,O=C1C=CC(=O)c2ccccc21
TOX29390,CC(C)=CCC1=C(O)C(=O)c2ccccc2C1=O,1,O=C1C=CC(=O)c2ccccc21
TOX28895,CC(C)=CCC/C(C)=C/CC/C(C)=C/CC/C(C)=C/CC1=C(C)C(=O)c2ccccc2C1=O,0,O=C1C=CC(=O)c2ccccc21
TOX4254,c1ccc2c(c1)ccc1ccccc12,0,c1ccc2c(c1)ccc1ccccc12
TOX27592,Oc1cc2ccccc2c2ccccc12,1,c1ccc2c(c1)ccc1ccccc12
TOX29099,CC(=O)c1ccc2ccc3ccccc3c2c1,1,c1ccc2c(c1)ccc1ccccc12
TOX25645,COc1cc([C@@H]2c3cc4c(cc3[C@H](O)[C@H]3COC(=O)[C@H]23)OCO4)cc(OC)c1OC,1,O=C1OCC2Cc3cc4c(cc3C(c3ccccc3)C12)OCO4
TOX28668,COc1cc([C@@H]2c3cc4c(cc3[C@@H](O)[C@H]3COC(=O)[C@H]23)OCO4)cc(OC)c1O,1,O=C1OCC2Cc3cc4c(cc3C(c3ccccc3)C12)OCO4
TOX3349,C=CCN1CC[C@]23c4c5ccc(O)c4O[C@H]2C(=O)CC[C@@]3(O)[C@H]1C5,0,O=C1CCC2C3Cc4cccc5c4C2(CCN3)C1O5
TOX26325,C=CCN1CC[C@]23c4c5ccc(O)c4O[C@H]2C(=O)CC[C@@]3(O)[C@H]1C5.CI,0,O=C1CCC2C3Cc4cccc5c4C2(CCN3)C1O5
TOX25506,O=C(O)/C=C/c1ccc(Cn2ccnc2)cc1,0,c1ccc(Cn2ccnc2)cc1
TOX25707,COC(=O)c1cncn1C(C)c1ccccc1,0,c1ccc(Cn2ccnc2)cc1
TOX27295,CN[C@H]1CC[C@@H](c2ccc(Cl)c(Cl)c2)c2ccc(S(N)(=O)=O)cc21,1,c1ccc(C2CCCc3ccccc32)cc1
TOX911,CC(C)(Oc1ccc(C2CCCc3ccccc32)cc1)C(=O)O,0,c1ccc(C2CCCc3ccccc32)cc1
TOX2748,N[C@@H](C(=O)N[C@@H]1C(=O)N2C(C(=O)O)=C(Cl)CS[C@H]12)c1ccccc1,0,O=C(Cc1ccccc1)NC1C(=O)N2C=CCSC12
TOX26106,CC(=O)OCC1=C(C(=O)O)N2C(=O)[C@@H](NC(=O)Cc3ccccc3)[C@H]2SC1,0,O=C(Cc1ccccc1)NC1C(=O)N2C=CCSC12
TOX7116,C[Si](Cl)(c1ccccc1)c1ccccc1,1,c1ccc([SiH2]c2ccccc2)cc1
TOX6494,Cl[Si](Cl)(c1ccccc1)c1ccccc1,1,c1ccc([SiH2]c2ccccc2)cc1
TOX2326,C[C@@H]1O[C@@H](OC[C@H]2O[C@@H](Oc3c(-c4ccc(O)c(O)c4)oc4cc(O)cc(O)c4c3=O)[C@H](O)[C@@H](O)[C@@H]2O)[C@H](O)[C@H](O)[C@H]1O,0,O=c1c(OC2CCCC(COC3CCCCO3)O2)c(-c2ccccc2)oc2ccccc12
TOX25929,C[C@@H]1O[C@@H](OC[C@H]2O[C@@H](Oc3c(-c4ccc(OCCO)c(OCCO)c4)oc4cc(OCCO)cc(O)c4c3=O)[C@H](O)[C@@H](O)[C@@H]2O)[C@H](O)[C@H](O)[C@H]1O,0,O=c1c(OC2CCCC(COC3CCCCO3)O2)c(-c2ccccc2)oc2ccccc12
TOX24934,CN1C(=O)N(C)C(O)C1O,0,O=C1NCCN1
TOX9260,O=C1NCCN1CCO,0,O=C1NCCN1
TOX6293,Cc1ccc(Nc2ccc(O)c3c2C(=O)c2ccccc2C3=O)cc1,0,O=C1c2ccccc2C(=O)c2c(Nc3ccccc3)cccc21
TOX5209,O=C1c2c(O)ccc(Nc3ccc(CCO)cc3)c2C(=O)c2c([N+](=O)[O-])ccc(O)c21,1,O=C1c2ccccc2C(=O)c2c(Nc3ccccc3)cccc21
TOX3260,C[C@H]1C[C@H]2[C@@H]3CCC4=CC(=O)C=C[C@]4(C)[C@H]3C(=O)C[C@]2(C)[C@@]1(O)C(=O)CO,0,O=C1C=CC2C(=C1)CCC1C3CCCC3CC(=O)C21
TOX1185,C[C@]12CC(=O)[C@H]3[C@@H](CCC4=CC(=O)C=C[C@@]43C)[C@@H]1CC[C@]2(O)C(=O)CO,0,O=C1C=CC2C(=C1)CCC1C3CCCC3CC(=O)C21
TOX7844,C[C@]12C(=O)OC(=O)[C@H]1[C@H]1C=C[C@@H]2C1,0,O=C1OC(=O)C2C3C=CC(C3)C12
TOX27456,O=C1OC(=O)C2C3C=CC(C3)C12,0,O=C1OC(=O)C2C3C=CC(C3)C12
TOX26354,C=CC[C@@H]1C=C(C)C[C@H](C)C[C@H](OC)[C@H]2O[C@@](O)(C(=O)C(=O)N3CCCC[C@H]3C(=O)O[C@H](/C(C)=C/[C@@H]3CC[C@@H](O)[C@H](OC)C3)[C@H](C)[C@@H](O)CC1=O)[C@H](C)C[C@@H]2OC,1,O=C1CC=CCCCCC2CCCC(O2)C(=O)C(=O)N2CCCCC2C(=O)OC(C=CC2CCCCC2)CCC1
TOX26674,CC[C@@H]1C=C(C)C[C@H](C)C[C@H](OC)[C@H]2O[C@@](O)(C(=O)C(=O)N3CCCC[C@H]3C(=O)O[C@H](/C(C)=C/[C@@H]3CC[C@@H](Cl)[C@H](OC)C3)[C@H](C)[C@@H](O)CC1=O)[C@H](C)C[C@@H]2OC,0,O=C1CC=CCCCCC2CCCC(O2)C(=O)C(=O)N2CCCCC2C(=O)OC(C=CC2CCCCC2)CCC1
TOX3296,CN(C)c1ccc2nc3ccc(N(C)C)cc3[s+]c2c1,1,c1ccc2[s+]c3ccccc3nc2c1
TOX28654,Cc1cc2nc3ccc(N(C)C)cc3[s+]c2cc1N,1,c1ccc2[s+]c3ccccc3nc2c1
TOX54,CCn1c2ccccc2c2cc(N)ccc21,1,c1ccc2c(c1)[nH]c1ccccc12
TOX25871,CC(C(=O)O)c1ccc2c(c1)[nH]c1ccc(Cl)cc12,0,c1ccc2c(c1)[nH]c1ccccc12
TOX25203,CC(C)COC(=O)OCN1C(=O)CN(CCN2CC(=O)N(COC(=O)OCC(C)C)C(=O)C2)CC1=O,0,O=C1CN(CCN2CC(=O)NC(=O)C2)CC(=O)N1
TOX733,CC(CN1CC(=O)NC(=O)C1)N1CC(=O)NC(=O)C1,0,O=C1CN(CCN2CC(=O)NC(=O)C2)CC(=O)N1
TOX4523,C[C@]12CC[C@H]3[C@@H](CCC4=CC(=O)CC[C@@]43C)[C@@H]1CCC2=O,0,O=C1C=C2CCC3C4CCC(=O)C4CCC3C2CC1
TOX14113,C[C@]12CC[C@H]3[C@@H](CCC4=C(O)C(=O)CC[C@@]43C)[C@@H]1CCC2=O,0,O=C1C=C2CCC3C4CCC(=O)C4CCC3C2CC1
TOX2408,O=S1(=O)OC(c2ccc(O)cc2)(c2ccc(O)cc2)c2ccccc21,0,O=S1(=O)OC(c2ccccc2)(c2ccccc2)c2ccccc21
TOX6303,Cc1cc(C2(c3cc(C)c(O)cc3C)OS(=O)(=O)c3ccccc32)c(C)cc1O,1,O=S1(=O)OC(c2ccccc2)(c2ccccc2)c2ccccc21
TOX621,CC(C)C(C(=O)OC(C#N)c1cccc(Oc2ccccc2)c1)c1ccc(Cl)cc1,1,O=C(Cc1ccccc1)OCc1cccc(Oc2ccccc2)c1
TOX2301,CC(C)[C@H](C(=O)OC(C#N)c1cccc(Oc2ccccc2)c1)c1ccc(OC(F)F)cc1,1,O=C(Cc1ccccc1)OCc1cccc(Oc2ccccc2)c1
TOX25091,CC(C)(C)c1ccc(CN2CCN(C(c3ccccc3)c3ccc(Cl)cc3)CC2)cc1,1,c1ccc(CN2CCN(C(c3ccccc3)c3ccccc3)CC2)cc1
TOX25348,Cc1cccc(CN2CCN(C(c3ccccc3)c3ccc(Cl)cc3)CC2)c1,0,c1ccc(CN2CCN(C(c3ccccc3)c3ccccc3)CC2)cc1
TOX28752,Cc1nc([N+](=O)[O-])cn1-c1ccc([N+](=O)[O-])cc1,0,c1ccc(-n2ccnc2)cc1
TOX25217,FC(F)(F)c1ccccc1-n1ccnc1,0,c1ccc(-n2ccnc2)cc1
TOX5070,CC1=CC(C)(C)Nc2ccccc21,1,C1=Cc2ccccc2NC1
TOX582,CCOc1ccc2c(c1)C(C)=CC(C)(C)N2,0,C1=Cc2ccccc2NC1
TOX1299,COc1ccc(C(Cl)=C(c2ccc(OC)cc2)c2ccc(OC)cc2)cc1,1,C(=C(c1ccccc1)c1ccccc1)c1ccccc1
TOX2320,C(=C(c1ccccc1)c1ccccc1)c1ccccc1,1,C(=C(c1ccccc1)c1ccccc1)c1ccccc1
TOX24905,CC1(C)CC(=O)CC(C)(C)N1[O],0,O=C1CCNCC1
TOX21527,CC1(C)CC(=O)CC(C)(C)N1,0,O=C1CCNCC1
TOX14598,CCOC(=O)[C@@H](C)Oc1ccc(Oc2nc3ccc(Cl)cc3o2)cc1,0,c1ccc(Oc2nc3ccccc3o2)cc1
TOX12392,CCOC(=O)C(C)Oc1ccc(Oc2nc3ccc(Cl)cc3o2)cc1,0,c1ccc(Oc2nc3ccccc3o2)cc1
TOX7570,COC1CCC=CO1,0,C1=COCCC1
TOX3749,CC(=O)N[C@@H]1[C@@H](NC(=N)N)C=C(C(=O)O)O[C@H]1[C@H](O)[C@H](O)CO,0,C1=COCCC1
TOX27871,CC1CCC(C(C)C)C(OC(=O)c2ccccc2N)C1,1,O=C(OC1CCCCC1)c1ccccc1
TOX6241,CC1CC(OC(=O)c2ccccc2O)CC(C)(C)C1,0,O=C(OC1CCCCC1)c1ccccc1
TOX825,COc1cc2c(cc1N)oc1ccccc12,1,c1ccc2c(c1)oc1ccccc12
TOX1993,c1ccc2c(c1)oc1ccccc12,0,c1ccc2c(c1)oc1ccccc12
TOX2732,CN1C2=CC(=O)C(=NNC(N)=O)C=C2CC1S(=O)(=O)[O-],0,N=C1C=C2CCNC2=CC1=O
TOX28285,CN1CC(O)C2=C/C(=N/NC(N)=O)C(=O)C=C21,0,N=C1C=C2CCNC2=CC1=O
TOX26712,NC(=O)OC[C@@H]1[C@H](NC(=O)/C(=N\OCC(=O)[O-])c2csc(N)n2)C(=O)N1S(=O)(=O)[O-],0,N=C(C(=O)NC1CNC1=O)c1cscn1
TOX2640,C[C@H]1[C@H](NC(=O)C(=NOC(C)(C)C(=O)O)c2csc(N)n2)C(=O)N1S(=O)(=O)O,0,N=C(C(=O)NC1CNC1=O)c1cscn1
TOX28117,ClC1=C(Cl)C2(Cl)C3C(Cl)C(Cl)CC3C1(Cl)C2(Cl)Cl,1,C1=CC2CC1C1CCCC21
TOX267,ClC1=C(Cl)[C@@]2(Cl)[C@H]3[C@H](CC(Cl)[C@@H]3Cl)C1(Cl)C2(Cl)Cl,1,C1=CC2CC1C1CCCC21
TOX6064,Cc1cc(NS(=O)(=O)c2ccc(N)cc2)no1,0,O=S(=O)(Nc1ccon1)c1ccccc1
TOX28970,CC(=O)Nc1ccc(S(=O)(=O)Nc2cc(C)on2)cc1,0,O=S(=O)(Nc1ccon1)c1ccccc1
TOX25443,CC(=O)OCC(=O)[C@H]1CC[C@H]2[C@@H]3CC[C@H]4C[C@H](O)CC[C@]4(C)[C@H]3C(=O)C[C@]12C,0,O=C1CC2CCCC2C2CCC3CCCCC3C12
TOX2576,CC(=O)[C@H]1CC[C@H]2[C@@H]3CC[C@H]4C[C@H](O)CC[C@]4(C)[C@H]3C(=O)C[C@]12C,0,O=C1CC2CCCC2C2CCC3CCCCC3C12
TOX26273,Cc1ccc(S(=O)(=O)NC(=O)NC2CCCCC2)cc1,0,O=C(NC1CCCCC1)NS(=O)(=O)c1ccccc1
TOX7,CC(=O)c1ccc(S(=O)(=O)NC(=O)NC2CCCCC2)cc1,0,O=C(NC1CCCCC1)NS(=O)(=O)c1ccccc1
TOX3059,Nc1nc(=O)[nH]cc1F,0,O=c1nccc[nH]1
TOX24456,Nc1cc[nH]c(=O)n1,0,O=c1nccc[nH]1
TOX26701,C=C[C@]1(C)C[C@@H](OC(=O)CSCCN(CC)CC)[C@]2(C)C(C)CC[C@]3(CCC(=O)[C@H]32)[C@@H](C)[C@@H]1O,0,O=C1CCC23CCCCCC(CCC2)C13
TOX28646,C=CC1(C)CC(OC(=O)CO)C2(C)C(C)CCC3(CCC(=O)C32)C(C)C1O,0,O=C1CCC23CCCCCC(CCC2)C13
TOX17539,O=S1OC[C@@H]2[C@H](CO1)[C@]1(Cl)C(Cl)=C(Cl)[C@@]2(Cl)C1(Cl)Cl,1,O=S1OCC2C3C=CC(C3)C2CO1
TOX560,O=S1OCC2C(CO1)C1(Cl)C(Cl)=C(Cl)C2(Cl)C1(Cl)Cl,1,O=S1OCC2C3C=CC(C3)C2CO1
TOX26777,CC(C)CN(C[C@@H](OP(=O)([O-])[O-])[C@H](Cc1ccccc1)NC(=O)O[C@H]1CCOC1)S(=O)(=O)c1ccc(N)cc1,0,O=C(NC(CCNS(=O)(=O)c1ccccc1)Cc1ccccc1)OC1CCOC1
TOX26061,CC(C)CN(C[C@@H](O)[C@H](Cc1ccccc1)NC(=O)O[C@@H]1CCOC1)S(=O)(=O)c1ccc(N)cc1,0,O=C(NC(CCNS(=O)(=O)c1ccccc1)Cc1ccccc1)OC1CCOC1
TOX653,CN(C)c1ccc(C(=C2C=CC(=[N+](C)C)C=C2)c2ccc(N(C)C)cc2)cc1,1,[N+]=C1C=CC(=C(c2ccccc2)c2ccccc2)C=C1
TOX28626,CCN(CC)c1ccc(C(=C2C=CC(=[N+](CC)CC)C=C2)c2ccccc2)cc1,1,[N+]=C1C=CC(=C(c2ccccc2)c2ccccc2)C=C1
TOX20459,CCCC(=O)Nc1ncnc2c1ncn2[C@@H]1O[C@@H]2COP(=O)(O)O[C@H]2[C@H]1OC(=O)CCC,0,O=[PH]1OCC2OC(n3cnc4cncnc43)CC2O1
TOX20436,Nc1ncnc2c1ncn2[C@@H]1O[C@@H]2COP(=O)(O)O[C@H]2[C@H]1O,0,O=[PH]1OCC2OC(n3cnc4cncnc43)CC2O1
TOX4538,O=C1c2c(O)cccc2Cc2cccc(O)c21,0,O=C1c2ccccc2Cc2ccccc21
TOX29391,O=C1c2ccccc2Cc2ccccc21,1,O=C1c2ccccc2Cc2ccccc21
TOX3492,CO[C@H](C(=O)[C@@H](O)[C@@H](C)O)C1Cc2cc3cc(O[C@H]4C[C@@H](O[C@H]5C[C@@H](O)[C@H](O)[C@@H](C)O5)[C@@H](O)[C@@H](C)O4)c(C)c(O)c3c(O)c2C(=O)[C@H]1O[C@H]1C[C@@H](O[C@H]2C[C@@H](O[C@H]3C[C@](C)(O)[C@H](O)[C@@H](C)O3)[C@H](O)[C@@H](C)O2)[C@H](O)[C@@H](C)O1,1,O=C1c2cc3ccc(OC4CC(OC5CCCCO5)CCO4)cc3cc2CCC1OC1CC(OC2CC(OC3CCCCO3)CCO2)CCO1
TOX26363,CO[C@H](C(=O)[C@@H](O)[C@@H](C)O)[C@@H]1Cc2cc3cc(O[C@H]4C[C@@H](O[C@@H]5C[C@@H](O)[C@@H](OC)[C@@H](C)O5)[C@@H](OC(=O)O)[C@@H](C)O4)c(C)c(O)c3c(O)c2C(=O)[C@H]1O[C@H]1C[C@@H](O[C@H]2C[C@@H](O[C@H]3C[C@](C)(O)[C@@H](OC(C)=O)[C@H](C)O3)[C@H](O)[C@@H](C)O2)[C@H](O)[C@@H](C)O1,1,O=C1c2cc3ccc(OC4CC(OC5CCCCO5)CCO4)cc3cc2CCC1OC1CC(OC2CC(OC3CCCCO3)CCO2)CCO1
TOX3019,CCC1(C)CC(=O)NC1=O,0,O=C1CCC(=O)N1
TOX22199,O=C1CCC(=O)N1Cl,0,O=C1CCC(=O)N1
TOX4110,CC(C)C(Nc1ccc(C(F)(F)F)cc1Cl)C(=O)OC(C#N)c1cccc(Oc2ccccc2)c1,1,O=C(CNc1ccccc1)OCc1cccc(Oc2ccccc2)c1
TOX17555,CC(C)[C@@H](Nc1ccc(C(F)(F)F)cc1Cl)C(=O)OC(C#N)c1cccc(Oc2ccccc2)c1,1,O=C(CNc1ccccc1)OCc1cccc(Oc2ccccc2)c1
TOX453,ClC1=C(Cl)[C@]2(Cl)[C@@H]3[C@@H]4C[C@H]([C@@H]3[C@@]1(Cl)C2(Cl)Cl)[C@H]1O[C@@H]41,1,C1=CC2CC1C1C3CC(C4OC34)C21
TOX561,ClC1=C(Cl)[C@]2(Cl)[C@H]3[C@H]([C@@H]4C[C@H]3[C@H]3O[C@@H]43)[C@@]1(Cl)C2(Cl)Cl,1,C1=CC2CC1C1C3CC(C4OC34)C21
TOX28896,CCCCCCCCCCCCCCCC(=O)OCCC1CCN(CCCN2c3ccccc3Sc3ccc(S(=O)(=O)N(C)C)cc32)CC1,0,c1ccc2c(c1)Sc1ccccc1N2CCCN1CCCCC1
TOX3481,CC(=O)c1ccc2c(c1)N(CCCN1CCC(CCO)CC1)c1ccccc1S2,0,c1ccc2c(c1)Sc1ccccc1N2CCCN1CCCCC1
TOX26552,CC[C@H](C)[C@@H]1NC(=O)[C@H](Cc2ccc(O)cc2)NC(=O)[C@@H](N)CSSC[C@@H](C(=O)N2CCC[C@H]2C(=O)N[C@@H](CC(C)C)C(=O)NCC(N)=O)NC(=O)[C@H](CC(N)=O)NC(=O)[C@H](CCC(N)=O)NC1=O,0,O=C1CNC(=O)CNC(=O)C(Cc2ccccc2)NC(=O)CCSSCC(C(=O)N2CCCC2)NC(=O)CN1
TOX28917,CCOc1ccc(C[C@H]2NC(=O)CCSSC[C@@H](C(=O)N3CCC[C@H]3C(=O)N[C@@H](CCCN)C(=O)NCC(N)=O)NC(=O)[C@H](CC(N)=O)NC(=O)[C@H]([C@@H](C)O)NC(=O)[C@H]([C@@H](C)CC)NC2=O)cc1,0,O=C1CNC(=O)CNC(=O)C(Cc2ccccc2)NC(=O)CCSSCC(C(=O)N2CCCC2)NC(=O)CN1
TOX28571,COc1cc([C@@H]2c3cc4c(cc3C(O[C@@H]3O[C@@H]5CO[C@@H](C)O[C@H]5[C@H](O)[C@H]3O)C3COC(=O)[C@@H]32)OCO4)cc(OC)c1OP(=O)(O)O,0,O=C1OCC2C(OC3CCC4OCOCC4O3)c3cc4c(cc3C(c3ccccc3)C12)OCO4
TOX3035,COc1cc([C@@H]2c3cc4c(cc3C(O[C@@H]3O[C@@H]5CO[C@@H](C)O[C@H]5[C@H](O)[C@H]3O)C3COC(=O)[C@@H]32)OCO4)cc(OC)c1O,0,O=C1OCC2C(OC3CCC4OCOCC4O3)c3cc4c(cc3C(c3ccccc3)C12)OCO4
TOX14864,CCCOc1nn(C(=O)[N-]S(=O)(=O)c2ccccc2C(=O)OC)c(=O)n1C,0,O=C([N-]S(=O)(=O)c1ccccc1)n1nc[nH]c1=O
TOX14614,COc1nn(C(=O)[N-]S(=O)(=O)c2ccccc2OC(F)(F)F)c(=O)n1C,0,O=C([N-]S(=O)(=O)c1ccccc1)n1nc[nH]c1=O
TOX1247,N=C1C=CC(=C(c2ccc(N)cc2)c2ccc(N)cc2)C=C1,1,N=C1C=CC(=C(c2ccccc2)c2ccccc2)C=C1
TOX1246,Cc1cc(C(=C2C=CC(=N)C=C2)c2ccc(N)cc2)ccc1N,1,N=C1C=CC(=C(c2ccccc2)c2ccccc2)C=C1
TOX21423,C=CN1CCCCCC1=O,0,O=C1CCCCCN1
TOX240,O=C1CCCCCN1,0,O=C1CCCCCN1
TOX2588,Nc1nc(N)c2nc(CNc3ccc(C(=O)N[C@@H](CCC(=O)O)C(=O)O)cc3)cnc2n1,0,c1ccc(NCc2cnc3ncncc3n2)cc1
TOX822,CN(Cc1cnc2nc(N)nc(N)c2n1)c1ccc(C(=O)N[C@@H](CCC(=O)O)C(=O)O)cc1,0,c1ccc(NCc2cnc3ncncc3n2)cc1
TOX4906,O=C1c2ccccc2C(=O)C1c1ccc2ccccc2n1,1,O=C1c2ccccc2C(=O)C1c1ccc2ccccc2n1
TOX24503,O=C1c2ccccc2C(=O)C1c1nc2ccccc2c(Br)c1O,1,O=C1c2ccccc2C(=O)C1c1ccc2ccccc2n1
TOX480,CC(=O)OC1CC(C)OC(C)O1,0,C1COCOC1
TOX26251,OCC1(CO)COC(C(Cl)(Cl)Cl)OC1,0,C1COCOC1
TOX3385,COc1ccc2c(c1OC)C(=O)O[C@@H]2[C@H]1c2c(cc3c(c2OC)OCO3)CCN1C,0,O=C1OC(C2NCCc3cc4c(cc32)OCO4)c2ccccc21
TOX25611,COc1ccc2c(c1OC)C(=O)O[C@H]2[C@@H]1c2cc3c(cc2CCN1C)OCO3,0,O=C1OC(C2NCCc3cc4c(cc32)OCO4)c2ccccc21
TOX21719,CC1=NN(c2cc(Cl)c(S(=O)(=O)[O-])cc2Cl)C(=O)C1/N=N/c1ccc(S(=O)(=O)[O-])cc1,0,O=C1C(N=Nc2ccccc2)C=NN1c1ccccc1
TOX21646,CC1=NN(c2cc(S(=O)(=O)[O-])ccc2Cl)C(=O)C1/N=N/c1ccccc1,0,O=C1C(N=Nc2ccccc2)C=NN1c1ccccc1
TOX1221,CCOC(=O)[C@H](CCc1ccccc1)N[C@@H](C)C(=O)N1Cc2ccccc2C[C@H]1C(=O)O,0,O=C(CNCCCc1ccccc1)N1CCc2ccccc2C1
TOX24267,CCOC(=O)[C@H](CCc1ccccc1)N[C@@H](C)C(=O)N1Cc2cc(OC)c(OC)cc2C[C@H]1C(=O)O,0,O=C(CNCCCc1ccccc1)N1CCc2ccccc2C1
TOX14165,CC1(C)NC(=O)N(c2ccc([N+](=O)[O-])c(C(F)(F)F)c2)C1=O,0,O=C1CNC(=O)N1c1ccccc1
TOX4154,CC(C)NC(=O)N1CC(=O)N(c2cc(Cl)cc(Cl)c2)C1=O,0,O=C1CNC(=O)N1c1ccccc1
TOX627,OC(Cn1cncn1)(Cn1cncn1)c1ccc(F)cc1F,0,c1ccc(C(Cn2cncn2)Cn2cncn2)cc1
TOX28527,O=P(O)(O)OC(Cn1cncn1)(Cn1cncn1)c1ccc(F)cc1F,0,c1ccc(C(Cn2cncn2)Cn2cncn2)cc1
TOX17272,Nc1c2c(nc3ccccc13)CCCC2,0,c1ccc2nc3c(cc2c1)CCCC3
TOX25158,Nc1c2c(nc3ccccc13)CCCC2O,0,c1ccc2nc3c(cc2c1)CCCC3
TOX25594,Cc1ccc(C(=O)c2ccc(CC(=O)[O-])n2C)cc1,0,O=C(c1ccccc1)c1ccc[nH]1
TOX13989,Cc1cc(CC(=O)[O-])n(C)c1C(=O)c1ccc(Cl)cc1,0,O=C(c1ccccc1)c1ccc[nH]1
TOX28732,CCNC(=O)NCCCOc1cccc(CN2CCCCC2)c1,0,c1ccc(CN2CCCCC2)cc1
TOX26670,CC(=O)OCC(=O)NCCCOc1cccc(CN2CCCCC2)c1,0,c1ccc(CN2CCCCC2)cc1
TOX24239,COc1ccc(C[C@@H](C)NC[C@H](O)c2ccc(O)c(NC=O)c2)cc1.COc1ccc(C[C@@H](C)NC[C@H](O)c2ccc(O)c(NC=O)c2)cc1,0,c1ccc(CCNCCc2ccccc2)cc1.c1ccc(CCNCCc2ccccc2)cc1
TOX25679,COc1ccc(C[C@H](C)NC[C@@H](O)c2ccc(O)c(NC=O)c2)cc1.COc1ccc(C[C@H](C)NC[C@@H](O)c2ccc(O)c(NC=O)c2)cc1,0,c1ccc(CCNCCc2ccccc2)cc1.c1ccc(CCNCCc2ccccc2)cc1
TOX24280,C=C[C@H]1CN2CCC1C[C@H]2[C@H](O)c1ccnc2ccc(OC)cc12,0,c1ccc2c(CC3CC4CCN3CC4)ccnc2c1
TOX25965,C=C[C@H]1CN2CC[C@H]1C[C@H]2[C@H](OC(=O)OCC)c1ccnc2ccc(OC)cc12,0,c1ccc2c(CC3CC4CCN3CC4)ccnc2c1
TOX1237,COC(=O)[C@H]1[C@H]2C[C@@H]3c4[nH]c5cc(OC)ccc5c4CCN3C[C@H]2C[C@@H](OC(=O)c2cc(OC)c(OC)c(OC)c2)[C@@H]1OC,1,O=C(OC1CCC2CC3c4[nH]c5ccccc5c4CCN3CC2C1)c1ccccc1
TOX383,COC(=O)[C@H]1[C@H]2C[C@@H]3c4[nH]c5ccccc5c4CCN3C[C@H]2C[C@@H](OC(=O)c2cc(OC)c(OC)c(OC)c2)[C@@H]1OC,1,O=C(OC1CCC2CC3c4[nH]c5ccccc5c4CCN3CC2C1)c1ccccc1
TOX3542,COc1ccc(CN(CCN(C)C)c2ccccn2)cc1,1,c1ccc(CNc2ccccn2)cc1
TOX28785,CN(C)CCN(Cc1ccc(Cl)cc1)c1ccccn1,0,c1ccc(CNc2ccccn2)cc1
TOX604,C1CC2OC2CC1C1CO1,0,C1CC2OC2CC1C1CO1
TOX22097,CC1OC1C1CCC2(C)OC2C1,0,C1CC2OC2CC1C1CO1
TOX20129,Nc1nc(=O)n([C@@H]2CS[C@H](CO)O2)cc1F,0,O=c1ncccn1C1CSCO1
TOX3194,Nc1ccn([C@H]2CS[C@@H](CO)O2)c(=O)n1,0,O=c1ncccn1C1CSCO1
TOX25447,Clc1ccc(C(Cn2ccnc2)OCc2c(Cl)cccc2Cl)c(Cl)c1,0,c1ccc(COC(Cn2ccnc2)c2ccccc2)cc1
TOX3319,Clc1ccc(COC(Cn2ccnc2)c2ccc(Cl)cc2Cl)c(Cl)c1,0,c1ccc(COC(Cn2ccnc2)c2ccccc2)cc1
TOX1039,O=NN1CCCCCCC1,0,C1CCCNCCC1
TOX680,C1CCCNCCC1,0,C1CCCNCCC1
TOX28520,O=C(Cn1cnnn1)N[C@@H]1C(=O)N2C(C(=O)[O-])=C(CSc3nncs3)CS[C@H]12,0,O=C(Cn1cnnn1)NC1C(=O)N2C=C(CSc3nncs3)CSC12
TOX2753,Cc1nnc(SCC2=C(C(=O)O)N3C(=O)[C@@H](NC(=O)Cn4cnnn4)[C@H]3SC2)s1,0,O=C(Cn1cnnn1)NC1C(=O)N2C=C(CSc3nncs3)CSC12
TOX21097,CCC(C)N(C)C(=O)c1cc2ccccc2c(-c2ccccc2Cl)n1,0,c1ccc(-c2nccc3ccccc23)cc1
TOX26213,CCOc1cc(-c2nccc3cc(OC)c(OC)cc23)cc(OCC)c1OCC,0,c1ccc(-c2nccc3ccccc23)cc1
TOX2821,C(=C/c1ccccc1)\CN1CCN(C(c2ccccc2)c2ccccc2)CC1,0,C(=Cc1ccccc1)CN1CCN(C(c2ccccc2)c2ccccc2)CC1
TOX25616,Fc1ccc(C(c2ccc(F)cc2)N2CCN(C/C=C/c3ccccc3)CC2)cc1,0,C(=Cc1ccccc1)CN1CCN(C(c2ccccc2)c2ccccc2)CC1
TOX1777,Cc1cc2nc3c(=O)[nH]c(=O)nc-3n(C[C@H](O)[C@H](O)[C@H](O)CO)c2cc1C,1,O=c1nc2[nH]c3ccccc3nc-2c(=O)[nH]1
TOX26892,CCCC(=O)OC[C@@H](OC(=O)CCC)[C@@H](OC(=O)CCC)[C@H](Cn1c2nc(=O)[nH]c(=O)c-2nc2cc(C)c(C)cc21)OC(=O)CCC,1,O=c1nc2[nH]c3ccccc3nc-2c(=O)[nH]1
TOX7159,O=C1CCCCCO1,0,O=C1CCCCCO1
TOX27551,CCCCC1CCCCC(=O)O1,0,O=C1CCCCCO1
TOX26785,CCN(CC)C(=O)[C@]1(c2ccccc2)C[C@@H]1CN,0,c1ccc(C2CC2)cc1
TOX331,CC(C)(Oc1ccc(C2CC2(Cl)Cl)cc1)C(=O)O,0,c1ccc(C2CC2)cc1
TOX2647,NS(=O)(=O)c1cc2c(cc1C(F)(F)F)NC(Cc1ccccc1)NS2(=O)=O,0,O=S1(=O)NC(Cc2ccccc2)Nc2ccccc21
TOX25114,NS(=O)(=O)c1cc2c(cc1Cl)NC(Cc1ccccc1)NS2(=O)=O,0,O=S1(=O)NC(Cc2ccccc2)Nc2ccccc21
TOX26107,COc1cc(C(=S)N2CCOCC2)ccc1O,0,S=C(c1ccccc1)N1CCOCC1
TOX26195,COc1cc(C(=S)N2CCOCC2)cc(OC)c1OC,0,S=C(c1ccccc1)N1CCOCC1
TOX2562,Cc1ccccc1-n1c(CF)nc2ccc(N)cc2c1=O,0,O=c1c2ccccc2ncn1-c1ccccc1
TOX3279,Cc1ccccc1-n1c(C)nc2ccccc2c1=O,0,O=c1c2ccccc2ncn1-c1ccccc1
TOX5805,CCCCCCCCn1sccc1=O,1,O=c1ccs[nH]1
TOX14286,Cn1sc(Cl)cc1=O,0,O=c1ccs[nH]1
TOX25469,CC(C(=O)O)c1ccc(C(=O)c2cccs2)cc1,0,O=C(c1ccccc1)c1cccs1
TOX3670,O=C(O)COc1ccc(C(=O)c2cccs2)c(Cl)c1Cl,0,O=C(c1ccccc1)c1cccs1
TOX28755,CC(=O)c1ccc(OCC(=O)N2CCCCC2)cc1,0,O=C(COc1ccccc1)N1CCCCC1
TOX28754,C/C(=N\O)c1ccc(OCC(=O)N2CCCCC2)cc1,0,O=C(COc1ccccc1)N1CCCCC1
TOX22220,OC(c1ccc(F)cc1)(c1cncnc1)c1ccccc1Cl,0,c1ccc(C(c2ccccc2)c2cncnc2)cc1
TOX12390,OC(c1ccc(Cl)cc1)(c1cncnc1)c1ccccc1Cl,1,c1ccc(C(c2ccccc2)c2cncnc2)cc1
TOX25171,CCOC(=O)[N-]c1c[n+](N2CCOCC2)no1,0,c1c[n+](N2CCOCC2)no1
TOX28965,Nc1c[n+](N2CCOCC2)no1,0,c1c[n+](N2CCOCC2)no1
TOX26736,CC(C)C[C@H](NC(=O)[C@@H](COC(C)(C)C)NC(=O)[C@H](Cc1ccc(O)cc1)NC(=O)[C@H](CO)NC(=O)[C@H](Cc1c[nH]c2ccccc12)NC(=O)[C@H](Cc1c[nH]cn1)NC(=O)[C@@H]1CCC(=O)N1)C(=O)N[C@@H](CCCNC(=N)N)C(=O)N1CCC[C@H]1C(=O)NNC(N)=O,0,O=C(CNC(=O)CNC(=O)C(Cc1ccccc1)NC(=O)CNC(=O)C(Cc1c[nH]c2ccccc12)NC(=O)C(Cc1c[nH]cn1)NC(=O)C1CCC(=O)N1)NCC(=O)N1CCCC1
TOX28880,CC(C)CC(NC(=O)CNC(=O)[C@H](Cc1ccc(O)cc1)NC(=O)[C@@H](CO)NC(=O)[C@@H](Cc1c[nH]c2ccccc12)NC(=O)[C@@H](Cc1c[nH]cn1)NC(=O)[C@H]1CCC(=O)N1)C(=O)N[C@H](CCCNC(=N)N)C(=O)N1CCC[C@@H]1C(=O)NCC(N)=O,0,O=C(CNC(=O)CNC(=O)C(Cc1ccccc1)NC(=O)CNC(=O)C(Cc1c[nH]c2ccccc12)NC(=O)C(Cc1c[nH]cn1)NC(=O)C1CCC(=O)N1)NCC(=O)N1CCCC1
TOX141,c1ccc2occc2c1,0,c1ccc2occc2c1
TOX27121,O=Cc1cc2ccccc2o1,0,c1ccc2occc2c1
TOX26491,Nc1nc(=O)c2ncn(CCC(CO)CO)c2[nH]1,0,O=c1nc[nH]c2[nH]cnc12
TOX26784,CC(C)[C@H](N)C(=O)OCC(CO)OCn1cnc2c(=O)nc(N)[nH]c21,0,O=c1nc[nH]c2[nH]cnc12
TOX2584,CC1(C)S[C@@H]2[C@H](/N=C/N3CCCCCC3)C(=O)N2[C@H]1C(=O)O,0,O=C1C(N=CN2CCCCCC2)C2SCCN12
TOX25453,CC(C)(C)C(=O)OCOC(=O)[C@@H]1N2C(=O)[C@@H](N=CN3CCCCCC3)[C@H]2SC1(C)C,0,O=C1C(N=CN2CCCCCC2)C2SCCN12
TOX3293,CN1C(=O)CC(C)(c2ccccc2)C1=O,0,O=C1CC(c2ccccc2)C(=O)N1
TOX3460,CN1C(=O)CC(c2ccccc2)C1=O,0,O=C1CC(c2ccccc2)C(=O)N1
TOX2858,CC(=O)OCC(=O)[C@@]1(O)CC[C@H]2[C@@H]3CCC4=CC(=O)CC[C@]4(C)[C@H]3C(=O)C[C@@]21C,0,O=C1C=C2CCC3C4CCCC4CC(=O)C3C2CC1
TOX2857,C[C@]12CC(=O)[C@H]3[C@@H](CCC4=CC(=O)CC[C@@]43C)[C@@H]1CC[C@]2(O)C(=O)CO,0,O=C1C=C2CCC3C4CCCC4CC(=O)C3C2CC1
TOX12553,CCN(Cc1c(F)cccc1Cl)c1c([N+](=O)[O-])cc(C(F)(F)F)cc1[N+](=O)[O-],1,c1ccc(CNc2ccccc2)cc1
TOX9136,CCN(Cc1cccc(S(=O)(=O)O)c1)c1ccccc1,0,c1ccc(CNc2ccccc2)cc1
TOX20684,CC[C@H](C)C(=O)O[C@H]1CCC=C2C=C[C@H](C)[C@H](CC[C@@H]3C[C@@H](O)CC(=O)O3)[C@H]21,0,O=C1CCCC(CCC2CC=CC3=CCCCC32)O1
TOX784,CC[C@H](C)C(=O)O[C@H]1C[C@@H](C)C=C2C=C[C@H](C)[C@H](CC[C@@H]3C[C@@H](O)CC(=O)O3)[C@H]21,1,O=C1CCCC(CCC2CC=CC3=CCCCC32)O1
TOX29335,Cn1cnc2ncnc(N)c21,0,c1ncc2[nH]cnc2n1
TOX29365,COc1nc(N)nc2nc[nH]c12,0,c1ncc2[nH]cnc2n1
TOX24288,O=C1/C(=C2\Nc3ccc(S(=O)(=O)O)cc3C2=O)Nc2ccc(S(=O)(=O)O)cc21,0,O=C1C(=C2Nc3ccccc3C2=O)Nc2ccccc21
TOX190,O=C1/C(=C2\Nc3ccc(S(=O)(=O)[O-])cc3C2=O)Nc2ccc(S(=O)(=O)[O-])cc21,0,O=C1C(=C2Nc3ccccc3C2=O)Nc2ccccc21
TOX4280,CCCC1COC(Cn2cncn2)(c2ccc(Cl)cc2Cl)O1,0,c1ccc(C2(Cn3cncn3)OCCO2)cc1
TOX21613,Clc1ccc(C2(Cn3cncn3)OCCO2)c(Cl)c1,0,c1ccc(C2(Cn3cncn3)OCCO2)cc1
TOX2800,NS(=O)(=O)c1cc2c(cc1Cl)N=CNS2(=O)=O,0,O=S1(=O)NC=Nc2ccccc21
TOX2914,CC1=Nc2ccc(Cl)cc2S(=O)(=O)N1,0,O=S1(=O)NC=Nc2ccccc21
TOX2652,CCc1oc2ccccc2c1C(=O)c1cc(Br)c(O)c(Br)c1,1,O=C(c1ccccc1)c1coc2ccccc12
TOX26134,CCc1oc2ccccc2c1C(=O)c1cc(I)c(O)c(I)c1,1,O=C(c1ccccc1)c1coc2ccccc12
TOX1409,O[Sn](c1ccccc1)(c1ccccc1)c1ccccc1,1,c1cc[c]([SnH]([c]2ccccc2)[c]2ccccc2)cc1
TOX22500,F[Sn](c1ccccc1)(c1ccccc1)c1ccccc1,1,c1cc[c]([SnH]([c]2ccccc2)[c]2ccccc2)cc1
TOX21889,O=[PH](Oc1ccccc1)Oc1ccccc1,0,O=[PH](Oc1ccccc1)Oc1ccccc1
TOX28182,O=P(O)(Oc1ccccc1)Oc1ccccc1,0,O=[PH](Oc1ccccc1)Oc1ccccc1
TOX2938,CC(C)[C@@H](C)/C=C/[C@@H](C)[C@H]1CC[C@H]2/C(=C/C=C3\C[C@@H](O)CC[C@@H]3C)CCC[C@@]21C,1,C(C=C1CCCC2CCCC12)=C1CCCCC1
TOX28566,C[C@@H](/C=C/[C@@H](C)[C@H]1CC[C@H]2/C(=C/C=C3C[C@@H](O)C[C@H](O)C3)CCC[C@@]21C)C(C)(C)O,1,C(C=C1CCCC2CCCC12)=C1CCCCC1
TOX4662,COc1cc2c(cc1OC)[C@@]13CCN4CC5=CCO[C@H]6CC(=O)N2[C@H]1[C@H]6[C@H]5C[C@H]43,0,O=C1CC2OCC=C3CN4CCC56c7ccccc7N1C5C2C3CC46
TOX3600,O=C1C[C@@H]2OCC=C3CN4CC[C@]56c7ccccc7N1[C@H]5[C@H]2[C@H]3C[C@H]46,0,O=C1CC2OCC=C3CN4CCC56c7ccccc7N1C5C2C3CC46
TOX25178,C[C@@H](Cc1ccc(O)c(O)c1)[C@H](C)Cc1ccc(O)c(O)c1,1,c1ccc(CCCCc2ccccc2)cc1
TOX2437,CC(Cc1ccc(O)c(O)c1)C(C)Cc1ccc(O)c(O)c1,1,c1ccc(CCCCc2ccccc2)cc1
TOX25193,Cc1nc2n(c(=O)c1CCN1CCC(c3noc4cc(F)ccc34)CC1)CCCC2,0,O=c1c(CCN2CCC(c3noc4ccccc34)CC2)cnc2n1CCCC2
TOX28985,Cc1nc2n(c(=O)c1CCN1CCC(c3noc4cc(F)ccc34)CC1)CCC[C@H]2O,0,O=c1c(CCN2CCC(c3noc4ccccc34)CC2)cnc2n1CCCC2
TOX3020,CCN1C(=O)NC(c2ccccc2)C1=O,0,O=C1NC(=O)C(c2ccccc2)N1
TOX26126,CC[C@@]1(c2ccccc2)NC(=O)N(C)C1=O,0,O=C1NC(=O)C(c2ccccc2)N1
TOX2308,O=c1c(-c2ccc(O)cc2)coc2cc(O)cc(O)c12,1,O=c1c(-c2ccccc2)coc2ccccc12
TOX2311,COc1ccc(-c2coc3cc(O)ccc3c2=O)cc1,1,O=c1c(-c2ccccc2)coc2ccccc12
TOX5508,O=C(O)CCCCC1CCSS1,0,C1CSSC1
TOX26541,NC(=O)CCCCC1CCSS1,0,C1CSSC1
TOX342,CN[C@H]1CCc2cc(OC)c(OC)c(OC)c2-c2ccc(OC)c(=O)cc21,1,O=c1cccc2c(c1)CCCc1ccccc1-2
TOX4845,COc1cc2c(c(OC)c1OC)-c1ccc(OC)c(=O)cc1[C@@H](NC(C)=O)CC2,1,O=c1cccc2c(c1)CCCc1ccccc1-2
TOX24731,O=C1NC(=O)c2cccc3cccc1c23,1,O=C1NC(=O)c2cccc3cccc1c23
TOX25655,O=C(O)CN1C(=O)c2cccc3cccc(c23)C1=O,0,O=C1NC(=O)c2cccc3cccc1c23
TOX28533,N#C/C(=C1/SC[C@@H](c2ccc(Cl)cc2Cl)S1)n1ccnc1,0,C(=C1SCC(c2ccccc2)S1)n1ccnc1
TOX26428,N#C/C(=C1\SCC(c2ccccc2Cl)S1)n1ccnc1,0,C(=C1SCC(c2ccccc2)S1)n1ccnc1
TOX24758,CC(C)n1c(/C=C/[C@@H](O)C[C@@H](O)CC(=O)[O-])c(-c2ccc(F)cc2)c2ccccc21,1,c1ccc(-c2c[nH]c3ccccc23)cc1
TOX636,CC(C)n1c(/C=C/[C@@H](O)C[C@@H](O)CC(=O)O)c(-c2ccc(F)cc2)c2ccccc21,0,c1ccc(-c2c[nH]c3ccccc23)cc1
TOX25099,CN1[C@H]2CC[C@@H]1C[C@H](OC(=O)C(O)c1ccccc1)C2,0,O=C(Cc1ccccc1)OC1CC2CCC(C1)N2
TOX113,CN1[C@H]2CC[C@@H]1C[C@H](OC(=O)C(CO)c1ccccc1)C2,0,O=C(Cc1ccccc1)OC1CC2CCC(C1)N2
TOX28921,CO[C@@]1(NC(=O)Cc2cccs2)C(=O)N2C(C(=O)[O-])=C(COC(N)=O)CS[C@@H]21,0,O=C(Cc1cccs1)NC1C(=O)N2C=CCSC12
TOX2764,CO[C@@]1(NC(=O)Cc2cccs2)C(=O)N2C(C(=O)O)=C(COC(N)=O)CS[C@@H]21,0,O=C(Cc1cccs1)NC1C(=O)N2C=CCSC12
TOX26654,NC(=O)[C@@H]1C[C@]2(NC(=O)NC2=O)c2cc(F)ccc2O1,0,O=C1NC(=O)C2(CCOc3ccccc32)N1
TOX3587,O=C1NC(=O)[C@@]2(CCOc3ccc(F)cc32)N1,0,O=C1NC(=O)C2(CCOc3ccccc32)N1
TOX10955,CC12CCC(CC1=O)C2(C)C,0,O=C1CC2CCC1C2
TOX4721,CC1(C)[C@@H]2CC[C@@]1(C)C(=O)C2,0,O=C1CC2CCC1C2
TOX2690,O=C(CCCN1CCC(O)(c2ccc(Br)cc2)CC1)c1ccc(F)cc1,0,O=C(CCCN1CCC(c2ccccc2)CC1)c1ccccc1
TOX28988,Cc1ccc(C2(O)CCN(CCCC(=O)c3ccc(F)cc3)CC2)cc1,0,O=C(CCCN1CCC(c2ccccc2)CC1)c1ccccc1
TOX26246,CCCC(C)(COC(N)=O)COC(=O)NC1CC1,0,C1CC1
TOX26915,CC1(C)C[C@@H]1C(=O)N/C(=C\CCCCSC[C@H](N)C(=O)O)C(=O)[O-],0,C1CC1
TOX24762,CCO[Si](CCC1CCC2OC2C1)(OCC)OCC,0,C1CCC2OC2C1
TOX4880,C1CCC2OC2C1,0,C1CCC2OC2C1
TOX24340,COc1ncc(F)c2nc(S(=O)(=O)Nc3c(F)cccc3F)nn12,0,O=S(=O)(Nc1ccccc1)c1nc2ccncn2n1
TOX14528,CCOc1nc(F)cc2nc(S(=O)(=O)Nc3c(Cl)cccc3Cl)nn12,0,O=S(=O)(Nc1ccccc1)c1nc2ccncn2n1
TOX1396,CN1C(=O)OC(C)(C)C1=O,0,O=C1COC(=O)N1
TOX478,CC1(C)OC(=O)NC1=O,0,O=C1COC(=O)N1
TOX27454,CC1(C)OC[C@@H]2O[C@@]3(C(=O)O)OC(C)(C)O[C@H]3[C@@H]2O1,0,C1OCC2OC3OCOC3C2O1
TOX14540,CC1(C)OC[C@@H]2O[C@@]3(C(=O)[O-])OC(C)(C)O[C@H]3[C@@H]2O1,0,C1OCC2OC3OCOC3C2O1
TOX24215,COc1ccnc(CS(=O)c2nc3cc(OC(F)F)ccc3[n-]2)c1OC,0,O=S(Cc1ccccn1)c1nc2ccccc2[n-]1
TOX24205,COCCCOc1ccnc(CS(=O)c2nc3ccccc3[n-]2)c1C,0,O=S(Cc1ccccn1)c1nc2ccccc2[n-]1
TOX447,O=S(=O)(Oc1ccc(Cl)cc1Cl)c1ccccc1,1,O=S(=O)(Oc1ccccc1)c1ccccc1
TOX310,O=S(=O)(Oc1ccc(Cl)cc1)c1ccc(Cl)cc1,1,O=S(=O)(Oc1ccccc1)c1ccccc1
TOX25888,CC(=O)NC1CCSC1=O,0,O=C1CCCS1
TOX28661,O=C(O)CSCC(=O)NC1CCSC1=O,0,O=C1CCCS1
TOX7502,Cc1cc(=O)nc(C(C)C)[nH]1,0,O=c1cc[nH]cn1
TOX28964,Nc1cc(=O)nc(N)[nH]1,0,O=c1cc[nH]cn1
TOX28587,Cc1cccc(Cc2c[nH]cn2)c1C,0,c1ccc(Cc2c[nH]cn2)cc1
TOX25691,Cc1cccc(C(C)c2c[nH]cn2)c1C,0,c1ccc(Cc2c[nH]cn2)cc1
TOX13401,O=C(O[C@@H](C(=O)O)[C@@H](OC(=O)c1ccccc1)C(=O)O)c1ccccc1,0,O=C(OCCOC(=O)c1ccccc1)c1ccccc1
TOX7802,CC(COC(=O)c1ccccc1)OC(=O)c1ccccc1,0,O=C(OCCOC(=O)c1ccccc1)c1ccccc1
TOX28633,CCCCCCCCCCCCCCCC(=O)O[C@@H]1CC(C)=C(/C=C/C(C)=C/C=C/C(C)=C/C=C\C=C(C)\C=C\C=C(C)\C=C\C2=C(C)C[C@@H](OC(=O)CCCCCCCCCCCCCCC)CC2(C)C)C(C)(C)C1,0,C(=CC=CC=CC=CC=CC1=CCCCC1)C=CC=CC=CC=CC1=CCCCC1
TOX253,CC1=C(/C=C/C(C)=C/C=C/C(C)=C/C=C\C=C(C)\C=C\C=C(C)\C=C\C2=C(C)CCCC2(C)C)C(C)(C)CCC1,0,C(=CC=CC=CC=CC=CC1=CCCCC1)C=CC=CC=CC=CC1=CCCCC1
TOX841,COc1ccc([C@@H]2CC(=O)c3c(O)cc(O[C@@H]4O[C@H](CO[C@@H]5O[C@@H](C)[C@H](O)[C@@H](O)[C@H]5O)[C@@H](O)[C@H](O)[C@H]4O)cc3O2)cc1OC,0,O=C1CC(c2ccccc2)Oc2cc(OC3CCCC(COC4CCCCO4)O3)ccc21
TOX24328,COc1ccc([C@@H]2CC(=O)c3c(O)cc(O[C@@H]4O[C@H](CO[C@@H]5O[C@@H](C)[C@H](O)[C@@H](O)[C@H]5O)[C@@H](O)[C@H](O)[C@H]4O)cc3O2)cc1O,0,O=C1CC(c2ccccc2)Oc2cc(OC3CCCC(COC4CCCCO4)O3)ccc21
TOX5018,C1CCC(NC2CCCCC2)CC1,0,C1CCC(NC2CCCCC2)CC1
TOX24727,CN(C1CCCCC1)C1CCCCC1,0,C1CCC(NC2CCCCC2)CC1
TOX2117,NC12CC3CC(CC(C3)C1)C2,0,C1C2CC3CC1CC(C2)C3
TOX25174,CC12CC3CC(C)(C1)CC(N)(C3)C2,0,C1C2CC3CC1CC(C2)C3
TOX20234,Nc1nc(N)nc(-c2cc(Cl)ccc2Cl)n1,0,c1ccc(-c2ncncn2)cc1
TOX142,Nc1nc(N)nc(-c2ccccc2)n1,0,c1ccc(-c2ncncn2)cc1
TOX3667,C#C[C@]1(O)CC[C@H]2[C@H]3[C@H](CC[C@@]21C)C1=C(CC(=O)CC1)C[C@H]3C,0,O=C1CCC2=C(CCC3C2CCC2CCCC23)C1
TOX563,C#C[C@]1(O)CC[C@H]2[C@@H]3CCC4=C(CCC(=O)C4)[C@H]3CC[C@@]21C,0,O=C1CCC2=C(CCC3C2CCC2CCCC23)C1
TOX27939,Oc1ccc(C2(c3ccc(O)cc3)CCCCC2)cc1,1,c1ccc(C2(c3ccccc3)CCCCC2)cc1
TOX26638,CCC(C)(Oc1ccc(C2(c3ccc(OC(C)(CC)C(=O)O)cc3)CCCCC2)cc1)C(=O)O,0,c1ccc(C2(c3ccccc3)CCCCC2)cc1
TOX3519,CC(C)[N+](C)(CCOC(=O)C1c2ccccc2Oc2ccccc21)C(C)C,0,c1ccc2c(c1)Cc1ccccc1O2
TOX3277,CC[N+](C)(CC)CCOC(=O)C1c2ccccc2Oc2ccccc21,0,c1ccc2c(c1)Cc1ccccc1O2
TOX2047,CC(C)C1=CC2=CC[C@H]3[C@](C)(C(=O)O)CCC[C@]3(C)[C@H]2CC1,0,C1=CC2=CCC3CCCCC3C2CC1
TOX28165,COC(=O)[C@]1(C)CCC[C@]2(C)[C@H]3CCC(C(C)C)=CC3=CC[C@@H]12,1,C1=CC2=CCC3CCCCC3C2CC1
TOX24137,CN1[C@H]2CC[C@@H]1CC(OC(=O)c1c[nH]c3ccccc13)C2,0,O=C(OC1CC2CCC(C1)N2)c1c[nH]c2ccccc12
TOX25814,CI.CN1[C@H]2CC[C@@H]1CC(OC(=O)c1c[nH]c3ccccc13)C2,0,O=C(OC1CC2CCC(C1)N2)c1c[nH]c2ccccc12
TOX18808,C=C[Si]1(C)O[Si](C)(C=C)O[Si](C)(C=C)O[Si](C)(C=C)O1,0,O1[SiH2]O[SiH2]O[SiH2]O[SiH2]1
TOX7205,C[Si]1(C)O[Si](C)(C)O[Si](C)(C)O[Si](C)(C)O1,0,O1[SiH2]O[SiH2]O[SiH2]O[SiH2]1
TOX24702,ON(Cc1ccccc1)Cc1ccccc1,0,c1ccc(CNCc2ccccc2)cc1
TOX26238,CN(Cc1ccccc1)Cc1ccccc1,0,c1ccc(CNCc2ccccc2)cc1
TOX3419,CC1OC(C)OC(C)O1,0,C1OCOCO1
TOX1925,C1OCOCO1,0,C1OCOCO1
TOX28851,C[C@@H]1[C@@H]2Cc3ccc(O)cc3[C@@]1(C)CCN2CCc1ccccc1,0,c1ccc(CCN2CCC3CC2Cc2ccccc23)cc1
TOX28852,C[C@H]1[C@H]2Cc3ccc(O)cc3[C@]1(C)CCN2CCc1ccccc1,0,c1ccc(CCN2CCC3CC2Cc2ccccc23)cc1
TOX20736,CO[C@H]1[C@H]([C@@]2(C)O[C@@H]2CC=C(C)C)[C@]2(CC[C@H]1OC(=O)/C=C/C=C/C=C/C=C/C(=O)O)CO2,0,C1CCC2(CO2)C(C2CO2)C1
TOX21141,CO[C@H]1[C@H]([C@]2(C)O[C@@H]2CC=C(C)C)[C@]2(CC[C@H]1OC(=O)NC(=O)CCl)CO2,0,C1CCC2(CO2)C(C2CO2)C1
TOX27709,CC1CCC(=O)C1=O,0,O=C1CCCC1=O
TOX27660,CC1CC(C)C(=O)C1=O,0,O=C1CCCC1=O
TOX26577,CN(C)c1ccc(C(=C2C=CC(=[N+](C)C)C=C2)c2c(O)c(S(=O)(=O)[O-])cc3cc(S(=O)(=O)[O-])ccc23)cc1,0,[N+]=C1C=CC(=C(c2ccccc2)c2cccc3ccccc23)C=C1
TOX18888,CCNc1ccc(C(=C2C=CC(=[N+](CC)CC)C=C2)c2ccc(N(CC)CC)cc2)c2ccccc12,1,[N+]=C1C=CC(=C(c2ccccc2)c2cccc3ccccc23)C=C1
TOX540,O=C(Oc1ccccc1)Oc1ccccc1,0,O=C(Oc1ccccc1)Oc1ccccc1
TOX26405,COc1ccccc1OC(=O)Oc1ccccc1OC,0,O=C(Oc1ccccc1)Oc1ccccc1
TOX28778,Cc1ccc2c(n1)Oc1ccc(C(C)C(=O)OCC(=O)N(C)C)cc1C2,0,c1ccc2c(c1)Cc1cccnc1O2
TOX3497,CC(C(=O)O)c1ccc2c(c1)Cc1cccnc1O2,0,c1ccc2c(c1)Cc1cccnc1O2
TOX25165,CN(C)C(=O)C(CCN1CCC(O)(c2ccc(Cl)cc2)CC1)(c1ccccc1)c1ccccc1,0,c1ccc(C2CCN(CCC(c3ccccc3)c3ccccc3)CC2)cc1
TOX27821,CCOC(=O)C1(c2ccccc2)CCN(CCC(C#N)(c2ccccc2)c2ccccc2)CC1,1,c1ccc(C2CCN(CCC(c3ccccc3)c3ccccc3)CC2)cc1
TOX28847,CCC(=O)OC1(c2ccccc2)CCN(C)CC1,0,c1ccc(C2CCNCC2)cc1
TOX26766,CCC(=O)O[C@]1(c2ccccc2)CCN(C)C[C@H]1C,0,c1ccc(C2CCNCC2)cc1
TOX2974,CC(=O)[C@H]1CC[C@H]2[C@@H]3C=CC4=CC(=O)CC[C@@]4(C)[C@@H]3CC[C@]12C,0,O=C1C=C2C=CC3C4CCCC4CCC3C2CC1
TOX25602,C[C@]12CC[C@H]3[C@@H](C=CC4=CC(=O)CC[C@@]43C)[C@@H]1CC[C@@]2(O)CCC(=O)[O-],0,O=C1C=C2C=CC3C4CCCC4CCC3C2CC1
TOX1774,c1cc2c3c(cccc3c1)CC2,0,c1cc2c3c(cccc3c1)CC2
TOX960,O=[N+]([O-])c1ccc2c3c(cccc13)CC2,1,c1cc2c3c(cccc3c1)CC2
TOX15708,Cc1cc(OCCOCC[N+](C)(C)Cc2ccccc2)ccc1C(C)(C)CC(C)(C)C,1,c1ccc(C[NH2+]CCOCCOc2ccccc2)cc1
TOX3810,CC(C)(C)CC(C)(C)c1ccc(OCCOCC[N+](C)(C)Cc2ccccc2)cc1,1,c1ccc(C[NH2+]CCOCCOc2ccccc2)cc1
TOX26693,COc1ccc(C(=O)NCc2ccc(OCCN(C)C)cc2)cc1OC,0,O=C(NCc1ccccc1)c1ccccc1
TOX27754,COc1cc(C(=O)NCc2ccc(OCCN(C)C)cc2)cc(OC)c1OC,0,O=C(NCc1ccccc1)c1ccccc1
TOX3316,CC1(C)S[C@@H]2[C@H](NC(=O)[C@H](NC(=O)N3CCN(S(C)(=O)=O)C3=O)c3ccccc3)C(=O)N2[C@H]1C(=O)O,0,O=C(NC1C(=O)N2CCSC12)C(NC(=O)N1CCNC1=O)c1ccccc1
TOX25581,CC1(C)S[C@@H]2[C@H](NC(=O)[C@@H](NC(=O)N3CCNC3=O)c3ccccc3)C(=O)N2[C@H]1C(=O)[O-],0,O=C(NC1C(=O)N2CCSC12)C(NC(=O)N1CCNC1=O)c1ccccc1
TOX20363,CC(C)(C)C(O)/C(=C\c1ccc(Cl)cc1Cl)n1cncn1,1,C(=Cn1cncn1)c1ccccc1
TOX25676,Cl/C(=C\n1cncn1)c1ccc(Cl)cc1Cl,0,C(=Cn1cncn1)c1ccccc1
TOX28710,CCOC(=O)Cc1cccc(-c2cc(CCCCCCc3ccc(O[C@H]4O[C@H](COC(C)=O)[C@@H](OC(C)=O)[C@H](OC(C)=O)[C@@H]4OC(C)=O)c(-c4cccc(CC(=O)OCC)c4)c3)ccc2O[C@H]2O[C@H](COC(C)=O)[C@@H](OC(C)=O)[C@H](OC(C)=O)[C@@H]2OC(C)=O)c1,0,c1ccc(-c2cc(CCCCCCc3ccc(OC4CCCCO4)c(-c4ccccc4)c3)ccc2OC2CCCCO2)cc1
TOX28709,O=C(O)Cc1cccc(-c2cc(CCCCCCc3ccc(O[C@H]4O[C@H](CO)[C@@H](O)[C@H](O)[C@@H]4O)c(-c4cccc(CC(=O)O)c4)c3)ccc2O[C@H]2O[C@H](CO)[C@@H](O)[C@H](O)[C@@H]2O)c1,0,c1ccc(-c2cc(CCCCCCc3ccc(OC4CCCCO4)c(-c4ccccc4)c3)ccc2OC2CCCCO2)cc1
TOX21545,O=c1[nH]c2ccc(Cl)cc2o1,0,O=c1[nH]c2ccccc2o1
TOX29280,O=c1[nH]c2ccccc2o1,0,O=c1[nH]c2ccccc2o1
TOX28903,CCC(C)[C@H]1O[C@]2(C=C[C@@H]1C)C[C@@H]1C[C@@H](CC=C(C)[C@@H](O[C@H]3C[C@H](OC)[C@@H](O[C@H]4C[C@H](OC)[C@H](NC(C)=O)[C@H](C)O4)[C@H](C)O3)[C@@H](C)C=CC=C3CO[C@@H]4[C@H](O)C(C)=C[C@@H](C(=O)O1)[C@]34O)O2,1,O=C1OC2CC(CC=CC(OC3CCC(OC4CCCCO4)CO3)CC=CC=C3COC4CC=CC1C34)OC1(C=CCCO1)C2
TOX3892,CC[C@H](C)[C@H]1O[C@]2(C=C[C@@H]1C)C[C@@H]1C[C@@H](CC=C(C)[C@@H](O[C@H]3C[C@H](OC)[C@@H](O[C@H]4C[C@H](OC)[C@@H](O)[C@H](C)O4)[C@H](C)O3)[C@@H](C)C=CC=C3CO[C@@H]4[C@H](O)C(C)=C[C@@H](C(=O)O1)[C@]34O)O2,1,O=C1OC2CC(CC=CC(OC3CCC(OC4CCCCO4)CO3)CC=CC=C3COC4CC=CC1C34)OC1(C=CCCO1)C2
TOX26190,Nc1ncnc(Nc2ccccc2)n1,0,c1ccc(Nc2ncncn2)cc1
TOX28952,Nc1ncnc(Nc2ccc(Cl)cc2)n1,0,c1ccc(Nc2ncncn2)cc1
TOX3897,CC(C)(C)C(=O)C(Oc1ccc(Cl)cc1)n1cncn1,0,c1ccc(OCn2cncn2)cc1
TOX12493,CC(C)(C)C(O)C(Oc1ccc(Cl)cc1)n1cncn1,0,c1ccc(OCn2cncn2)cc1
TOX24900,OCC1CC2CC1C1CCC(CO)C21,0,C1CC2C3CCC(C3)C2C1
TOX9244,C1C[C@H]2[C@@H]3CC[C@H](C3)[C@H]2C1,0,C1CC2C3CCC(C3)C2C1
TOX20739,C[C@H]1O[C@H](O[C@@H]2[C@@H](O)[C@@H](O)[C@H](O)[C@H](O)[C@H]2O)[C@@H](N)C[C@@H]1NC(=N)C(=O)O,0,C1CCC(OC2CCCCO2)CC1
TOX2624,CO[C@H]1[C@@H](O)[C@H](N)[C@@H](O[C@H]2O[C@H]([C@H](C)N)CC[C@H]2N)[C@H](O)[C@@H]1N(C)C(=O)CN,0,C1CCC(OC2CCCCO2)CC1
TOX25952,CC[C@@]1(O)C(=O)OCc2c1cc1n(c2=O)Cc2cc3c(CN(C)C)c(O)ccc3nc2-1,0,O=C1Cc2cc3n(c(=O)c2CO1)Cc1cc2ccccc2nc1-3
TOX26752,CC[C@@]1(O)C(=O)OCc2c1cc1n(c2=O)Cc2cc3c([N+](=O)[O-])cccc3nc2-1,1,O=C1Cc2cc3n(c(=O)c2CO1)Cc1cc2ccccc2nc1-3
TOX820,Cn1cc[nH]c1=S,0,S=c1[nH]cc[nH]1
TOX2736,CCOC(=O)n1ccn(C)c1=S,0,S=c1[nH]cc[nH]1
TOX28757,O=C(O)CCCCCCNC1c2ccccc2CCc2ccccc21,0,c1ccc2c(c1)CCc1ccccc1C2
TOX26551,NC(=O)C1c2ccccc2CCc2ccccc21,0,c1ccc2c(c1)CCc1ccccc1C2
TOX10432,Nc1ncn([C@H]2C[C@H](O)[C@@H](CO)O2)c(=O)n1,0,O=c1ncncn1C1CCCO1
TOX116,Nc1ncn([C@@H]2O[C@H](CO)[C@@H](O)[C@H]2O)c(=O)n1,0,O=c1ncncn1C1CCCO1
TOX7921,CC(COCC(C)OC(=O)c1ccccc1)OC(=O)c1ccccc1,0,O=C(OCCOCCOC(=O)c1ccccc1)c1ccccc1
TOX6967,O=C(OCCOCCOC(=O)c1ccccc1)c1ccccc1,0,O=C(OCCOCCOC(=O)c1ccccc1)c1ccccc1
TOX7175,O=C1CCCc2ccccc21,0,O=C1CCCc2ccccc21
TOX777,CC(C)(C)NC[C@H](O)COc1cccc2c1CCCC2=O,0,O=C1CCCc2ccccc21
TOX28711,O=C(N[C@H]1N=C(c2ccccc2F)c2cccc3c2N(CC3)C1=O)c1cc2ccccc2[nH]1,0,O=C(NC1N=C(c2ccccc2)c2cccc3c2N(CC3)C1=O)c1cc2ccccc2[nH]1
TOX28712,O=C(N[C@@H]1N=C(c2ccccc2F)c2cccc3c2N(CC3)C1=O)c1cc2ccccc2[nH]1,1,O=C(NC1N=C(c2ccccc2)c2cccc3c2N(CC3)C1=O)c1cc2ccccc2[nH]1
TOX25347,CCN(CC)C(C)CN1c2ccccc2Sc2ccccc21,0,c1ccc2c(c1)Nc1ccccc1S2
TOX1126,c1ccc2c(c1)Nc1ccccc1S2,1,c1ccc2c(c1)Nc1ccccc1S2
TOX25749,Nc1cc(Cl)c(NC2=NCCN2)c(Cl)c1,0,c1ccc(NC2=NCCN2)cc1
TOX2571,C=CCN(C1=NCCN1)c1c(Cl)cccc1Cl,0,c1ccc(NC2=NCCN2)cc1
TOX26165,[O-][n+]1cc[n+]([O-])c2ccccc21,0,c1ccc2[nH+]cc[nH+]c2c1
TOX20726,Cc1c(C(=O)NCCO)[n+]([O-])c2ccccc2[n+]1[O-],0,c1ccc2[nH+]cc[nH+]c2c1
TOX20599,CO[C@H]1C[C@@H]2CC[C@@H](C)[C@@](O)(O2)C(=O)C(=O)N2CCCC[C@H]2C(=O)O[C@H]([C@H](C)C[C@@H]2CC[C@@H](OCCO)[C@H](OC)C2)CC(=O)[C@H](C)C=C(C)[C@@H](O)[C@@H](OC)C(=O)[C@H](C)C[C@H](C)C=CC=CC=C1C,1,O=C1CCC=CCC(=O)CC(CCC2CCCCC2)OC(=O)C2CCCCN2C(=O)C(=O)C2CCCC(CCC=CC=CC=CCCC1)O2
TOX3582,CO[C@H]1C[C@@H]2CC[C@@H](C)[C@@](O)(O2)C(=O)C(=O)N2CCCC[C@H]2C(=O)O[C@H]([C@H](C)C[C@@H]2CC[C@@H](O)[C@H](OC)C2)CC(=O)[C@H](C)C=C(C)[C@@H](O)[C@@H](OC)C(=O)[C@H](C)C[C@H](C)C=CC=CC=C1C,1,O=C1CCC=CCC(=O)CC(CCC2CCCCC2)OC(=O)C2CCCCN2C(=O)C(=O)C2CCCC(CCC=CC=CC=CCCC1)O2
TOX26453,Cc1c(C(=O)NN2CCCCC2)nn(-c2ccc(Cl)cc2Cl)c1-c1ccc(Cl)cc1,1,O=C(NN1CCCCC1)c1cc(-c2ccccc2)n(-c2ccccc2)n1
TOX27357,CCc1c(C(=O)NN2CCCCC2)nn(-c2ccc(Cl)cc2Cl)c1-c1ccc(Br)cc1,1,O=C(NN1CCCCC1)c1cc(-c2ccccc2)n(-c2ccccc2)n1
TOX28918,CSCC[C@H](NC(=O)[C@H](Cc1c[nH]c2ccccc12)NC(=O)CCNC(=O)OC(C)(C)C)C(=O)N[C@@H](CC(=O)O)C(=O)N[C@@H](Cc1ccccc1)C(N)=O,0,O=C(CCc1c[nH]c2ccccc12)NCC(=O)NCC(=O)NCCc1ccccc1
TOX28503,CCC(C)(C)OC(=O)N[C@@H](Cc1c[nH]c2ccccc12)C(=O)N[C@@H](CCSC)C(=O)N[C@@H](CC(=O)O)C(=O)N[C@@H](Cc1ccccc1)C(N)=O,0,O=C(CCc1c[nH]c2ccccc12)NCC(=O)NCC(=O)NCCc1ccccc1
TOX27037,CS(=O)(=O)c1ccc(C(=O)C2C(=O)CCCC2=O)c(Cl)c1COCC(F)(F)F,0,O=C1CCCC(=O)C1C(=O)c1ccccc1
TOX12424,CS(=O)(=O)c1ccc(C(=O)C2C(=O)CCCC2=O)c([N+](=O)[O-])c1,1,O=C1CCCC(=O)C1C(=O)c1ccccc1
TOX27032,CC1=CC[C@@]23CC1C(C)(C)[C@@H]2CC[C@H]3C,0,C1=CC2CC3CCCC3(C1)C2
TOX9353,CC(=O)C1=C(C)[C@@H]2C[C@]3(C1)[C@@H](CC[C@H]3C)C2(C)C,0,C1=CC2CC3CCCC3(C1)C2
TOX28864,CCC(=O)N(c1ccccc1)C1CCN(CCc2cccs2)CC1,0,c1ccc(NC2CCN(CCc3cccs3)CC2)cc1
TOX28861,CCC(=O)N(c1ccccc1)C1CCN(C(C)Cc2cccs2)CC1,0,c1ccc(NC2CCN(CCc3cccs3)CC2)cc1
TOX3269,Cc1cc(C)cc(OCC2CNC(=O)O2)c1,0,O=C1NCC(COc2ccccc2)O1
TOX3255,COc1ccccc1OCC1CNC(=O)O1,0,O=C1NCC(COc2ccccc2)O1
TOX22065,ClC1=C(Cl)[C@]2(Cl)[C@H]3[C@H]([C@H]4C=C[C@H]3C4)[C@@]1(Cl)C2(Cl)Cl,1,C1=CC2CC1C1C3C=CC(C3)C21
TOX40,ClC1=C(Cl)[C@]2(Cl)[C@H]3[C@H](C4C=C[C@H]3C4)C1(Cl)C2(Cl)Cl,1,C1=CC2CC1C1C3C=CC(C3)C21
TOX268,O=C(O)C1C(C(=O)O)C2(Cl)C(Cl)=C(Cl)C1(Cl)C2(Cl)Cl,0,C1=CC2CCC1C2
TOX21680,ClC1=C(Cl)C2(Cl)C(CBr)CC1(Cl)C2(Cl)Cl,1,C1=CC2CCC1C2
TOX9233,O=C(c1ccc2c(c1)C(=O)OC2=O)c1ccc2c(c1)C(=O)OC2=O,0,O=C(c1ccc2c(c1)C(=O)OC2=O)c1ccc2c(c1)C(=O)OC2=O
TOX20724,CN1[C@H]2CC[C@@H]1C[C@H](OC(=O)C(CO)c1ccccc1)C2.CN1[C@H]2CC[C@@H]1C[C@H](OC(=O)C(CO)c1ccccc1)C2,0,O=C(Cc1ccccc1)OC1CC2CCC(C1)N2.O=C(Cc1ccccc1)OC1CC2CCC(C1)N2
TOX1195,O=S1(=O)CCCO1,0,O=S1(=O)CCCO1
TOX3679,Clc1ccc2nsnc2c1NC1=NCCN1,0,c1cc(NC2=NCCN2)c2nsnc2c1
TOX27948,OC[C@H]1O[C@H](O[C@H]2O[C@H](CO)[C@@H](O)[C@H](O)[C@H]2O)[C@H](O)[C@@H](O)[C@@H]1O,0,C1CCC(OC2CCCCO2)OC1
TOX25812,COc1ccccc1N1CCN(CCCNc2cc(=O)n(C)c(=O)n2C)CC1,0,O=c1cc(NCCCN2CCN(c3ccccc3)CC2)[nH]c(=O)[nH]1
TOX25422,COc1cc(C)nc(-n2nc(C)cc2OC)n1,0,c1cnc(-n2cccn2)nc1
TOX25183,Cc1ccc(=O)n(-c2ccccc2)c1,0,O=c1ccccn1-c1ccccc1
TOX26876,CCC/C=C/C=C/C(=O)O[C@H]1/C(=C/C(=O)OC)C[C@H]2C[C@H]([C@@H](C)O)OC(=O)C[C@H](O)C[C@@H]3C[C@H](OC(C)=O)C(C)(C)[C@](O)(C[C@@H]4C/C(=C/C(=O)OC)C[C@H](C=CC(C)(C)[C@]1(O)O2)O4)O3,1,C=C1CC2C=CCC3CC(=C)CC(CCOC(=O)CCCC4CCCC(CC(C1)O2)O4)O3
TOX25885,O=c1oc2cc(O)ccc2s1,0,O=c1oc2ccccc2s1
TOX26912,CCOC(=O)[C@H](CCc1ccccc1)N[C@@H](C)C(=O)N1C(=O)N(C)C[C@H]1C(=O)O,0,O=C(CNCCCc1ccccc1)N1CCNC1=O
TOX1223,Cn1cc(C(=O)[C@@H]2CCc3[nH]cnc3C2)c2ccccc21,0,O=C(c1c[nH]c2ccccc12)C1CCc2[nH]cnc2C1
TOX27695,Nc1ccccc1C(=O)Oc1ccc2ccccc2c1,1,O=C(Oc1ccc2ccccc2c1)c1ccccc1
TOX2871,NS(=O)(=O)c1cc2c(cc1Cl)NC(C1CC3C=CC1C3)NS2(=O)=O,0,O=S1(=O)NC(C2CC3C=CC2C3)Nc2ccccc21
TOX28558,COc1cccc(C(=O)CCN[C@@H](C)[C@H](O)c2ccccc2)c1,0,O=C(CCNCCc1ccccc1)c1ccccc1
TOX25943,Clc1ccc(CO/N=C(\Cn2ccnc2)c2ccc(Cl)cc2Cl)c(Cl)c1,0,c1ccc(CON=C(Cn2ccnc2)c2ccccc2)cc1
TOX6573,c1ccc2sc(SSN3CCOCC3)nc2c1,1,c1ccc2sc(SSN3CCOCC3)nc2c1
TOX3478,CC(=O)O[C@H]1C[C@@H]2CC[C@@H]3[C@H](CC[C@@]4(C)[C@H]3C[C@H](N3CC[N+](C)(C)CC3)[C@@H]4OC(C)=O)[C@@]2(C)C[C@@H]1N1CC[N+](C)(C)CC1,0,C1CN(C2CCC3CCC4C5CC(N6CC[NH2+]CC6)CC5CCC4C3C2)CC[NH2+]1
TOX29805,O=C(C=Cc1ccc(O)c(O)c1)O[C@@H]1C[C@@](OC(=O)C=Cc2ccc(O)c(O)c2)(C(=O)O)C[C@@H](O)[C@@H]1O,0,O=C(C=Cc1ccccc1)OC1CCCC(OC(=O)C=Cc2ccccc2)C1
TOX6515,O=C1OC(=O)C2CCCCC12,0,O=C1OC(=O)C2CCCCC12
TOX13757,CC(=O)Oc1ccccc1C(=O)Nc1ncc([N+](=O)[O-])s1,1,O=C(Nc1nccs1)c1ccccc1
TOX25153,Cc1nc2c([nH]1)c(=O)n(C)c(=O)n2Cc1ccco1,0,O=c1[nH]c(=O)n(Cc2ccco2)c2nc[nH]c12
TOX29371,C1CS1,0,C1CS1
TOX3735,CCCCC(=O)N(Cc1ccc(-c2ccccc2-c2nnn[nH]2)cc1)[C@@H](C(=O)O)C(C)C,0,c1ccc(-c2ccccc2-c2nnn[nH]2)cc1
TOX28897,CS(=O)(=O)Nc1cc2occ(NC=O)c(=O)c2cc1Oc1ccccc1,0,O=c1ccoc2ccc(Oc3ccccc3)cc12
TOX25182,Cc1nc2ccccn2c(=O)c1CCN1CCC(C(=O)c2ccc(F)cc2)CC1,0,O=C(c1ccccc1)C1CCN(CCc2cnc3ccccn3c2=O)CC1
TOX7345,c1ccc(B(c2ccccc2)c2ccccc2)cc1,1,c1ccc(B(c2ccccc2)c2ccccc2)cc1
TOX3353,C[C@]12CC[C@@H]3[C@H]4CCC(=O)C=C4CC[C@H]3[C@@H]1CC[C@@H]2OC(=O)CCc1ccccc1,0,O=C1C=C2CCC3C(CCC4C(OC(=O)CCc5ccccc5)CCC43)C2CC1
TOX21210,CC1=CCC(C(C)C)=CC1,0,C1=CCC=CC1
TOX10787,Cc1ccnc2c1NC(=O)c1cccnc1N2C1CC1,0,O=C1Nc2cccnc2N(C2CC2)c2ncccc21
TOX26810,Cc1ccc2nc(N)[nH]c(=O)c2c1Sc1ccncc1,0,O=c1[nH]cnc2cccc(Sc3ccncc3)c12
TOX27315,CCc1cc(SCc2sc(-c3ccc(C(F)(F)F)cc3)nc2CN2CCN(c3ccc(OC)cc3)CC2)ccc1OCC(=O)O,1,c1ccc(SCc2sc(-c3ccccc3)nc2CN2CCN(c3ccccc3)CC2)cc1
TOX20464,CC(=O)O[C@@]12CO[C@@H]1C[C@H](O)[C@@]1(C)C(=O)[C@H](O)C3=C(C)[C@@H](OC(=O)[C@H](O)[C@@H](NC(=O)OC(C)(C)C)c4ccccc4)C[C@@](O)([C@@H](OC(=O)c4ccccc4)[C@@H]12)C3(C)C,1,O=C(CCc1ccccc1)OC1C=C2CC(=O)C3CCC4OCC4C3C(OC(=O)c3ccccc3)C(C2)C1
TOX24633,CC1Cc2ccccc2N1NC(=O)c1ccc(Cl)c(S(N)(=O)=O)c1,0,O=C(NN1CCc2ccccc21)c1ccccc1
TOX27779,COc1ccc2c3c1O[C@H]1C(=O)CC[C@H]4[C@@H](C2)N(C)CC[C@]314.COc1ccc2c3c1O[C@H]1C(=O)CC[C@H]4[C@@H](C2)N(C)CC[C@]314,0,O=C1CCC2C3Cc4cccc5c4C2(CCN3)C1O5.O=C1CCC2C3Cc4cccc5c4C2(CCN3)C1O5
TOX28595,Cc1ccccc1N1CCN(CCc2nnc3n2CCCC3)CC1,0,c1ccc(N2CCN(CCc3nnc4n3CCCC4)CC2)cc1
TOX223,CC1CC(=O)O1,0,O=C1CCO1
TOX14930,CCOP(=O)(SC(C)CC)N1CCSC1=O,0,O=C1NCCS1
TOX28870,Cn1cnc2c(F)c(Nc3ccc(Br)cc3Cl)c(C(=O)NOCCO)cc21,0,c1ccc(Nc2ccc3[nH]cnc3c2)cc1
TOX25848,C[n+]1c2cc(N)ccc2cc2ccc(N)cc21.Nc1ccc2cc3ccc(N)cc3nc2c1,1,c1ccc2[nH+]c3ccccc3cc2c1.c1ccc2nc3ccccc3cc2c1
TOX22360,O=C(NCc1cccnc1)Nc1ccc([N+](=O)[O-])cc1,1,O=C(NCc1cccnc1)Nc1ccccc1
TOX378,CC(=O)OCC(=O)[C@@]12N=C(C)O[C@@H]1C[C@H]1[C@@H]3CCC4=CC(=O)C=C[C@]4(C)[C@H]3[C@@H](O)C[C@@]12C,0,O=C1C=CC2C(=C1)CCC1C2CCC2C1CC1OC=NC12
TOX28867,c1cnc2cc3c(cc2n1)C1CNCC3C1,0,c1cnc2cc3c(cc2n1)C1CNCC3C1
TOX27176,C1=CCC(c2ccccc2)CC1,0,C1=CCC(c2ccccc2)CC1
TOX26476,O=C([O-])c1ccc(NC(=O)[C@H](Cc2ccc(O)cc2)NC(=O)c2ccccc2)cc1,0,O=C(NC(Cc1ccccc1)C(=O)Nc1ccccc1)c1ccccc1
TOX26778,C[C@]12O[C@H](C[C@]1(O)CO)n1c3ccccc3c3c4c(c5c6ccccc6n2c5c31)CNC4=O,1,O=C1NCc2c1c1c3ccccc3n3c1c1c2c2ccccc2n1C1CCC3O1
TOX3345,Oc1ccc2c3c1O[C@H]1[C@@H](O)CC[C@@]4(O)[C@@H](C2)N(CC2CCC2)CC[C@]314,0,c1cc2c3c(c1)OC1CCCC4C(C2)N(CC2CCC2)CCC314
TOX25686,COc1cc(N)c(Cl)cc1C(=O)NC1CN2CCC1CC2,0,O=C(NC1CN2CCC1CC2)c1ccccc1
TOX27337,CCOc1cccc(-n2cc(C(=O)N3CCN(c4cc(C(=O)[O-])c5ccccc5c4)CC3)nc2-c2ccc(C)cc2)c1,1,O=C(c1cn(-c2ccccc2)c(-c2ccccc2)n1)N1CCN(c2ccc3ccccc3c2)CC1
TOX1631,Cc1cc(N)no1,0,c1cnoc1
TOX9869,CC(C)(Oc1ccc(CCNC(=O)c2ccc(Cl)cc2)cc1)C(=O)O,0,O=C(NCCc1ccccc1)c1ccccc1
TOX25631,c1ccc(-c2ccc(C(c3ccccc3)n3ccnc3)cc2)cc1,0,c1ccc(-c2ccc(C(c3ccccc3)n3ccnc3)cc2)cc1
TOX27687,O=C1O[C@H]([C@@H](O)CO)C([O-])=C1O.O=C1O[C@H]([C@@H](O)CO)C([O-])=C1O,0,O=C1C=CCO1.O=C1C=CCO1
TOX24112,COC(=O)Nc1nc2cc(S(=O)c3ccccc3)ccc2[nH]1,0,O=S(c1ccccc1)c1ccc2[nH]cnc2c1
TOX818,CN(C)CCN(Cc1cccs1)c1ccccn1,0,c1ccc(NCc2cccs2)nc1
TOX11380,O=C1NC2NC(=O)NC2N1,0,O=C1NC2NC(=O)NC2N1
TOX28925,CN(C(=O)C(Cl)Cl)c1ccc(OC(=O)c2ccco2)cc1,0,O=C(Oc1ccccc1)c1ccco1
TOX26457,Cc1ccc(-c2ncc(Cl)cc2-c2ccc(S(C)(=O)=O)cc2)cn1,0,c1ccc(-c2cccnc2-c2cccnc2)cc1
TOX7826,O=C(CC(C(=O)OC1CCCCC1)S(=O)(=O)[O-])OC1CCCCC1,0,O=C(CCC(=O)OC1CCCCC1)OC1CCCCC1
TOX27029,FC1(F)C(F)(F)C(F)(F)C2(F)C(F)(C1(F)F)C(F)(F)C(F)(F)C1(F)C(F)(F)C(F)(F)C(F)(F)C(F)(F)C12F,0,C1CCC2C(C1)CCC1CCCCC12
TOX25900,CNc1ccc(C(=O)CC(O)CCC(C)C2OC(=O)CC(O)CC(=O)CC(O)CC(O)CC(O)CC(O)CC3(O)CC(O)C(C(=O)OC)C(CC(O[C@@H]4O[C@H](C)[C@@H](O)[C@H](N)[C@@H]4O)C=CC=CC=CC=CC=CC=CC=CC2C)O3)cc1,1,O=C1CCCCCCCCCC2CCCC(CC(OC3CCCCO3)C=CC=CC=CC=CC=CC=CC=CCC(CCCCCC(=O)c3ccccc3)OC(=O)CCC1)O2
TOX26101,Cc1cc(O)c2c3c4c(cc(O)c13)C(C)(C)C(=O)c1c(O)cc(O)c(c1-4)C2=O,1,O=C1Cc2ccc3cccc4c3c2-c2c1cccc2C4=O
TOX28683,O=C(Cn1c(=O)sc2ccc(Cl)cc21)N1CCN(CCO)CC1,0,O=C(Cn1c(=O)sc2ccccc21)N1CCNCC1
TOX25267,COc1c2occc2c(OC)c2c(=O)cc(C)oc12,0,O=c1ccoc2cc3occc3cc12
TOX3743,CN(CCO)CC(O)Cn1cnc2c1c(=O)n(C)c(=O)n2C.O=C(O)c1cccnc1,0,O=c1[nH]c(=O)c2[nH]cnc2[nH]1.c1ccncc1
TOX27368,COc1cc(C(C)C)c2c(c1)S(=O)(=O)N(COc1cc(=O)n3cccc(OCCN4CCCCC4)c3n1)C2=O,0,O=C1c2ccccc2S(=O)(=O)N1COc1cc(=O)n2cccc(OCCN3CCCCC3)c2n1
TOX11800,COC(=O)Nc1nc2cc(C(=O)c3cccs3)ccc2[nH]1,1,O=C(c1ccc2[nH]cnc2c1)c1cccs1
TOX26120,O=C(CCCN1CCC(C(=O)c2ccc(F)cc2)CC1)c1ccc(F)cc1,0,O=C(CCCN1CCC(C(=O)c2ccccc2)CC1)c1ccccc1
TOX28724,CCCCCCCCCCCCCCCCCCNC(=O)OC1CCN(C(=O)OC[C@H](COC(=O)N(Cc2cccc[n+]2CC)C(=O)c2ccccc2OC)OC)CC1,0,O=C(OCCCOC(=O)N(Cc1cccc[nH+]1)C(=O)c1ccccc1)N1CCCCC1
TOX3281,CC(=O)N=c1sc(S(N)(=O)=O)nn1C,0,N=c1[nH]ncs1
TOX410,c1ccc2c(c1)Oc1ccccc1O2,0,c1ccc2c(c1)Oc1ccccc1O2
TOX26227,O=C(Nc1ccc(Oc2ccc(Cl)cc2)c(Cl)c1)c1cc(I)cc(I)c1O,1,O=C(Nc1ccc(Oc2ccccc2)cc1)c1ccccc1
TOX4786,O=C(C=Cc1ccc(O)c(O)c1)O[C@@H]1C[C@](O)(C(=O)O)C[C@@H](O)[C@H]1O,0,O=C(C=Cc1ccccc1)OC1CCCCC1
TOX24585,O=C1CN(N=Cc2ccc(-c3ccc([N+](=O)[O-])cc3)o2)C(=O)[N-]1,1,O=C1CN(N=Cc2ccc(-c3ccccc3)o2)C(=O)[N-]1
TOX29358,CN1[C@H]2CC[C@@H]1C[C@H](O)C2,0,C1CC2CCC(C1)N2
TOX28713,CCc1cc(S(=O)(=O)[O-])c2cc(C(C)C)cccc1-2,0,c1ccc2cccc-2cc1
TOX26280,O=C(COc1ccc(Cl)cc1)OCCNC12CC3CC(CC(C3)C1)C2,0,O=C(COc1ccccc1)OCCNC12CC3CC(CC(C3)C1)C2
TOX27703,O=C1CCCCCCCCCCOCCCCO1,0,O=C1CCCCCCCCCCOCCCCO1
TOX28774,CC(=O)O[C@@H]1C(=O)O[C@H]2[C@@H](OC(C)=O)C(=O)O[C@@H]12,0,O=C1CC2OC(=O)CC2O1
TOX28580,COC(=O)C1=C(C)NC(C)=C(C(=O)O[C@H]2CCN(Cc3ccccc3)C2)[C@H]1c1cccc([N+](=O)[O-])c1,1,O=C(OC1CCN(Cc2ccccc2)C1)C1=CNC=CC1c1ccccc1
TOX24670,Clc1cccc(Cl)c1N=C1NCCN1,0,c1ccc(N=C2NCCN2)cc1
TOX2121,O=P(c1ccccc1)(c1ccccc1)c1ccccc1,0,O=P(c1ccccc1)(c1ccccc1)c1ccccc1
TOX3951,CC1=C(C(=O)Nc2ccccc2)SCCO1,0,O=C(Nc1ccccc1)C1=COCCS1
TOX25878,O=C(O)c1cc(=O)c2ccccc2o1,0,O=c1ccoc2ccccc12
TOX26189,CC(CNC(=O)c1cccnc1)NC(=O)c1cccnc1,0,O=C(NCCNC(=O)c1cccnc1)c1cccnc1
TOX25513,CC(=O)SC[C@@H](Cc1ccccc1)C(=O)NCC(=O)OCc1ccccc1,0,O=C(CCc1ccccc1)NCC(=O)OCc1ccccc1
TOX1460,C[C@H]1CCCC(=O)CCCC=Cc2cc(O)cc(O)c2C(=O)O1,1,O=C1CCCC=Cc2ccccc2C(=O)OCCCC1
TOX26122,O=C(O)CCC/C=C\C[C@H]1[C@@H](O)C[C@@H](O)[C@@H]1/C=C/[C@@H](O)COc1cccc(C(F)(F)F)c1,0,C(=CC1CCCC1)CCOc1ccccc1
TOX26247,C/C(=N\Cc1ccccc1)c1ccccc1O,0,C(=NCc1ccccc1)c1ccccc1
TOX27539,O=C(OCCCCCCOC(=O)c1ccccc1)c1ccccc1,0,O=C(OCCCCCCOC(=O)c1ccccc1)c1ccccc1
TOX20502,Cc1ccc(NC(=O)c2ccc(CN3CCN(C)CC3)cc2)cc1Nc1nccc(-c2cccnc2)n1,1,O=C(Nc1cccc(Nc2nccc(-c3cccnc3)n2)c1)c1ccc(CN2CCNCC2)cc1
TOX25201,NC1CCN(c2cccc(Cl)n2)CC1,0,c1ccc(N2CCCCC2)nc1
TOX27459,O=C1[N-]S(=O)(=O)c2ccccc21.O=C1[N-]S(=O)(=O)c2ccccc21,0,O=C1[N-]S(=O)(=O)c2ccccc21.O=C1[N-]S(=O)(=O)c2ccccc21
TOX6252,c1ccc(OP(Oc2ccccc2)Oc2ccccc2)cc1,0,c1ccc(OP(Oc2ccccc2)Oc2ccccc2)cc1
TOX26740,O=C1OC(OC(=O)c2cccnc2Nc2cccc(C(F)(F)F)c2)c2ccccc21,1,O=C1OC(OC(=O)c2cccnc2Nc2ccccc2)c2ccccc21
TOX2674,CC(C)NCC(O)COc1ccc(CCOCC2CC2)cc1,0,c1ccc(CCOCC2CC2)cc1
TOX27319,CC(=O)c1ccc2c(c1)[C@H](NC(=O)c1ccc(F)cc1)[C@@H](O)C(C)(C)O2,0,O=C(NC1CCOc2ccccc21)c1ccccc1
TOX6314,[O-][n+]1ccccc1S[Zn]Sc1cccc[n+]1[O-],1,c1ccc([S][Zn][S]c2cccc[nH+]2)[nH+]c1
TOX26166,N=C(N)NCC1COc2ccccc2O1,0,c1ccc2c(c1)OCCO2
TOX26660,Nc1nc(=O)c2c(CCc3ccc(C(=O)N[C@@H](CCC(=O)[O-])C(=O)[O-])cc3)c[nH]c2[nH]1,0,O=c1nc[nH]c2[nH]cc(CCc3ccccc3)c12
TOX28679,C[N+](C)(CCCCCC[N+](C)(C)C1c2ccccc2-c2ccccc21)C1c2ccccc2-c2ccccc21,0,c1ccc2c(c1)-c1ccccc1C2[NH2+]CCCCCC[NH2+]C1c2ccccc2-c2ccccc21
TOX26914,CCOC(=O)[C@H](CCc1ccccc1)N[C@H]1CS[C@H](c2cccs2)CN(CC(=O)O)C1=O,0,O=C1NCC(c2cccs2)SCC1NCCCc1ccccc1
TOX29388,O=c1[nH][nH]c2ccccc12,0,O=c1[nH][nH]c2ccccc12
TOX27374,COc1ccc(C(=O)Nc2nc3ccccc3c(NCc3ccccc3)c2C#N)cc1,1,O=C(Nc1cc(NCc2ccccc2)c2ccccc2n1)c1ccccc1
TOX12655,CC1(C)CCC(=Cc2ccc(Cl)cc2)C1(O)Cn1cncn1,0,C(=C1CCCC1Cn1cncn1)c1ccccc1
TOX13332,O=C(/C=C/c1ccc(O)c(O)c1)O[C@@H](C(=O)O)[C@@H](OC(=O)/C=C/c1ccc(O)c(O)c1)C(=O)O,0,O=C(C=Cc1ccccc1)OCCOC(=O)C=Cc1ccccc1
TOX28494,CS(=O)(=O)c1ccc([C@@H](C[C@H]2CCC(=O)C2)C(=O)Nc2cnccn2)cc1Cl,0,O=C1CCC(CC(C(=O)Nc2cnccn2)c2ccccc2)C1
TOX14518,CCOC(=O)Nc1cccc(OC(=O)Nc2ccccc2)c1,1,O=C(Nc1ccccc1)Oc1ccccc1
TOX27678,c1cnc2c(n1)CCCC2,0,c1cnc2c(n1)CCCC2
TOX4937,c1ccc2c(c1)Oc1ccccc1S2,1,c1ccc2c(c1)Oc1ccccc1S2
TOX25205,O=C(CCCN1CCC2(CC1)C(=O)NCN2c1ccccc1)c1ccc(F)cc1,1,O=C(CCCN1CCC2(CC1)C(=O)NCN2c1ccccc1)c1ccccc1
TOX1217,CCc1nc(N)nc(N)c1-c1ccc(Cl)cc1,0,c1ccc(-c2cncnc2)cc1
TOX25435,CC(C)c1c(CN(C)C(C)Cc2ccccc2)n(C)n(-c2ccccc2)c1=O,0,O=c1cc(CNCCc2ccccc2)[nH]n1-c1ccccc1
TOX27675,CC1CCCC(=O)C1=O,0,O=C1CCCCC1=O
TOX27663,c1coc(Cn2cccc2)c1,0,c1coc(Cn2cccc2)c1
TOX4608,O=C(OCC(COC(=O)c1ccccc1)(COC(=O)c1ccccc1)COC(=O)c1ccccc1)c1ccccc1,1,O=C(OCC(COC(=O)c1ccccc1)(COC(=O)c1ccccc1)COC(=O)c1ccccc1)c1ccccc1
TOX28721,CC(C(=O)O)c1ccc(/C=C2\CCCCC2=O)cc1,0,O=C1CCCCC1=Cc1ccccc1
TOX12005,CC1=C(/C=C/C(C)=C/C=C\C(C)=C\C(=O)Nc2ccc(O)cc2)C(C)(C)CCC1,1,O=C(C=CC=CC=CC=CC1=CCCCC1)Nc1ccccc1
TOX3037,C=C1C[C@@H]2[C@H](CC[C@]3(C)C(=O)CC[C@@H]23)[C@@]2(C)C=CC(=O)C=C12,0,C=C1CC2C(CCC3C(=O)CCC32)C2C=CC(=O)C=C12
TOX27781,CC1(C)S[C@@H]2[C@H](NC(=O)Cc3ccccc3)C(=O)N2[C@H]1C(=O)O.CC1(C)S[C@@H]2[C@H](NC(=O)Cc3ccccc3)C(=O)N2[C@H]1C(=O)O.c1ccc(CNCCNCc2ccccc2)cc1,0,O=C(Cc1ccccc1)NC1C(=O)N2CCSC12.O=C(Cc1ccccc1)NC1C(=O)N2CCSC12.c1ccc(CNCCNCc2ccccc2)cc1
TOX17186,COc1cc(NS(C)(=O)=O)ccc1Nc1c2ccccc2nc2ccccc12,1,c1ccc(Nc2c3ccccc3nc3ccccc23)cc1
TOX28979,CC1(C)N=C(N)N=C(N)N1c1ccc(Cl)cc1,0,C1=NC=NCN1c1ccccc1
TOX745,Cn1c(N)nc2c3cccnc3ccc21,0,c1cnc2ccc3[nH]cnc3c2c1
TOX28648,O=C(OCC1(COC(=O)c2cccnc2)CCCC(COC(=O)c2cccnc2)(COC(=O)c2cccnc2)C1O)c1cccnc1,0,O=C(OCC1(COC(=O)c2cccnc2)CCCC(COC(=O)c2cccnc2)(COC(=O)c2cccnc2)C1)c1cccnc1
TOX625,CC(C)(C)NC(=O)[C@H]1CC[C@H]2[C@@H]3CC[C@H]4NC(=O)C=C[C@]4(C)[C@H]3CC[C@]12C,0,O=C1C=CC2C(CCC3C4CCCC4CCC23)N1
TOX25372,CCN(CCCCOC(=O)c1ccc(OC)c(OC)c1)C(C)Cc1ccc(OC)cc1,0,O=C(OCCCCNCCc1ccccc1)c1ccccc1
TOX7721,CC(C)(c1ccccc1)c1ccc(Nc2ccc(C(C)(C)c3ccccc3)cc2)cc1,1,c1ccc(Cc2ccc(Nc3ccc(Cc4ccccc4)cc3)cc2)cc1
TOX26665,COC(=O)C1=C(C)NC(C)=C(C(=O)OC(C)(C)CN(C)CCC(c2ccccc2)c2ccccc2)C1c1cccc([N+](=O)[O-])c1,1,O=C(OCCNCCC(c1ccccc1)c1ccccc1)C1=CNC=CC1c1ccccc1
TOX5903,O=c1[nH]ncc2ccccc12,0,O=c1[nH]ncc2ccccc12
TOX26576,CCN1C(=CC=Cc2ccc3ccccc3[n+]2CC)C=Cc2ccccc21,1,C(=Cc1ccc2ccccc2[nH+]1)C=C1C=Cc2ccccc2N1
TOX29287,O=C1Nc2ccc([N+](=O)[O-])cc2C1=O,1,O=C1Nc2ccccc2C1=O
